"tti_data_group","cgm_time","time_from_meal","cgm_blood_glucose","tti_group"
44881,"2022-11-16 19:47:00",0,4.152,1
44881,"2022-11-16 19:48:00",1,4.165,1
44881,"2022-11-16 19:49:00",2,4.178,1
44881,"2022-11-16 19:50:00",3,4.191,1
44881,"2022-11-16 19:51:00",4,4.204,1
44881,"2022-11-16 19:52:00",5,4.217,1
44881,"2022-11-16 19:53:00",6,4.230,1
44881,"2022-11-16 19:54:00",7,4.243,1
44881,"2022-11-16 19:55:00",8,4.256,1
44881,"2022-11-16 19:56:00",9,4.269,1
44881,"2022-11-16 19:57:00",10,4.282,1
44881,"2022-11-16 19:58:00",11,4.300,1
44881,"2022-11-16 19:59:00",12,4.447,1
44881,"2022-11-16 20:00:00",13,4.594,1
44881,"2022-11-16 20:01:00",14,4.741,1
44881,"2022-11-16 20:02:00",15,4.888,1
44881,"2022-11-16 20:03:00",16,5.035,1
44881,"2022-11-16 20:04:00",17,5.182,1
44881,"2022-11-16 20:05:00",18,5.329,1
44881,"2022-11-16 20:06:00",19,5.476,1
44881,"2022-11-16 20:07:00",20,5.623,1
44881,"2022-11-16 20:08:00",21,5.770,1
44881,"2022-11-16 20:09:00",22,5.917,1
44881,"2022-11-16 20:10:00",23,6.064,1
44881,"2022-11-16 20:11:00",24,6.211,1
44881,"2022-11-16 20:12:00",25,6.358,1
44881,"2022-11-16 20:13:00",26,6.500,1
44881,"2022-11-16 20:14:00",27,6.653,1
44881,"2022-11-16 20:15:00",28,6.806,1
44881,"2022-11-16 20:16:00",29,6.959,1
44881,"2022-11-16 20:17:00",30,7.112,1
44881,"2022-11-16 20:18:00",31,7.265,1
44881,"2022-11-16 20:19:00",32,7.418,1
44881,"2022-11-16 20:20:00",33,7.571,1
44881,"2022-11-16 20:21:00",34,7.724,1
44881,"2022-11-16 20:22:00",35,7.877,1
44881,"2022-11-16 20:23:00",36,8.030,1
44881,"2022-11-16 20:24:00",37,8.183,1
44881,"2022-11-16 20:25:00",38,8.336,1
44881,"2022-11-16 20:26:00",39,8.489,1
44881,"2022-11-16 20:27:00",40,8.642,1
44881,"2022-11-16 20:28:00",41,8.800,1
44881,"2022-11-16 20:29:00",42,8.931,1
44881,"2022-11-16 20:30:00",43,9.062,1
44881,"2022-11-16 20:31:00",44,9.193,1
44881,"2022-11-16 20:32:00",45,9.324,1
44881,"2022-11-16 20:33:00",46,9.455,1
44881,"2022-11-16 20:34:00",47,9.586,1
44881,"2022-11-16 20:35:00",48,9.717,1
44881,"2022-11-16 20:36:00",49,9.848,1
44881,"2022-11-16 20:37:00",50,9.979,1
44881,"2022-11-16 20:38:00",51,10.110,1
44881,"2022-11-16 20:39:00",52,10.241,1
44881,"2022-11-16 20:40:00",53,10.372,1
44881,"2022-11-16 20:41:00",54,10.503,1
44881,"2022-11-16 20:42:00",55,10.634,1
44881,"2022-11-16 20:43:00",56,10.765,1
44881,"2022-11-16 20:44:00",57,10.900,1
44881,"2022-11-16 20:45:00",58,10.987,1
44881,"2022-11-16 20:46:00",59,11.074,1
44881,"2022-11-16 20:47:00",60,11.161,1
44881,"2022-11-16 20:48:00",61,11.248,1
44881,"2022-11-16 20:49:00",62,11.335,1
44881,"2022-11-16 20:50:00",63,11.422,1
44881,"2022-11-16 20:51:00",64,11.509,1
44881,"2022-11-16 20:52:00",65,11.596,1
44881,"2022-11-16 20:53:00",66,11.683,1
44881,"2022-11-16 20:54:00",67,11.770,1
44881,"2022-11-16 20:55:00",68,11.857,1
44881,"2022-11-16 20:56:00",69,11.944,1
44881,"2022-11-16 20:57:00",70,12.031,1
44881,"2022-11-16 20:58:00",71,12.118,1
44881,"2022-11-16 20:59:00",72,12.200,1
44881,"2022-11-16 21:00:00",73,12.300,1
44881,"2022-11-16 21:01:00",74,12.400,1
44881,"2022-11-16 21:02:00",75,12.500,1
44881,"2022-11-16 21:03:00",76,12.600,1
44881,"2022-11-16 21:04:00",77,12.700,1
44881,"2022-11-16 21:05:00",78,12.800,1
44881,"2022-11-16 21:06:00",79,12.900,1
44881,"2022-11-16 21:07:00",80,13.000,1
44881,"2022-11-16 21:08:00",81,13.100,1
44881,"2022-11-16 21:09:00",82,13.200,1
44881,"2022-11-16 21:10:00",83,13.300,1
44881,"2022-11-16 21:11:00",84,13.400,1
44881,"2022-11-16 21:12:00",85,13.500,1
44881,"2022-11-16 21:13:00",86,13.600,1
44881,"2022-11-16 21:14:00",87,13.700,1
44881,"2022-11-16 21:15:00",88,13.759,1
44881,"2022-11-16 21:16:00",89,13.818,1
44881,"2022-11-16 21:17:00",90,13.877,1
44881,"2022-11-16 21:18:00",91,13.936,1
44881,"2022-11-16 21:19:00",92,13.995,1
44881,"2022-11-16 21:20:00",93,14.054,1
44881,"2022-11-16 21:21:00",94,14.113,1
44881,"2022-11-16 21:22:00",95,14.172,1
44881,"2022-11-16 21:23:00",96,14.231,1
44881,"2022-11-16 21:24:00",97,14.290,1
44881,"2022-11-16 21:25:00",98,14.349,1
44881,"2022-11-16 21:26:00",99,14.408,1
44881,"2022-11-16 21:27:00",100,14.467,1
44881,"2022-11-16 21:28:00",101,14.526,1
44881,"2022-11-16 21:29:00",102,14.585,1
44881,"2022-11-16 21:30:00",103,14.644,1
44881,"2022-11-16 21:31:00",104,14.700,1
44881,"2022-11-16 21:32:00",105,14.687,1
44881,"2022-11-16 21:33:00",106,14.674,1
44881,"2022-11-16 21:34:00",107,14.661,1
44881,"2022-11-16 21:35:00",108,14.648,1
44881,"2022-11-16 21:36:00",109,14.635,1
44881,"2022-11-16 21:37:00",110,14.622,1
44881,"2022-11-16 21:38:00",111,14.609,1
44881,"2022-11-16 21:39:00",112,14.596,1
44881,"2022-11-16 21:40:00",113,14.583,1
44881,"2022-11-16 21:41:00",114,14.570,1
44881,"2022-11-16 21:42:00",115,14.557,1
44881,"2022-11-16 21:43:00",116,14.544,1
44881,"2022-11-16 21:44:00",117,14.531,1
44881,"2022-11-16 21:45:00",118,14.518,1
44881,"2022-11-16 21:46:00",119,14.500,1
44881,"2022-11-16 21:47:00",120,14.500,1
44881,"2022-11-16 21:48:00",121,14.500,1
44881,"2022-11-16 21:49:00",122,14.500,1
44881,"2022-11-16 21:50:00",123,14.500,1
44881,"2022-11-16 21:51:00",124,14.500,1
44881,"2022-11-16 21:52:00",125,14.500,1
44881,"2022-11-16 21:53:00",126,14.500,1
44881,"2022-11-16 21:54:00",127,14.500,1
44881,"2022-11-16 21:55:00",128,14.500,1
44881,"2022-11-16 21:56:00",129,14.500,1
44881,"2022-11-16 21:57:00",130,14.500,1
44881,"2022-11-16 21:58:00",131,14.500,1
44881,"2022-11-16 21:59:00",132,14.500,1
44881,"2022-11-16 22:00:00",133,14.500,1
44881,"2022-11-16 22:01:00",134,14.500,1
44881,"2022-11-16 22:02:00",135,14.480,1
44881,"2022-11-16 22:03:00",136,14.460,1
44881,"2022-11-16 22:04:00",137,14.440,1
44881,"2022-11-16 22:05:00",138,14.420,1
44881,"2022-11-16 22:06:00",139,14.400,1
44881,"2022-11-16 22:07:00",140,14.380,1
44881,"2022-11-16 22:08:00",141,14.360,1
44881,"2022-11-16 22:09:00",142,14.340,1
44881,"2022-11-16 22:10:00",143,14.320,1
44881,"2022-11-16 22:11:00",144,14.300,1
44881,"2022-11-16 22:12:00",145,14.280,1
44881,"2022-11-16 22:13:00",146,14.260,1
44881,"2022-11-16 22:14:00",147,14.240,1
44881,"2022-11-16 22:15:00",148,14.220,1
44881,"2022-11-16 22:16:00",149,14.200,1
44881,"2022-11-16 22:17:00",150,14.193,1
44881,"2022-11-16 22:18:00",151,14.186,1
44881,"2022-11-16 22:19:00",152,14.179,1
44881,"2022-11-16 22:20:00",153,14.172,1
44881,"2022-11-16 22:21:00",154,14.165,1
44881,"2022-11-16 22:22:00",155,14.158,1
44881,"2022-11-16 22:23:00",156,14.151,1
44881,"2022-11-16 22:24:00",157,14.144,1
44881,"2022-11-16 22:25:00",158,14.137,1
44881,"2022-11-16 22:26:00",159,14.130,1
44881,"2022-11-16 22:27:00",160,14.123,1
44881,"2022-11-16 22:28:00",161,14.116,1
44881,"2022-11-16 22:29:00",162,14.109,1
44881,"2022-11-16 22:30:00",163,14.102,1
44881,"2022-11-16 22:31:00",164,14.100,1
44881,"2022-11-16 22:32:00",165,14.147,1
44881,"2022-11-16 22:33:00",166,14.194,1
44881,"2022-11-16 22:34:00",167,14.241,1
44881,"2022-11-16 22:35:00",168,14.288,1
44881,"2022-11-16 22:36:00",169,14.335,1
44881,"2022-11-16 22:37:00",170,14.382,1
44881,"2022-11-16 22:38:00",171,14.429,1
44881,"2022-11-16 22:39:00",172,14.476,1
44881,"2022-11-16 22:40:00",173,14.523,1
44881,"2022-11-16 22:41:00",174,14.570,1
44881,"2022-11-16 22:42:00",175,14.617,1
44881,"2022-11-16 22:43:00",176,14.664,1
44881,"2022-11-16 22:44:00",177,14.711,1
44881,"2022-11-16 22:45:00",178,14.758,1
44881,"2022-11-16 22:46:00",179,14.800,1
44881,"2022-11-16 22:47:00",180,14.813,1
44881,"2022-11-16 22:48:00",181,14.826,1
44881,"2022-11-16 22:49:00",182,14.839,1
44881,"2022-11-16 22:50:00",183,14.852,1
44881,"2022-11-16 22:51:00",184,14.865,1
44881,"2022-11-16 22:52:00",185,14.878,1
44881,"2022-11-16 22:53:00",186,14.891,1
44881,"2022-11-16 22:54:00",187,14.904,1
44881,"2022-11-16 22:55:00",188,14.917,1
44881,"2022-11-16 22:56:00",189,14.930,1
44881,"2022-11-16 22:57:00",190,14.943,1
44881,"2022-11-16 22:58:00",191,14.956,1
44881,"2022-11-16 22:59:00",192,14.969,1
44881,"2022-11-16 23:00:00",193,14.982,1
44881,"2022-11-16 23:01:00",194,15.000,1
44881,"2022-11-16 23:02:00",195,14.947,1
44881,"2022-11-16 23:03:00",196,14.894,1
44881,"2022-11-16 23:04:00",197,14.841,1
44881,"2022-11-16 23:05:00",198,14.788,1
44881,"2022-11-16 23:06:00",199,14.735,1
44881,"2022-11-16 23:07:00",200,14.682,1
44881,"2022-11-16 23:08:00",201,14.629,1
44881,"2022-11-16 23:09:00",202,14.576,1
44881,"2022-11-16 23:10:00",203,14.523,1
44881,"2022-11-16 23:11:00",204,14.470,1
44881,"2022-11-16 23:12:00",205,14.417,1
44881,"2022-11-16 23:13:00",206,14.364,1
44881,"2022-11-16 23:14:00",207,14.311,1
44881,"2022-11-16 23:15:00",208,14.258,1
44881,"2022-11-16 23:16:00",209,14.200,1
44881,"2022-11-16 23:17:00",210,14.127,1
44881,"2022-11-16 23:18:00",211,14.054,1
44881,"2022-11-16 23:19:00",212,13.981,1
44881,"2022-11-16 23:20:00",213,13.908,1
44881,"2022-11-16 23:21:00",214,13.835,1
44881,"2022-11-16 23:22:00",215,13.762,1
44881,"2022-11-16 23:23:00",216,13.689,1
44881,"2022-11-16 23:24:00",217,13.616,1
44881,"2022-11-16 23:25:00",218,13.543,1
44881,"2022-11-16 23:26:00",219,13.470,1
44881,"2022-11-16 23:27:00",220,13.397,1
44881,"2022-11-16 23:28:00",221,13.324,1
44881,"2022-11-16 23:29:00",222,13.251,1
44881,"2022-11-16 23:30:00",223,13.178,1
44881,"2022-11-16 23:31:00",224,13.100,1
44881,"2022-11-16 23:32:00",225,13.040,1
44881,"2022-11-16 23:33:00",226,12.980,1
44881,"2022-11-16 23:34:00",227,12.920,1
44881,"2022-11-16 23:35:00",228,12.860,1
44881,"2022-11-16 23:36:00",229,12.800,1
44881,"2022-11-16 23:37:00",230,12.740,1
44881,"2022-11-16 23:38:00",231,12.680,1
44881,"2022-11-16 23:39:00",232,12.620,1
44881,"2022-11-16 23:40:00",233,12.560,1
44881,"2022-11-16 23:41:00",234,12.500,1
44881,"2022-11-16 23:42:00",235,12.440,1
44881,"2022-11-16 23:43:00",236,12.380,1
44881,"2022-11-16 23:44:00",237,12.320,1
44881,"2022-11-16 23:45:00",238,12.260,1
44881,"2022-11-16 23:46:00",239,12.200,1
44881,"2022-11-16 23:47:00",240,12.147,1
44881,"2022-11-16 23:48:00",241,12.094,1
44881,"2022-11-16 23:49:00",242,12.041,1
44881,"2022-11-16 23:50:00",243,11.988,1
44881,"2022-11-16 23:51:00",244,11.935,1
44881,"2022-11-16 23:52:00",245,11.882,1
44881,"2022-11-16 23:53:00",246,11.829,1
44881,"2022-11-16 23:54:00",247,11.776,1
44881,"2022-11-16 23:55:00",248,11.723,1
44881,"2022-11-16 23:56:00",249,11.670,1
44881,"2022-11-16 23:57:00",250,11.617,1
44881,"2022-11-16 23:58:00",251,11.564,1
44881,"2022-11-16 23:59:00",252,11.511,1
44881,"2022-11-17 00:00:00",253,11.458,1
44881,"2022-11-17 00:01:00",254,11.400,1
44881,"2022-11-17 00:02:00",255,11.387,1
44881,"2022-11-17 00:03:00",256,11.374,1
44881,"2022-11-17 00:04:00",257,11.361,1
44881,"2022-11-17 00:05:00",258,11.348,1
44881,"2022-11-17 00:06:00",259,11.335,1
44881,"2022-11-17 00:07:00",260,11.322,1
44881,"2022-11-17 00:08:00",261,11.309,1
44881,"2022-11-17 00:09:00",262,11.296,1
44881,"2022-11-17 00:10:00",263,11.283,1
44881,"2022-11-17 00:11:00",264,11.270,1
44881,"2022-11-17 00:12:00",265,11.257,1
44881,"2022-11-17 00:13:00",266,11.244,1
44881,"2022-11-17 00:14:00",267,11.231,1
44881,"2022-11-17 00:15:00",268,11.218,1
44881,"2022-11-17 00:16:00",269,11.200,1
44881,"2022-11-17 00:17:00",270,11.180,1
44881,"2022-11-17 00:18:00",271,11.160,1
44881,"2022-11-17 00:19:00",272,11.140,1
44881,"2022-11-17 00:20:00",273,11.120,1
44881,"2022-11-17 00:21:00",274,11.100,1
44881,"2022-11-17 00:22:00",275,11.080,1
44881,"2022-11-17 00:23:00",276,11.060,1
44881,"2022-11-17 00:24:00",277,11.040,1
44881,"2022-11-17 00:25:00",278,11.020,1
44881,"2022-11-17 00:26:00",279,11.000,1
44881,"2022-11-17 00:27:00",280,10.980,1
44881,"2022-11-17 00:28:00",281,10.960,1
44881,"2022-11-17 00:29:00",282,10.940,1
44881,"2022-11-17 00:30:00",283,10.920,1
44881,"2022-11-17 00:31:00",284,10.900,1
44881,"2022-11-17 00:32:00",285,10.860,1
44881,"2022-11-17 00:33:00",286,10.820,1
44881,"2022-11-17 00:34:00",287,10.780,1
44881,"2022-11-17 00:35:00",288,10.740,1
44881,"2022-11-17 00:36:00",289,10.700,1
44881,"2022-11-17 00:37:00",290,10.660,1
44881,"2022-11-17 00:38:00",291,10.620,1
44881,"2022-11-17 00:39:00",292,10.580,1
44881,"2022-11-17 00:40:00",293,10.540,1
44881,"2022-11-17 00:41:00",294,10.500,1
44881,"2022-11-17 00:42:00",295,10.460,1
44881,"2022-11-17 00:43:00",296,10.420,1
44881,"2022-11-17 00:44:00",297,10.380,1
44881,"2022-11-17 00:45:00",298,10.340,1
44881,"2022-11-17 00:46:00",299,10.300,1
44881,"2022-11-17 00:47:00",300,10.267,1
44881,"2022-11-17 00:48:00",301,10.234,1
44881,"2022-11-17 00:49:00",302,10.201,1
44881,"2022-11-17 00:50:00",303,10.168,1
44881,"2022-11-17 00:51:00",304,10.135,1
44881,"2022-11-17 00:52:00",305,10.102,1
44881,"2022-11-17 00:53:00",306,10.069,1
44881,"2022-11-17 00:54:00",307,10.036,1
44881,"2022-11-17 00:55:00",308,10.003,1
44881,"2022-11-17 00:56:00",309,9.970,1
44881,"2022-11-17 00:57:00",310,9.937,1
44881,"2022-11-17 00:58:00",311,9.904,1
44881,"2022-11-17 00:59:00",312,9.871,1
44881,"2022-11-17 01:00:00",313,9.838,1
44881,"2022-11-17 01:01:00",314,9.800,1
44881,"2022-11-17 01:02:00",315,9.780,1
44881,"2022-11-17 01:03:00",316,9.760,1
44881,"2022-11-17 01:04:00",317,9.740,1
44881,"2022-11-17 01:05:00",318,9.720,1
44881,"2022-11-17 01:06:00",319,9.700,1
44881,"2022-11-17 01:07:00",320,9.680,1
44881,"2022-11-17 01:08:00",321,9.660,1
44881,"2022-11-17 01:09:00",322,9.640,1
44881,"2022-11-17 01:10:00",323,9.620,1
44881,"2022-11-17 01:11:00",324,9.600,1
44881,"2022-11-17 01:12:00",325,9.580,1
44881,"2022-11-17 01:13:00",326,9.560,1
44881,"2022-11-17 01:14:00",327,9.540,1
44881,"2022-11-17 01:15:00",328,9.520,1
44881,"2022-11-17 01:16:00",329,9.500,1
44881,"2022-11-17 01:17:00",330,9.460,1
44881,"2022-11-17 01:18:00",331,9.420,1
44881,"2022-11-17 01:19:00",332,9.380,1
44881,"2022-11-17 01:20:00",333,9.340,1
44881,"2022-11-17 01:21:00",334,9.300,1
44881,"2022-11-17 01:22:00",335,9.260,1
44881,"2022-11-17 01:23:00",336,9.220,1
44881,"2022-11-17 01:24:00",337,9.180,1
44881,"2022-11-17 01:25:00",338,9.140,1
44881,"2022-11-17 01:26:00",339,9.100,1
44881,"2022-11-17 01:27:00",340,9.060,1
44881,"2022-11-17 01:28:00",341,9.020,1
44881,"2022-11-17 01:29:00",342,8.980,1
44881,"2022-11-17 01:30:00",343,8.940,1
44881,"2022-11-17 01:31:00",344,8.900,1
44881,"2022-11-17 01:32:00",345,8.860,1
44881,"2022-11-17 01:33:00",346,8.820,1
44881,"2022-11-17 01:34:00",347,8.780,1
44881,"2022-11-17 01:35:00",348,8.740,1
44881,"2022-11-17 01:36:00",349,8.700,1
44881,"2022-11-17 01:37:00",350,8.660,1
44881,"2022-11-17 01:38:00",351,8.620,1
44881,"2022-11-17 01:39:00",352,8.580,1
44881,"2022-11-17 01:40:00",353,8.540,1
44881,"2022-11-17 01:41:00",354,8.500,1
44881,"2022-11-17 01:42:00",355,8.460,1
44881,"2022-11-17 01:43:00",356,8.420,1
44881,"2022-11-17 01:44:00",357,8.380,1
44881,"2022-11-17 01:45:00",358,8.340,1
44881,"2022-11-17 01:46:00",359,8.300,1
44881,"2022-11-17 01:47:00",360,8.267,1
44881,"2022-11-17 01:48:00",361,8.234,1
44881,"2022-11-17 01:49:00",362,8.201,1
44881,"2022-11-17 01:50:00",363,8.168,1
44881,"2022-11-17 01:51:00",364,8.135,1
44881,"2022-11-17 01:52:00",365,8.102,1
44881,"2022-11-17 01:53:00",366,8.069,1
44881,"2022-11-17 01:54:00",367,8.036,1
44881,"2022-11-17 01:55:00",368,8.003,1
44881,"2022-11-17 01:56:00",369,7.970,1
44881,"2022-11-17 01:57:00",370,7.937,1
44881,"2022-11-17 01:58:00",371,7.904,1
44881,"2022-11-17 01:59:00",372,7.871,1
44881,"2022-11-17 02:00:00",373,7.838,1
44881,"2022-11-17 02:01:00",374,7.800,1
44881,"2022-11-17 02:02:00",375,7.793,1
44881,"2022-11-17 02:03:00",376,7.786,1
44881,"2022-11-17 02:04:00",377,7.779,1
44881,"2022-11-17 02:05:00",378,7.772,1
44881,"2022-11-17 02:06:00",379,7.765,1
44881,"2022-11-17 02:07:00",380,7.758,1
44881,"2022-11-17 02:08:00",381,7.751,1
44881,"2022-11-17 02:09:00",382,7.744,1
44881,"2022-11-17 02:10:00",383,7.737,1
44881,"2022-11-17 02:11:00",384,7.730,1
44881,"2022-11-17 02:12:00",385,7.723,1
44881,"2022-11-17 02:13:00",386,7.716,1
44881,"2022-11-17 02:14:00",387,7.709,1
44881,"2022-11-17 02:15:00",388,7.702,1
44881,"2022-11-17 02:16:00",389,7.700,1
44881,"2022-11-17 02:17:00",390,7.680,1
44881,"2022-11-17 02:18:00",391,7.660,1
44881,"2022-11-17 02:19:00",392,7.640,1
44881,"2022-11-17 02:20:00",393,7.620,1
44881,"2022-11-17 02:21:00",394,7.600,1
44881,"2022-11-17 02:22:00",395,7.580,1
44881,"2022-11-17 02:23:00",396,7.560,1
44881,"2022-11-17 02:24:00",397,7.540,1
44881,"2022-11-17 02:25:00",398,7.520,1
44881,"2022-11-17 02:26:00",399,7.500,1
44881,"2022-11-17 02:27:00",400,7.480,1
44881,"2022-11-17 02:28:00",401,7.460,1
44881,"2022-11-17 02:29:00",402,7.440,1
44881,"2022-11-17 02:30:00",403,7.420,1
44881,"2022-11-17 02:31:00",404,7.400,1
44881,"2022-11-17 02:32:00",405,7.373,1
44881,"2022-11-17 02:33:00",406,7.346,1
44881,"2022-11-17 02:34:00",407,7.319,1
44881,"2022-11-17 02:35:00",408,7.292,1
44881,"2022-11-17 02:36:00",409,7.265,1
44881,"2022-11-17 02:37:00",410,7.238,1
44881,"2022-11-17 02:38:00",411,7.211,1
44881,"2022-11-17 02:39:00",412,7.184,1
44881,"2022-11-17 02:40:00",413,7.157,1
44881,"2022-11-17 02:41:00",414,7.130,1
44881,"2022-11-17 02:42:00",415,7.103,1
44881,"2022-11-17 02:43:00",416,7.076,1
44881,"2022-11-17 02:44:00",417,7.049,1
44881,"2022-11-17 02:45:00",418,7.022,1
44881,"2022-11-17 02:46:00",419,7.000,1
44881,"2022-11-17 02:47:00",420,6.987,1
44881,"2022-11-17 02:48:00",421,6.974,1
44881,"2022-11-17 02:49:00",422,6.961,1
44881,"2022-11-17 02:50:00",423,6.948,1
44881,"2022-11-17 02:51:00",424,6.935,1
44881,"2022-11-17 02:52:00",425,6.922,1
44881,"2022-11-17 02:53:00",426,6.909,1
44881,"2022-11-17 02:54:00",427,6.896,1
44881,"2022-11-17 02:55:00",428,6.883,1
44881,"2022-11-17 02:56:00",429,6.870,1
44881,"2022-11-17 02:57:00",430,6.857,1
44881,"2022-11-17 02:58:00",431,6.844,1
44881,"2022-11-17 02:59:00",432,6.831,1
44881,"2022-11-17 03:00:00",433,6.818,1
44881,"2022-11-17 03:01:00",434,6.800,1
44881,"2022-11-17 03:02:00",435,6.773,1
44881,"2022-11-17 03:03:00",436,6.746,1
44881,"2022-11-17 03:04:00",437,6.719,1
44881,"2022-11-17 03:05:00",438,6.692,1
44881,"2022-11-17 03:06:00",439,6.665,1
44881,"2022-11-17 03:07:00",440,6.638,1
44881,"2022-11-17 03:08:00",441,6.611,1
44881,"2022-11-17 03:09:00",442,6.584,1
44881,"2022-11-17 03:10:00",443,6.557,1
44881,"2022-11-17 03:11:00",444,6.530,1
44881,"2022-11-17 03:12:00",445,6.503,1
44881,"2022-11-17 03:13:00",446,6.476,1
44881,"2022-11-17 03:14:00",447,6.449,1
44881,"2022-11-17 03:15:00",448,6.422,1
44881,"2022-11-17 03:16:00",449,6.400,1
44881,"2022-11-17 03:17:00",450,6.360,1
44881,"2022-11-17 03:18:00",451,6.320,1
44881,"2022-11-17 03:19:00",452,6.280,1
44881,"2022-11-17 03:20:00",453,6.240,1
44881,"2022-11-17 03:21:00",454,6.200,1
44881,"2022-11-17 03:22:00",455,6.160,1
44881,"2022-11-17 03:23:00",456,6.120,1
44881,"2022-11-17 03:24:00",457,6.080,1
44881,"2022-11-17 03:25:00",458,6.040,1
44881,"2022-11-17 03:26:00",459,6.000,1
44881,"2022-11-17 03:27:00",460,5.960,1
44881,"2022-11-17 03:28:00",461,5.920,1
44881,"2022-11-17 03:29:00",462,5.880,1
44881,"2022-11-17 03:30:00",463,5.840,1
44881,"2022-11-17 03:31:00",464,5.800,1
44881,"2022-11-17 03:32:00",465,5.773,1
44881,"2022-11-17 03:33:00",466,5.746,1
44881,"2022-11-17 03:34:00",467,5.719,1
44881,"2022-11-17 03:35:00",468,5.692,1
44881,"2022-11-17 03:36:00",469,5.665,1
44881,"2022-11-17 03:37:00",470,5.638,1
44881,"2022-11-17 03:38:00",471,5.611,1
44881,"2022-11-17 03:39:00",472,5.584,1
44881,"2022-11-17 03:40:00",473,5.557,1
44881,"2022-11-17 03:41:00",474,5.530,1
44881,"2022-11-17 03:42:00",475,5.503,1
44881,"2022-11-17 03:43:00",476,5.476,1
44881,"2022-11-17 03:44:00",477,5.449,1
44881,"2022-11-17 03:45:00",478,5.422,1
44881,"2022-11-17 03:46:00",479,5.400,1
44882,"2022-11-17 19:06:00",0,3.213,1
44882,"2022-11-17 19:07:00",1,3.226,1
44882,"2022-11-17 19:08:00",2,3.239,1
44882,"2022-11-17 19:09:00",3,3.252,1
44882,"2022-11-17 19:10:00",4,3.265,1
44882,"2022-11-17 19:11:00",5,3.278,1
44882,"2022-11-17 19:12:00",6,3.291,1
44882,"2022-11-17 19:13:00",7,3.304,1
44882,"2022-11-17 19:14:00",8,3.317,1
44882,"2022-11-17 19:15:00",9,3.330,1
44882,"2022-11-17 19:16:00",10,3.343,1
44882,"2022-11-17 19:17:00",11,3.356,1
44882,"2022-11-17 19:18:00",12,3.369,1
44882,"2022-11-17 19:19:00",13,3.382,1
44882,"2022-11-17 19:20:00",14,3.400,1
44882,"2022-11-17 19:21:00",15,3.493,1
44882,"2022-11-17 19:22:00",16,3.586,1
44882,"2022-11-17 19:23:00",17,3.679,1
44882,"2022-11-17 19:24:00",18,3.772,1
44882,"2022-11-17 19:25:00",19,3.865,1
44882,"2022-11-17 19:26:00",20,3.958,1
44882,"2022-11-17 19:27:00",21,4.051,1
44882,"2022-11-17 19:28:00",22,4.144,1
44882,"2022-11-17 19:29:00",23,4.237,1
44882,"2022-11-17 19:30:00",24,4.330,1
44882,"2022-11-17 19:31:00",25,4.423,1
44882,"2022-11-17 19:32:00",26,4.516,1
44882,"2022-11-17 19:33:00",27,4.609,1
44882,"2022-11-17 19:34:00",28,4.702,1
44882,"2022-11-17 19:35:00",29,4.800,1
44882,"2022-11-17 19:36:00",30,4.933,1
44882,"2022-11-17 19:37:00",31,5.066,1
44882,"2022-11-17 19:38:00",32,5.199,1
44882,"2022-11-17 19:39:00",33,5.332,1
44882,"2022-11-17 19:40:00",34,5.465,1
44882,"2022-11-17 19:41:00",35,5.598,1
44882,"2022-11-17 19:42:00",36,5.731,1
44882,"2022-11-17 19:43:00",37,5.864,1
44882,"2022-11-17 19:44:00",38,5.997,1
44882,"2022-11-17 19:45:00",39,6.130,1
44882,"2022-11-17 19:46:00",40,6.263,1
44882,"2022-11-17 19:47:00",41,6.396,1
44882,"2022-11-17 19:48:00",42,6.529,1
44882,"2022-11-17 19:49:00",43,6.662,1
44882,"2022-11-17 19:50:00",44,6.800,1
44882,"2022-11-17 19:51:00",45,6.869,1
44882,"2022-11-17 19:52:00",46,6.938,1
44882,"2022-11-17 19:53:00",47,7.007,1
44882,"2022-11-17 19:54:00",48,7.076,1
44882,"2022-11-17 19:55:00",49,7.145,1
44882,"2022-11-17 19:56:00",50,7.214,1
44882,"2022-11-17 19:57:00",51,7.283,1
44882,"2022-11-17 19:58:00",52,7.352,1
44882,"2022-11-17 19:59:00",53,7.421,1
44882,"2022-11-17 20:00:00",54,7.490,1
44882,"2022-11-17 20:01:00",55,7.559,1
44882,"2022-11-17 20:02:00",56,7.628,1
44882,"2022-11-17 20:03:00",57,7.697,1
44882,"2022-11-17 20:04:00",58,7.766,1
44882,"2022-11-17 20:05:00",59,7.835,1
44882,"2022-11-17 20:06:00",60,7.900,1
44882,"2022-11-17 20:07:00",61,7.940,1
44882,"2022-11-17 20:08:00",62,7.980,1
44882,"2022-11-17 20:09:00",63,8.020,1
44882,"2022-11-17 20:10:00",64,8.060,1
44882,"2022-11-17 20:11:00",65,8.100,1
44882,"2022-11-17 20:12:00",66,8.140,1
44882,"2022-11-17 20:13:00",67,8.180,1
44882,"2022-11-17 20:14:00",68,8.220,1
44882,"2022-11-17 20:15:00",69,8.260,1
44882,"2022-11-17 20:16:00",70,8.300,1
44882,"2022-11-17 20:17:00",71,8.340,1
44882,"2022-11-17 20:18:00",72,8.380,1
44882,"2022-11-17 20:19:00",73,8.420,1
44882,"2022-11-17 20:20:00",74,8.460,1
44882,"2022-11-17 20:21:00",75,8.500,1
44882,"2022-11-17 20:22:00",76,8.579,1
44882,"2022-11-17 20:23:00",77,8.658,1
44882,"2022-11-17 20:24:00",78,8.737,1
44882,"2022-11-17 20:25:00",79,8.816,1
44882,"2022-11-17 20:26:00",80,8.895,1
44882,"2022-11-17 20:27:00",81,8.974,1
44882,"2022-11-17 20:28:00",82,9.053,1
44882,"2022-11-17 20:29:00",83,9.132,1
44882,"2022-11-17 20:30:00",84,9.211,1
44882,"2022-11-17 20:31:00",85,9.290,1
44882,"2022-11-17 20:32:00",86,9.369,1
44882,"2022-11-17 20:33:00",87,9.448,1
44882,"2022-11-17 20:34:00",88,9.527,1
44882,"2022-11-17 20:35:00",89,9.600,1
44882,"2022-11-17 20:36:00",90,9.653,1
44882,"2022-11-17 20:37:00",91,9.706,1
44882,"2022-11-17 20:38:00",92,9.759,1
44882,"2022-11-17 20:39:00",93,9.812,1
44882,"2022-11-17 20:40:00",94,9.865,1
44882,"2022-11-17 20:41:00",95,9.918,1
44882,"2022-11-17 20:42:00",96,9.971,1
44882,"2022-11-17 20:43:00",97,10.024,1
44882,"2022-11-17 20:44:00",98,10.077,1
44882,"2022-11-17 20:45:00",99,10.130,1
44882,"2022-11-17 20:46:00",100,10.183,1
44882,"2022-11-17 20:47:00",101,10.236,1
44882,"2022-11-17 20:48:00",102,10.289,1
44882,"2022-11-17 20:49:00",103,10.342,1
44882,"2022-11-17 20:50:00",104,10.400,1
44882,"2022-11-17 20:51:00",105,10.440,1
44882,"2022-11-17 20:52:00",106,10.480,1
44882,"2022-11-17 20:53:00",107,10.520,1
44882,"2022-11-17 20:54:00",108,10.560,1
44882,"2022-11-17 20:55:00",109,10.600,1
44882,"2022-11-17 20:56:00",110,10.640,1
44882,"2022-11-17 20:57:00",111,10.680,1
44882,"2022-11-17 20:58:00",112,10.720,1
44882,"2022-11-17 20:59:00",113,10.760,1
44882,"2022-11-17 21:00:00",114,10.800,1
44882,"2022-11-17 21:01:00",115,10.840,1
44882,"2022-11-17 21:02:00",116,10.880,1
44882,"2022-11-17 21:03:00",117,10.920,1
44882,"2022-11-17 21:04:00",118,10.960,1
44882,"2022-11-17 21:05:00",119,11.000,1
44882,"2022-11-17 21:06:00",120,10.956,1
44882,"2022-11-17 21:07:00",121,10.912,1
44882,"2022-11-17 21:08:00",122,10.868,1
44882,"2022-11-17 21:09:00",123,10.824,1
44882,"2022-11-17 21:10:00",124,10.780,1
44882,"2022-11-17 21:11:00",125,10.736,1
44882,"2022-11-17 21:12:00",126,10.692,1
44882,"2022-11-17 21:13:00",127,10.648,1
44882,"2022-11-17 21:14:00",128,10.604,1
44882,"2022-11-17 21:15:00",129,10.560,1
44882,"2022-11-17 21:16:00",130,10.516,1
44882,"2022-11-17 21:17:00",131,10.472,1
44882,"2022-11-17 21:18:00",132,10.428,1
44882,"2022-11-17 21:19:00",133,10.384,1
44882,"2022-11-17 21:20:00",134,10.340,1
44882,"2022-11-17 21:21:00",135,10.300,1
44882,"2022-11-17 21:22:00",136,10.227,1
44882,"2022-11-17 21:23:00",137,10.154,1
44882,"2022-11-17 21:24:00",138,10.081,1
44882,"2022-11-17 21:25:00",139,10.008,1
44882,"2022-11-17 21:26:00",140,9.935,1
44882,"2022-11-17 21:27:00",141,9.862,1
44882,"2022-11-17 21:28:00",142,9.789,1
44882,"2022-11-17 21:29:00",143,9.716,1
44882,"2022-11-17 21:30:00",144,9.643,1
44882,"2022-11-17 21:31:00",145,9.570,1
44882,"2022-11-17 21:32:00",146,9.497,1
44882,"2022-11-17 21:33:00",147,9.424,1
44882,"2022-11-17 21:34:00",148,9.351,1
44882,"2022-11-17 21:35:00",149,9.278,1
44882,"2022-11-17 21:36:00",150,9.200,1
44882,"2022-11-17 21:37:00",151,9.207,1
44882,"2022-11-17 21:38:00",152,9.214,1
44882,"2022-11-17 21:39:00",153,9.221,1
44882,"2022-11-17 21:40:00",154,9.228,1
44882,"2022-11-17 21:41:00",155,9.235,1
44882,"2022-11-17 21:42:00",156,9.242,1
44882,"2022-11-17 21:43:00",157,9.249,1
44882,"2022-11-17 21:44:00",158,9.256,1
44882,"2022-11-17 21:45:00",159,9.263,1
44882,"2022-11-17 21:46:00",160,9.270,1
44882,"2022-11-17 21:47:00",161,9.277,1
44882,"2022-11-17 21:48:00",162,9.284,1
44882,"2022-11-17 21:49:00",163,9.291,1
44882,"2022-11-17 21:50:00",164,9.298,1
44882,"2022-11-17 21:51:00",165,9.300,1
44882,"2022-11-17 21:52:00",166,9.340,1
44882,"2022-11-17 21:53:00",167,9.380,1
44882,"2022-11-17 21:54:00",168,9.420,1
44882,"2022-11-17 21:55:00",169,9.460,1
44882,"2022-11-17 21:56:00",170,9.500,1
44882,"2022-11-17 21:57:00",171,9.540,1
44882,"2022-11-17 21:58:00",172,9.580,1
44882,"2022-11-17 21:59:00",173,9.620,1
44882,"2022-11-17 22:00:00",174,9.660,1
44882,"2022-11-17 22:01:00",175,9.700,1
44882,"2022-11-17 22:02:00",176,9.740,1
44882,"2022-11-17 22:03:00",177,9.780,1
44882,"2022-11-17 22:04:00",178,9.820,1
44882,"2022-11-17 22:05:00",179,9.860,1
44882,"2022-11-17 22:06:00",180,9.900,1
44882,"2022-11-17 22:07:00",181,9.900,1
44882,"2022-11-17 22:08:00",182,9.900,1
44882,"2022-11-17 22:09:00",183,9.900,1
44882,"2022-11-17 22:10:00",184,9.900,1
44882,"2022-11-17 22:11:00",185,9.900,1
44882,"2022-11-17 22:12:00",186,9.900,1
44882,"2022-11-17 22:13:00",187,9.900,1
44882,"2022-11-17 22:14:00",188,9.900,1
44882,"2022-11-17 22:15:00",189,9.900,1
44882,"2022-11-17 22:16:00",190,9.900,1
44882,"2022-11-17 22:17:00",191,9.900,1
44882,"2022-11-17 22:18:00",192,9.900,1
44882,"2022-11-17 22:19:00",193,9.900,1
44882,"2022-11-17 22:20:00",194,9.900,1
44882,"2022-11-17 22:21:00",195,9.900,1
44882,"2022-11-17 22:22:00",196,9.867,1
44882,"2022-11-17 22:23:00",197,9.834,1
44882,"2022-11-17 22:24:00",198,9.801,1
44882,"2022-11-17 22:25:00",199,9.768,1
44882,"2022-11-17 22:26:00",200,9.735,1
44882,"2022-11-17 22:27:00",201,9.702,1
44882,"2022-11-17 22:28:00",202,9.669,1
44882,"2022-11-17 22:29:00",203,9.636,1
44882,"2022-11-17 22:30:00",204,9.603,1
44882,"2022-11-17 22:31:00",205,9.570,1
44882,"2022-11-17 22:32:00",206,9.537,1
44882,"2022-11-17 22:33:00",207,9.504,1
44882,"2022-11-17 22:34:00",208,9.471,1
44882,"2022-11-17 22:35:00",209,9.438,1
44882,"2022-11-17 22:36:00",210,9.400,1
44882,"2022-11-17 22:37:00",211,9.347,1
44882,"2022-11-17 22:38:00",212,9.294,1
44882,"2022-11-17 22:39:00",213,9.241,1
44882,"2022-11-17 22:40:00",214,9.188,1
44882,"2022-11-17 22:41:00",215,9.135,1
44882,"2022-11-17 22:42:00",216,9.082,1
44882,"2022-11-17 22:43:00",217,9.029,1
44882,"2022-11-17 22:44:00",218,8.976,1
44882,"2022-11-17 22:45:00",219,8.923,1
44882,"2022-11-17 22:46:00",220,8.870,1
44882,"2022-11-17 22:47:00",221,8.817,1
44882,"2022-11-17 22:48:00",222,8.764,1
44882,"2022-11-17 22:49:00",223,8.711,1
44882,"2022-11-17 22:50:00",224,8.658,1
44882,"2022-11-17 22:51:00",225,8.600,1
44882,"2022-11-17 22:52:00",226,8.553,1
44882,"2022-11-17 22:53:00",227,8.506,1
44882,"2022-11-17 22:54:00",228,8.459,1
44882,"2022-11-17 22:55:00",229,8.412,1
44882,"2022-11-17 22:56:00",230,8.365,1
44882,"2022-11-17 22:57:00",231,8.318,1
44882,"2022-11-17 22:58:00",232,8.271,1
44882,"2022-11-17 22:59:00",233,8.224,1
44882,"2022-11-17 23:00:00",234,8.177,1
44882,"2022-11-17 23:01:00",235,8.130,1
44882,"2022-11-17 23:02:00",236,8.083,1
44882,"2022-11-17 23:03:00",237,8.036,1
44882,"2022-11-17 23:04:00",238,7.989,1
44882,"2022-11-17 23:05:00",239,7.942,1
44882,"2022-11-17 23:06:00",240,7.900,1
44882,"2022-11-17 23:07:00",241,7.847,1
44882,"2022-11-17 23:08:00",242,7.794,1
44882,"2022-11-17 23:09:00",243,7.741,1
44882,"2022-11-17 23:10:00",244,7.688,1
44882,"2022-11-17 23:11:00",245,7.635,1
44882,"2022-11-17 23:12:00",246,7.582,1
44882,"2022-11-17 23:13:00",247,7.529,1
44882,"2022-11-17 23:14:00",248,7.476,1
44882,"2022-11-17 23:15:00",249,7.423,1
44882,"2022-11-17 23:16:00",250,7.370,1
44882,"2022-11-17 23:17:00",251,7.317,1
44882,"2022-11-17 23:18:00",252,7.264,1
44882,"2022-11-17 23:19:00",253,7.211,1
44882,"2022-11-17 23:20:00",254,7.158,1
44882,"2022-11-17 23:21:00",255,7.105,1
44882,"2022-11-17 23:22:00",256,7.052,1
44882,"2022-11-17 23:23:00",257,7.000,1
44882,"2022-11-17 23:24:00",258,6.947,1
44882,"2022-11-17 23:25:00",259,6.894,1
44882,"2022-11-17 23:26:00",260,6.841,1
44882,"2022-11-17 23:27:00",261,6.788,1
44882,"2022-11-17 23:28:00",262,6.735,1
44882,"2022-11-17 23:29:00",263,6.682,1
44882,"2022-11-17 23:30:00",264,6.629,1
44882,"2022-11-17 23:31:00",265,6.576,1
44882,"2022-11-17 23:32:00",266,6.523,1
44882,"2022-11-17 23:33:00",267,6.470,1
44882,"2022-11-17 23:34:00",268,6.417,1
44882,"2022-11-17 23:35:00",269,6.364,1
44882,"2022-11-17 23:36:00",270,6.311,1
44882,"2022-11-17 23:37:00",271,6.258,1
44882,"2022-11-17 23:38:00",272,6.200,1
44882,"2022-11-17 23:39:00",273,6.173,1
44882,"2022-11-17 23:40:00",274,6.146,1
44882,"2022-11-17 23:41:00",275,6.119,1
44882,"2022-11-17 23:42:00",276,6.092,1
44882,"2022-11-17 23:43:00",277,6.065,1
44882,"2022-11-17 23:44:00",278,6.038,1
44882,"2022-11-17 23:45:00",279,6.011,1
44882,"2022-11-17 23:46:00",280,5.984,1
44882,"2022-11-17 23:47:00",281,5.957,1
44882,"2022-11-17 23:48:00",282,5.930,1
44882,"2022-11-17 23:49:00",283,5.903,1
44882,"2022-11-17 23:50:00",284,5.876,1
44882,"2022-11-17 23:51:00",285,5.849,1
44882,"2022-11-17 23:52:00",286,5.822,1
44882,"2022-11-17 23:53:00",287,5.800,1
44882,"2022-11-17 23:54:00",288,5.827,1
44882,"2022-11-17 23:55:00",289,5.854,1
44882,"2022-11-17 23:56:00",290,5.881,1
44882,"2022-11-17 23:57:00",291,5.908,1
44882,"2022-11-17 23:58:00",292,5.935,1
44882,"2022-11-17 23:59:00",293,5.962,1
44882,"2022-11-18 00:00:00",294,5.989,1
44882,"2022-11-18 00:01:00",295,6.016,1
44882,"2022-11-18 00:02:00",296,6.043,1
44882,"2022-11-18 00:03:00",297,6.070,1
44882,"2022-11-18 00:04:00",298,6.097,1
44882,"2022-11-18 00:05:00",299,6.124,1
44882,"2022-11-18 00:06:00",300,6.151,1
44882,"2022-11-18 00:07:00",301,6.178,1
44882,"2022-11-18 00:08:00",302,6.200,1
44882,"2022-11-18 00:09:00",303,6.227,1
44882,"2022-11-18 00:10:00",304,6.254,1
44882,"2022-11-18 00:11:00",305,6.281,1
44882,"2022-11-18 00:12:00",306,6.308,1
44882,"2022-11-18 00:13:00",307,6.335,1
44882,"2022-11-18 00:14:00",308,6.362,1
44882,"2022-11-18 00:15:00",309,6.389,1
44882,"2022-11-18 00:16:00",310,6.416,1
44882,"2022-11-18 00:17:00",311,6.443,1
44882,"2022-11-18 00:18:00",312,6.470,1
44882,"2022-11-18 00:19:00",313,6.497,1
44882,"2022-11-18 00:20:00",314,6.524,1
44882,"2022-11-18 00:21:00",315,6.551,1
44882,"2022-11-18 00:22:00",316,6.578,1
44882,"2022-11-18 00:23:00",317,6.600,1
44882,"2022-11-18 00:24:00",318,6.600,1
44882,"2022-11-18 00:25:00",319,6.600,1
44882,"2022-11-18 00:26:00",320,6.600,1
44882,"2022-11-18 00:27:00",321,6.600,1
44882,"2022-11-18 00:28:00",322,6.600,1
44882,"2022-11-18 00:29:00",323,6.600,1
44882,"2022-11-18 00:30:00",324,6.600,1
44882,"2022-11-18 00:31:00",325,6.600,1
44882,"2022-11-18 00:32:00",326,6.600,1
44882,"2022-11-18 00:33:00",327,6.600,1
44882,"2022-11-18 00:34:00",328,6.600,1
44882,"2022-11-18 00:35:00",329,6.600,1
44882,"2022-11-18 00:36:00",330,6.600,1
44882,"2022-11-18 00:37:00",331,6.600,1
44882,"2022-11-18 00:38:00",332,6.600,1
44882,"2022-11-18 00:39:00",333,6.593,1
44882,"2022-11-18 00:40:00",334,6.586,1
44882,"2022-11-18 00:41:00",335,6.579,1
44882,"2022-11-18 00:42:00",336,6.572,1
44882,"2022-11-18 00:43:00",337,6.565,1
44882,"2022-11-18 00:44:00",338,6.558,1
44882,"2022-11-18 00:45:00",339,6.551,1
44882,"2022-11-18 00:46:00",340,6.544,1
44882,"2022-11-18 00:47:00",341,6.537,1
44882,"2022-11-18 00:48:00",342,6.530,1
44882,"2022-11-18 00:49:00",343,6.523,1
44882,"2022-11-18 00:50:00",344,6.516,1
44882,"2022-11-18 00:51:00",345,6.509,1
44882,"2022-11-18 00:52:00",346,6.502,1
44882,"2022-11-18 00:53:00",347,6.500,1
44882,"2022-11-18 00:54:00",348,6.500,1
44882,"2022-11-18 00:55:00",349,6.500,1
44882,"2022-11-18 00:56:00",350,6.500,1
44882,"2022-11-18 00:57:00",351,6.500,1
44882,"2022-11-18 00:58:00",352,6.500,1
44882,"2022-11-18 00:59:00",353,6.500,1
44882,"2022-11-18 01:00:00",354,6.500,1
44882,"2022-11-18 01:01:00",355,6.500,1
44882,"2022-11-18 01:02:00",356,6.500,1
44882,"2022-11-18 01:03:00",357,6.500,1
44882,"2022-11-18 01:04:00",358,6.500,1
44882,"2022-11-18 01:05:00",359,6.500,1
44882,"2022-11-18 01:06:00",360,6.500,1
44882,"2022-11-18 01:07:00",361,6.500,1
44882,"2022-11-18 01:08:00",362,6.500,1
44882,"2022-11-18 01:09:00",363,6.493,1
44882,"2022-11-18 01:10:00",364,6.486,1
44882,"2022-11-18 01:11:00",365,6.479,1
44882,"2022-11-18 01:12:00",366,6.472,1
44882,"2022-11-18 01:13:00",367,6.465,1
44882,"2022-11-18 01:14:00",368,6.458,1
44882,"2022-11-18 01:15:00",369,6.451,1
44882,"2022-11-18 01:16:00",370,6.444,1
44882,"2022-11-18 01:17:00",371,6.437,1
44882,"2022-11-18 01:18:00",372,6.430,1
44882,"2022-11-18 01:19:00",373,6.423,1
44882,"2022-11-18 01:20:00",374,6.416,1
44882,"2022-11-18 01:21:00",375,6.409,1
44882,"2022-11-18 01:22:00",376,6.402,1
44882,"2022-11-18 01:23:00",377,6.400,1
44882,"2022-11-18 01:24:00",378,6.367,1
44882,"2022-11-18 01:25:00",379,6.334,1
44882,"2022-11-18 01:26:00",380,6.301,1
44882,"2022-11-18 01:27:00",381,6.268,1
44882,"2022-11-18 01:28:00",382,6.235,1
44882,"2022-11-18 01:29:00",383,6.202,1
44882,"2022-11-18 01:30:00",384,6.169,1
44882,"2022-11-18 01:31:00",385,6.136,1
44882,"2022-11-18 01:32:00",386,6.103,1
44882,"2022-11-18 01:33:00",387,6.070,1
44882,"2022-11-18 01:34:00",388,6.037,1
44882,"2022-11-18 01:35:00",389,6.004,1
44882,"2022-11-18 01:36:00",390,5.971,1
44882,"2022-11-18 01:37:00",391,5.938,1
44882,"2022-11-18 01:38:00",392,5.900,1
44882,"2022-11-18 01:39:00",393,5.867,1
44882,"2022-11-18 01:40:00",394,5.834,1
44882,"2022-11-18 01:41:00",395,5.801,1
44882,"2022-11-18 01:42:00",396,5.768,1
44882,"2022-11-18 01:43:00",397,5.735,1
44882,"2022-11-18 01:44:00",398,5.702,1
44882,"2022-11-18 01:45:00",399,5.669,1
44882,"2022-11-18 01:46:00",400,5.636,1
44882,"2022-11-18 01:47:00",401,5.603,1
44882,"2022-11-18 01:48:00",402,5.570,1
44882,"2022-11-18 01:49:00",403,5.537,1
44882,"2022-11-18 01:50:00",404,5.504,1
44882,"2022-11-18 01:51:00",405,5.471,1
44882,"2022-11-18 01:52:00",406,5.438,1
44882,"2022-11-18 01:53:00",407,5.400,1
44882,"2022-11-18 01:54:00",408,5.373,1
44882,"2022-11-18 01:55:00",409,5.346,1
44882,"2022-11-18 01:56:00",410,5.319,1
44882,"2022-11-18 01:57:00",411,5.292,1
44882,"2022-11-18 01:58:00",412,5.265,1
44882,"2022-11-18 01:59:00",413,5.238,1
44882,"2022-11-18 02:00:00",414,5.211,1
44882,"2022-11-18 02:01:00",415,5.184,1
44882,"2022-11-18 02:02:00",416,5.157,1
44882,"2022-11-18 02:03:00",417,5.130,1
44882,"2022-11-18 02:04:00",418,5.103,1
44882,"2022-11-18 02:05:00",419,5.076,1
44882,"2022-11-18 02:06:00",420,5.049,1
44882,"2022-11-18 02:07:00",421,5.022,1
44882,"2022-11-18 02:08:00",422,5.000,1
44882,"2022-11-18 02:09:00",423,4.980,1
44882,"2022-11-18 02:10:00",424,4.960,1
44882,"2022-11-18 02:11:00",425,4.940,1
44882,"2022-11-18 02:12:00",426,4.920,1
44882,"2022-11-18 02:13:00",427,4.900,1
44882,"2022-11-18 02:14:00",428,4.880,1
44882,"2022-11-18 02:15:00",429,4.860,1
44882,"2022-11-18 02:16:00",430,4.840,1
44882,"2022-11-18 02:17:00",431,4.820,1
44882,"2022-11-18 02:18:00",432,4.800,1
44882,"2022-11-18 02:19:00",433,4.780,1
44882,"2022-11-18 02:20:00",434,4.760,1
44882,"2022-11-18 02:21:00",435,4.740,1
44882,"2022-11-18 02:22:00",436,4.720,1
44882,"2022-11-18 02:23:00",437,4.700,1
44882,"2022-11-18 02:24:00",438,4.693,1
44882,"2022-11-18 02:25:00",439,4.686,1
44882,"2022-11-18 02:26:00",440,4.679,1
44882,"2022-11-18 02:27:00",441,4.672,1
44882,"2022-11-18 02:28:00",442,4.665,1
44882,"2022-11-18 02:29:00",443,4.658,1
44882,"2022-11-18 02:30:00",444,4.651,1
44882,"2022-11-18 02:31:00",445,4.644,1
44882,"2022-11-18 02:32:00",446,4.637,1
44882,"2022-11-18 02:33:00",447,4.630,1
44882,"2022-11-18 02:34:00",448,4.623,1
44882,"2022-11-18 02:35:00",449,4.616,1
44882,"2022-11-18 02:36:00",450,4.609,1
44882,"2022-11-18 02:37:00",451,4.602,1
44882,"2022-11-18 02:38:00",452,4.600,1
44882,"2022-11-18 02:39:00",453,4.600,1
44882,"2022-11-18 02:40:00",454,4.600,1
44882,"2022-11-18 02:41:00",455,4.600,1
44882,"2022-11-18 02:42:00",456,4.600,1
44882,"2022-11-18 02:43:00",457,4.600,1
44882,"2022-11-18 02:44:00",458,4.600,1
44882,"2022-11-18 02:45:00",459,4.600,1
44882,"2022-11-18 02:46:00",460,4.600,1
44882,"2022-11-18 02:47:00",461,4.600,1
44882,"2022-11-18 02:48:00",462,4.600,1
44882,"2022-11-18 02:49:00",463,4.600,1
44882,"2022-11-18 02:50:00",464,4.600,1
44882,"2022-11-18 02:51:00",465,4.600,1
44882,"2022-11-18 02:52:00",466,4.600,1
44882,"2022-11-18 02:53:00",467,4.600,1
44882,"2022-11-18 02:54:00",468,4.620,1
44882,"2022-11-18 02:55:00",469,4.640,1
44882,"2022-11-18 02:56:00",470,4.660,1
44882,"2022-11-18 02:57:00",471,4.680,1
44882,"2022-11-18 02:58:00",472,4.700,1
44882,"2022-11-18 02:59:00",473,4.720,1
44882,"2022-11-18 03:00:00",474,4.740,1
44882,"2022-11-18 03:01:00",475,4.760,1
44882,"2022-11-18 03:02:00",476,4.780,1
44882,"2022-11-18 03:03:00",477,4.800,1
44882,"2022-11-18 03:04:00",478,4.820,1
44882,"2022-11-18 03:05:00",479,4.840,1
44957,"2023-01-31 18:22:00",0,4.646,0
44957,"2023-01-31 18:23:00",1,4.719,0
44957,"2023-01-31 18:24:00",2,4.792,0
44957,"2023-01-31 18:25:00",3,4.865,0
44957,"2023-01-31 18:26:00",4,4.938,0
44957,"2023-01-31 18:27:00",5,5.011,0
44957,"2023-01-31 18:28:00",6,5.084,0
44957,"2023-01-31 18:29:00",7,5.157,0
44957,"2023-01-31 18:30:00",8,5.230,0
44957,"2023-01-31 18:31:00",9,5.303,0
44957,"2023-01-31 18:32:00",10,5.376,0
44957,"2023-01-31 18:33:00",11,5.449,0
44957,"2023-01-31 18:34:00",12,5.522,0
44957,"2023-01-31 18:35:00",13,5.600,0
44957,"2023-01-31 18:36:00",14,5.780,0
44957,"2023-01-31 18:37:00",15,5.960,0
44957,"2023-01-31 18:38:00",16,6.140,0
44957,"2023-01-31 18:39:00",17,6.320,0
44957,"2023-01-31 18:40:00",18,6.500,0
44957,"2023-01-31 18:41:00",19,6.680,0
44957,"2023-01-31 18:42:00",20,6.860,0
44957,"2023-01-31 18:43:00",21,7.040,0
44957,"2023-01-31 18:44:00",22,7.220,0
44957,"2023-01-31 18:45:00",23,7.400,0
44957,"2023-01-31 18:46:00",24,7.580,0
44957,"2023-01-31 18:47:00",25,7.760,0
44957,"2023-01-31 18:48:00",26,7.940,0
44957,"2023-01-31 18:49:00",27,8.120,0
44957,"2023-01-31 18:50:00",28,8.300,0
44957,"2023-01-31 18:51:00",29,8.533,0
44957,"2023-01-31 18:52:00",30,8.766,0
44957,"2023-01-31 18:53:00",31,8.999,0
44957,"2023-01-31 18:54:00",32,9.232,0
44957,"2023-01-31 18:55:00",33,9.465,0
44957,"2023-01-31 18:56:00",34,9.698,0
44957,"2023-01-31 18:57:00",35,9.931,0
44957,"2023-01-31 18:58:00",36,10.164,0
44957,"2023-01-31 18:59:00",37,10.397,0
44957,"2023-01-31 19:00:00",38,10.630,0
44957,"2023-01-31 19:01:00",39,10.863,0
44957,"2023-01-31 19:02:00",40,11.096,0
44957,"2023-01-31 19:03:00",41,11.329,0
44957,"2023-01-31 19:04:00",42,11.562,0
44957,"2023-01-31 19:05:00",43,11.800,0
44957,"2023-01-31 19:06:00",44,11.906,0
44957,"2023-01-31 19:07:00",45,12.012,0
44957,"2023-01-31 19:08:00",46,12.118,0
44957,"2023-01-31 19:09:00",47,12.224,0
44957,"2023-01-31 19:10:00",48,12.330,0
44957,"2023-01-31 19:11:00",49,12.436,0
44957,"2023-01-31 19:12:00",50,12.542,0
44957,"2023-01-31 19:13:00",51,12.648,0
44957,"2023-01-31 19:14:00",52,12.754,0
44957,"2023-01-31 19:15:00",53,12.860,0
44957,"2023-01-31 19:16:00",54,12.966,0
44957,"2023-01-31 19:17:00",55,13.072,0
44957,"2023-01-31 19:18:00",56,13.178,0
44957,"2023-01-31 19:19:00",57,13.284,0
44957,"2023-01-31 19:20:00",58,13.390,0
44957,"2023-01-31 19:21:00",59,13.500,0
44957,"2023-01-31 19:22:00",60,13.607,0
44957,"2023-01-31 19:23:00",61,13.714,0
44957,"2023-01-31 19:24:00",62,13.821,0
44957,"2023-01-31 19:25:00",63,13.928,0
44957,"2023-01-31 19:26:00",64,14.035,0
44957,"2023-01-31 19:27:00",65,14.142,0
44957,"2023-01-31 19:28:00",66,14.249,0
44957,"2023-01-31 19:29:00",67,14.356,0
44957,"2023-01-31 19:30:00",68,14.463,0
44957,"2023-01-31 19:31:00",69,14.570,0
44957,"2023-01-31 19:32:00",70,14.677,0
44957,"2023-01-31 19:33:00",71,14.784,0
44957,"2023-01-31 19:34:00",72,14.891,0
44957,"2023-01-31 19:35:00",73,14.998,0
44957,"2023-01-31 19:36:00",74,15.100,0
44957,"2023-01-31 19:37:00",75,15.193,0
44957,"2023-01-31 19:38:00",76,15.286,0
44957,"2023-01-31 19:39:00",77,15.379,0
44957,"2023-01-31 19:40:00",78,15.472,0
44957,"2023-01-31 19:41:00",79,15.565,0
44957,"2023-01-31 19:42:00",80,15.658,0
44957,"2023-01-31 19:43:00",81,15.751,0
44957,"2023-01-31 19:44:00",82,15.844,0
44957,"2023-01-31 19:45:00",83,15.937,0
44957,"2023-01-31 19:46:00",84,16.030,0
44957,"2023-01-31 19:47:00",85,16.123,0
44957,"2023-01-31 19:48:00",86,16.216,0
44957,"2023-01-31 19:49:00",87,16.309,0
44957,"2023-01-31 19:50:00",88,16.402,0
44957,"2023-01-31 19:51:00",89,16.500,0
44957,"2023-01-31 19:52:00",90,16.520,0
44957,"2023-01-31 19:53:00",91,16.540,0
44957,"2023-01-31 19:54:00",92,16.560,0
44957,"2023-01-31 19:55:00",93,16.580,0
44957,"2023-01-31 19:56:00",94,16.600,0
44957,"2023-01-31 19:57:00",95,16.620,0
44957,"2023-01-31 19:58:00",96,16.640,0
44957,"2023-01-31 19:59:00",97,16.660,0
44957,"2023-01-31 20:00:00",98,16.680,0
44957,"2023-01-31 20:01:00",99,16.700,0
44957,"2023-01-31 20:02:00",100,16.720,0
44957,"2023-01-31 20:03:00",101,16.740,0
44957,"2023-01-31 20:04:00",102,16.760,0
44957,"2023-01-31 20:05:00",103,16.780,0
44957,"2023-01-31 20:06:00",104,16.800,0
44957,"2023-01-31 20:07:00",105,16.793,0
44957,"2023-01-31 20:08:00",106,16.786,0
44957,"2023-01-31 20:09:00",107,16.779,0
44957,"2023-01-31 20:10:00",108,16.772,0
44957,"2023-01-31 20:11:00",109,16.765,0
44957,"2023-01-31 20:12:00",110,16.758,0
44957,"2023-01-31 20:13:00",111,16.751,0
44957,"2023-01-31 20:14:00",112,16.744,0
44957,"2023-01-31 20:15:00",113,16.737,0
44957,"2023-01-31 20:16:00",114,16.730,0
44957,"2023-01-31 20:17:00",115,16.723,0
44957,"2023-01-31 20:18:00",116,16.716,0
44957,"2023-01-31 20:19:00",117,16.709,0
44957,"2023-01-31 20:20:00",118,16.702,0
44957,"2023-01-31 20:21:00",119,16.700,0
44957,"2023-01-31 20:22:00",120,16.721,0
44957,"2023-01-31 20:23:00",121,16.742,0
44957,"2023-01-31 20:24:00",122,16.763,0
44957,"2023-01-31 20:25:00",123,16.784,0
44957,"2023-01-31 20:26:00",124,16.805,0
44957,"2023-01-31 20:27:00",125,16.826,0
44957,"2023-01-31 20:28:00",126,16.847,0
44957,"2023-01-31 20:29:00",127,16.868,0
44957,"2023-01-31 20:30:00",128,16.889,0
44957,"2023-01-31 20:31:00",129,16.910,0
44957,"2023-01-31 20:32:00",130,16.931,0
44957,"2023-01-31 20:33:00",131,16.952,0
44957,"2023-01-31 20:34:00",132,16.973,0
44957,"2023-01-31 20:35:00",133,17.000,0
44957,"2023-01-31 20:36:00",134,16.994,0
44957,"2023-01-31 20:37:00",135,16.988,0
44957,"2023-01-31 20:38:00",136,16.982,0
44957,"2023-01-31 20:39:00",137,16.976,0
44957,"2023-01-31 20:40:00",138,16.970,0
44957,"2023-01-31 20:41:00",139,16.964,0
44957,"2023-01-31 20:42:00",140,16.958,0
44957,"2023-01-31 20:43:00",141,16.952,0
44957,"2023-01-31 20:44:00",142,16.946,0
44957,"2023-01-31 20:45:00",143,16.940,0
44957,"2023-01-31 20:46:00",144,16.934,0
44957,"2023-01-31 20:47:00",145,16.928,0
44957,"2023-01-31 20:48:00",146,16.922,0
44957,"2023-01-31 20:49:00",147,16.916,0
44957,"2023-01-31 20:50:00",148,16.910,0
44957,"2023-01-31 20:51:00",149,16.900,0
44957,"2023-01-31 20:52:00",150,16.840,0
44957,"2023-01-31 20:53:00",151,16.780,0
44957,"2023-01-31 20:54:00",152,16.720,0
44957,"2023-01-31 20:55:00",153,16.660,0
44957,"2023-01-31 20:56:00",154,16.600,0
44957,"2023-01-31 20:57:00",155,16.540,0
44957,"2023-01-31 20:58:00",156,16.480,0
44957,"2023-01-31 20:59:00",157,16.420,0
44957,"2023-01-31 21:00:00",158,16.360,0
44957,"2023-01-31 21:01:00",159,16.300,0
44957,"2023-01-31 21:02:00",160,16.240,0
44957,"2023-01-31 21:03:00",161,16.180,0
44957,"2023-01-31 21:04:00",162,16.120,0
44957,"2023-01-31 21:05:00",163,16.060,0
44957,"2023-01-31 21:06:00",164,16.000,0
44957,"2023-01-31 21:07:00",165,15.875,0
44957,"2023-01-31 21:08:00",166,15.750,0
44957,"2023-01-31 21:09:00",167,15.625,0
44957,"2023-01-31 21:10:00",168,15.500,0
44957,"2023-01-31 21:11:00",169,15.375,0
44957,"2023-01-31 21:12:00",170,15.250,0
44957,"2023-01-31 21:13:00",171,15.125,0
44957,"2023-01-31 21:14:00",172,15.000,0
44957,"2023-01-31 21:15:00",173,14.875,0
44957,"2023-01-31 21:16:00",174,14.750,0
44957,"2023-01-31 21:17:00",175,14.625,0
44957,"2023-01-31 21:18:00",176,14.500,0
44957,"2023-01-31 21:19:00",177,14.375,0
44957,"2023-01-31 21:20:00",178,14.250,0
44957,"2023-01-31 21:21:00",179,14.125,0
44957,"2023-01-31 21:22:00",180,14.000,0
44957,"2023-01-31 21:23:00",181,13.893,0
44957,"2023-01-31 21:24:00",182,13.786,0
44957,"2023-01-31 21:25:00",183,13.679,0
44957,"2023-01-31 21:26:00",184,13.572,0
44957,"2023-01-31 21:27:00",185,13.465,0
44957,"2023-01-31 21:28:00",186,13.358,0
44957,"2023-01-31 21:29:00",187,13.251,0
44957,"2023-01-31 21:30:00",188,13.144,0
44957,"2023-01-31 21:31:00",189,13.037,0
44957,"2023-01-31 21:32:00",190,12.930,0
44957,"2023-01-31 21:33:00",191,12.823,0
44957,"2023-01-31 21:34:00",192,12.716,0
44957,"2023-01-31 21:35:00",193,12.609,0
44957,"2023-01-31 21:36:00",194,12.502,0
44957,"2023-01-31 21:37:00",195,12.400,0
44957,"2023-01-31 21:38:00",196,12.320,0
44957,"2023-01-31 21:39:00",197,12.240,0
44957,"2023-01-31 21:40:00",198,12.160,0
44957,"2023-01-31 21:41:00",199,12.080,0
44957,"2023-01-31 21:42:00",200,12.000,0
44957,"2023-01-31 21:43:00",201,11.920,0
44957,"2023-01-31 21:44:00",202,11.840,0
44957,"2023-01-31 21:45:00",203,11.760,0
44957,"2023-01-31 21:46:00",204,11.680,0
44957,"2023-01-31 21:47:00",205,11.600,0
44957,"2023-01-31 21:48:00",206,11.520,0
44957,"2023-01-31 21:49:00",207,11.440,0
44957,"2023-01-31 21:50:00",208,11.360,0
44957,"2023-01-31 21:51:00",209,11.280,0
44957,"2023-01-31 21:52:00",210,11.200,0
44957,"2023-01-31 21:53:00",211,11.133,0
44957,"2023-01-31 21:54:00",212,11.066,0
44957,"2023-01-31 21:55:00",213,10.999,0
44957,"2023-01-31 21:56:00",214,10.932,0
44957,"2023-01-31 21:57:00",215,10.865,0
44957,"2023-01-31 21:58:00",216,10.798,0
44957,"2023-01-31 21:59:00",217,10.731,0
44957,"2023-01-31 22:00:00",218,10.664,0
44957,"2023-01-31 22:01:00",219,10.597,0
44957,"2023-01-31 22:02:00",220,10.530,0
44957,"2023-01-31 22:03:00",221,10.463,0
44957,"2023-01-31 22:04:00",222,10.396,0
44957,"2023-01-31 22:05:00",223,10.329,0
44957,"2023-01-31 22:06:00",224,10.262,0
44957,"2023-01-31 22:07:00",225,10.200,0
44957,"2023-01-31 22:08:00",226,10.180,0
44957,"2023-01-31 22:09:00",227,10.160,0
44957,"2023-01-31 22:10:00",228,10.140,0
44957,"2023-01-31 22:11:00",229,10.120,0
44957,"2023-01-31 22:12:00",230,10.100,0
44957,"2023-01-31 22:13:00",231,10.080,0
44957,"2023-01-31 22:14:00",232,10.060,0
44957,"2023-01-31 22:15:00",233,10.040,0
44957,"2023-01-31 22:16:00",234,10.020,0
44957,"2023-01-31 22:17:00",235,10.000,0
44957,"2023-01-31 22:18:00",236,9.980,0
44957,"2023-01-31 22:19:00",237,9.960,0
44957,"2023-01-31 22:20:00",238,9.940,0
44957,"2023-01-31 22:21:00",239,9.920,0
44957,"2023-01-31 22:22:00",240,9.900,0
44957,"2023-01-31 22:23:00",241,9.880,0
44957,"2023-01-31 22:24:00",242,9.860,0
44957,"2023-01-31 22:25:00",243,9.840,0
44957,"2023-01-31 22:26:00",244,9.820,0
44957,"2023-01-31 22:27:00",245,9.800,0
44957,"2023-01-31 22:28:00",246,9.780,0
44957,"2023-01-31 22:29:00",247,9.760,0
44957,"2023-01-31 22:30:00",248,9.740,0
44957,"2023-01-31 22:31:00",249,9.720,0
44957,"2023-01-31 22:32:00",250,9.700,0
44957,"2023-01-31 22:33:00",251,9.680,0
44957,"2023-01-31 22:34:00",252,9.660,0
44957,"2023-01-31 22:35:00",253,9.640,0
44957,"2023-01-31 22:36:00",254,9.620,0
44957,"2023-01-31 22:37:00",255,9.600,0
44957,"2023-01-31 22:38:00",256,9.553,0
44957,"2023-01-31 22:39:00",257,9.506,0
44957,"2023-01-31 22:40:00",258,9.459,0
44957,"2023-01-31 22:41:00",259,9.412,0
44957,"2023-01-31 22:42:00",260,9.365,0
44957,"2023-01-31 22:43:00",261,9.318,0
44957,"2023-01-31 22:44:00",262,9.271,0
44957,"2023-01-31 22:45:00",263,9.224,0
44957,"2023-01-31 22:46:00",264,9.177,0
44957,"2023-01-31 22:47:00",265,9.130,0
44957,"2023-01-31 22:48:00",266,9.083,0
44957,"2023-01-31 22:49:00",267,9.036,0
44957,"2023-01-31 22:50:00",268,8.989,0
44957,"2023-01-31 22:51:00",269,8.942,0
44957,"2023-01-31 22:52:00",270,8.900,0
44957,"2023-01-31 22:53:00",271,8.853,0
44957,"2023-01-31 22:54:00",272,8.806,0
44957,"2023-01-31 22:55:00",273,8.759,0
44957,"2023-01-31 22:56:00",274,8.712,0
44957,"2023-01-31 22:57:00",275,8.665,0
44957,"2023-01-31 22:58:00",276,8.618,0
44957,"2023-01-31 22:59:00",277,8.571,0
44957,"2023-01-31 23:00:00",278,8.524,0
44957,"2023-01-31 23:01:00",279,8.477,0
44957,"2023-01-31 23:02:00",280,8.430,0
44957,"2023-01-31 23:03:00",281,8.383,0
44957,"2023-01-31 23:04:00",282,8.336,0
44957,"2023-01-31 23:05:00",283,8.289,0
44957,"2023-01-31 23:06:00",284,8.242,0
44957,"2023-01-31 23:07:00",285,8.200,0
44957,"2023-01-31 23:08:00",286,8.167,0
44957,"2023-01-31 23:09:00",287,8.134,0
44957,"2023-01-31 23:10:00",288,8.101,0
44957,"2023-01-31 23:11:00",289,8.068,0
44957,"2023-01-31 23:12:00",290,8.035,0
44957,"2023-01-31 23:13:00",291,8.002,0
44957,"2023-01-31 23:14:00",292,7.969,0
44957,"2023-01-31 23:15:00",293,7.936,0
44957,"2023-01-31 23:16:00",294,7.903,0
44957,"2023-01-31 23:17:00",295,7.870,0
44957,"2023-01-31 23:18:00",296,7.837,0
44957,"2023-01-31 23:19:00",297,7.804,0
44957,"2023-01-31 23:20:00",298,7.771,0
44957,"2023-01-31 23:21:00",299,7.738,0
44957,"2023-01-31 23:22:00",300,7.700,0
44957,"2023-01-31 23:23:00",301,7.673,0
44957,"2023-01-31 23:24:00",302,7.646,0
44957,"2023-01-31 23:25:00",303,7.619,0
44957,"2023-01-31 23:26:00",304,7.592,0
44957,"2023-01-31 23:27:00",305,7.565,0
44957,"2023-01-31 23:28:00",306,7.538,0
44957,"2023-01-31 23:29:00",307,7.511,0
44957,"2023-01-31 23:30:00",308,7.484,0
44957,"2023-01-31 23:31:00",309,7.457,0
44957,"2023-01-31 23:32:00",310,7.430,0
44957,"2023-01-31 23:33:00",311,7.403,0
44957,"2023-01-31 23:34:00",312,7.376,0
44957,"2023-01-31 23:35:00",313,7.349,0
44957,"2023-01-31 23:36:00",314,7.322,0
44957,"2023-01-31 23:52:00",315,6.700,0
44957,"2023-01-31 23:53:00",331,6.667,0
44957,"2023-01-31 23:54:00",332,6.634,0
44957,"2023-01-31 23:55:00",333,6.601,0
44957,"2023-01-31 23:56:00",334,6.568,0
44957,"2023-01-31 23:57:00",335,6.535,0
44957,"2023-01-31 23:58:00",336,6.502,0
44957,"2023-01-31 23:59:00",337,6.469,0
44957,"2023-02-01 00:00:00",338,6.436,0
44957,"2023-02-01 00:01:00",339,6.403,0
44957,"2023-02-01 00:02:00",340,6.370,0
44957,"2023-02-01 00:03:00",341,6.337,0
44957,"2023-02-01 00:04:00",342,6.304,0
44957,"2023-02-01 00:05:00",343,6.271,0
44957,"2023-02-01 00:06:00",344,6.238,0
44957,"2023-02-01 00:07:00",345,6.200,0
44957,"2023-02-01 00:08:00",346,6.200,0
44957,"2023-02-01 00:09:00",347,6.200,0
44957,"2023-02-01 00:10:00",348,6.200,0
44957,"2023-02-01 00:11:00",349,6.200,0
44957,"2023-02-01 00:12:00",350,6.200,0
44957,"2023-02-01 00:13:00",351,6.200,0
44957,"2023-02-01 00:14:00",352,6.200,0
44957,"2023-02-01 00:15:00",353,6.200,0
44957,"2023-02-01 00:16:00",354,6.200,0
44957,"2023-02-01 00:17:00",355,6.200,0
44957,"2023-02-01 00:18:00",356,6.200,0
44957,"2023-02-01 00:19:00",357,6.200,0
44957,"2023-02-01 00:20:00",358,6.200,0
44957,"2023-02-01 00:21:00",359,6.200,0
44957,"2023-02-01 00:22:00",360,6.200,0
44957,"2023-02-01 00:23:00",361,6.211,0
44957,"2023-02-01 00:24:00",362,6.222,0
44957,"2023-02-01 00:25:00",363,6.233,0
44957,"2023-02-01 00:26:00",364,6.244,0
44957,"2023-02-01 00:27:00",365,6.255,0
44957,"2023-02-01 00:28:00",366,6.266,0
44957,"2023-02-01 00:29:00",367,6.277,0
44957,"2023-02-01 00:30:00",368,6.288,0
44957,"2023-02-01 00:31:00",369,6.299,0
44957,"2023-02-01 00:32:00",370,6.310,0
44957,"2023-02-01 00:33:00",371,6.321,0
44957,"2023-02-01 00:34:00",372,6.332,0
44957,"2023-02-01 00:35:00",373,6.343,0
44957,"2023-02-01 00:36:00",374,6.354,0
44957,"2023-02-01 00:37:00",375,6.365,0
44957,"2023-02-01 00:38:00",376,6.376,0
44957,"2023-02-01 00:39:00",377,6.387,0
44957,"2023-02-01 00:40:00",378,6.400,0
44957,"2023-02-01 00:41:00",379,6.407,0
44957,"2023-02-01 00:42:00",380,6.414,0
44957,"2023-02-01 00:43:00",381,6.421,0
44957,"2023-02-01 00:44:00",382,6.428,0
44957,"2023-02-01 00:45:00",383,6.435,0
44957,"2023-02-01 00:46:00",384,6.442,0
44957,"2023-02-01 00:47:00",385,6.449,0
44957,"2023-02-01 00:48:00",386,6.456,0
44957,"2023-02-01 00:49:00",387,6.463,0
44957,"2023-02-01 00:50:00",388,6.470,0
44957,"2023-02-01 00:51:00",389,6.477,0
44957,"2023-02-01 00:52:00",390,6.484,0
44957,"2023-02-01 00:53:00",391,6.491,0
44957,"2023-02-01 00:54:00",392,6.498,0
44957,"2023-02-01 00:55:00",393,6.500,0
44957,"2023-02-01 00:56:00",394,6.480,0
44957,"2023-02-01 00:57:00",395,6.460,0
44957,"2023-02-01 00:58:00",396,6.440,0
44957,"2023-02-01 00:59:00",397,6.420,0
44957,"2023-02-01 01:00:00",398,6.400,0
44957,"2023-02-01 01:01:00",399,6.380,0
44957,"2023-02-01 01:02:00",400,6.360,0
44957,"2023-02-01 01:03:00",401,6.340,0
44957,"2023-02-01 01:04:00",402,6.320,0
44957,"2023-02-01 01:05:00",403,6.300,0
44957,"2023-02-01 01:06:00",404,6.280,0
44957,"2023-02-01 01:07:00",405,6.260,0
44957,"2023-02-01 01:08:00",406,6.240,0
44957,"2023-02-01 01:09:00",407,6.220,0
44957,"2023-02-01 01:10:00",408,6.200,0
44957,"2023-02-01 01:11:00",409,6.180,0
44957,"2023-02-01 01:12:00",410,6.160,0
44957,"2023-02-01 01:13:00",411,6.140,0
44957,"2023-02-01 01:14:00",412,6.120,0
44957,"2023-02-01 01:15:00",413,6.100,0
44957,"2023-02-01 01:16:00",414,6.080,0
44957,"2023-02-01 01:17:00",415,6.060,0
44957,"2023-02-01 01:18:00",416,6.040,0
44957,"2023-02-01 01:19:00",417,6.020,0
44957,"2023-02-01 01:20:00",418,6.000,0
44957,"2023-02-01 01:21:00",419,5.980,0
44957,"2023-02-01 01:22:00",420,5.960,0
44957,"2023-02-01 01:23:00",421,5.940,0
44957,"2023-02-01 01:24:00",422,5.920,0
44957,"2023-02-01 01:25:00",423,5.900,0
44957,"2023-02-01 01:26:00",424,5.893,0
44957,"2023-02-01 01:27:00",425,5.886,0
44957,"2023-02-01 01:28:00",426,5.879,0
44957,"2023-02-01 01:29:00",427,5.872,0
44957,"2023-02-01 01:30:00",428,5.865,0
44957,"2023-02-01 01:31:00",429,5.858,0
44957,"2023-02-01 01:32:00",430,5.851,0
44957,"2023-02-01 01:33:00",431,5.844,0
44957,"2023-02-01 01:34:00",432,5.837,0
44957,"2023-02-01 01:35:00",433,5.830,0
44957,"2023-02-01 01:36:00",434,5.823,0
44957,"2023-02-01 01:37:00",435,5.816,0
44957,"2023-02-01 01:38:00",436,5.809,0
44957,"2023-02-01 01:39:00",437,5.802,0
44957,"2023-02-01 01:40:00",438,5.800,0
44957,"2023-02-01 01:41:00",439,5.773,0
44957,"2023-02-01 01:42:00",440,5.746,0
44957,"2023-02-01 01:43:00",441,5.719,0
44957,"2023-02-01 01:44:00",442,5.692,0
44957,"2023-02-01 01:45:00",443,5.665,0
44957,"2023-02-01 01:46:00",444,5.638,0
44957,"2023-02-01 01:47:00",445,5.611,0
44957,"2023-02-01 01:48:00",446,5.584,0
44957,"2023-02-01 01:49:00",447,5.557,0
44957,"2023-02-01 01:50:00",448,5.530,0
44957,"2023-02-01 01:51:00",449,5.503,0
44957,"2023-02-01 01:52:00",450,5.476,0
44957,"2023-02-01 01:53:00",451,5.449,0
44957,"2023-02-01 01:54:00",452,5.422,0
44957,"2023-02-01 01:55:00",453,5.400,0
44957,"2023-02-01 01:56:00",454,5.353,0
44957,"2023-02-01 01:57:00",455,5.306,0
44957,"2023-02-01 01:58:00",456,5.259,0
44957,"2023-02-01 01:59:00",457,5.212,0
44957,"2023-02-01 02:00:00",458,5.165,0
44957,"2023-02-01 02:01:00",459,5.118,0
44957,"2023-02-01 02:02:00",460,5.071,0
44957,"2023-02-01 02:03:00",461,5.024,0
44957,"2023-02-01 02:04:00",462,4.977,0
44957,"2023-02-01 02:05:00",463,4.930,0
44957,"2023-02-01 02:06:00",464,4.883,0
44957,"2023-02-01 02:07:00",465,4.836,0
44957,"2023-02-01 02:08:00",466,4.789,0
44957,"2023-02-01 02:09:00",467,4.742,0
44957,"2023-02-01 02:10:00",468,4.700,0
44957,"2023-02-01 02:11:00",469,4.700,0
44957,"2023-02-01 02:12:00",470,4.700,0
44957,"2023-02-01 02:13:00",471,4.700,0
44957,"2023-02-01 02:14:00",472,4.700,0
44957,"2023-02-01 02:15:00",473,4.700,0
44957,"2023-02-01 02:16:00",474,4.700,0
44957,"2023-02-01 02:17:00",475,4.700,0
44957,"2023-02-01 02:18:00",476,4.700,0
44957,"2023-02-01 02:19:00",477,4.700,0
44957,"2023-02-01 02:20:00",478,4.700,0
44957,"2023-02-01 02:21:00",479,4.700,0
44964,"2023-02-07 18:21:00",0,6.080,2
44964,"2023-02-07 18:22:00",1,6.100,2
44964,"2023-02-07 18:23:00",2,6.227,2
44964,"2023-02-07 18:24:00",3,6.354,2
44964,"2023-02-07 18:25:00",4,6.481,2
44964,"2023-02-07 18:26:00",5,6.608,2
44964,"2023-02-07 18:27:00",6,6.735,2
44964,"2023-02-07 18:28:00",7,6.862,2
44964,"2023-02-07 18:29:00",8,6.989,2
44964,"2023-02-07 18:30:00",9,7.116,2
44964,"2023-02-07 18:31:00",10,7.243,2
44964,"2023-02-07 18:32:00",11,7.370,2
44964,"2023-02-07 18:33:00",12,7.497,2
44964,"2023-02-07 18:34:00",13,7.624,2
44964,"2023-02-07 18:35:00",14,7.751,2
44964,"2023-02-07 18:36:00",15,7.878,2
44964,"2023-02-07 18:37:00",16,8.000,2
44964,"2023-02-07 18:38:00",17,8.207,2
44964,"2023-02-07 18:39:00",18,8.414,2
44964,"2023-02-07 18:40:00",19,8.621,2
44964,"2023-02-07 18:41:00",20,8.828,2
44964,"2023-02-07 18:42:00",21,9.035,2
44964,"2023-02-07 18:43:00",22,9.242,2
44964,"2023-02-07 18:44:00",23,9.449,2
44964,"2023-02-07 18:45:00",24,9.656,2
44964,"2023-02-07 18:46:00",25,9.863,2
44964,"2023-02-07 18:47:00",26,10.070,2
44964,"2023-02-07 18:48:00",27,10.277,2
44964,"2023-02-07 18:49:00",28,10.484,2
44964,"2023-02-07 18:50:00",29,10.691,2
44964,"2023-02-07 18:51:00",30,10.898,2
44964,"2023-02-07 18:52:00",31,11.100,2
44964,"2023-02-07 18:53:00",32,11.273,2
44964,"2023-02-07 18:54:00",33,11.446,2
44964,"2023-02-07 18:55:00",34,11.619,2
44964,"2023-02-07 18:56:00",35,11.792,2
44964,"2023-02-07 18:57:00",36,11.965,2
44964,"2023-02-07 18:58:00",37,12.138,2
44964,"2023-02-07 18:59:00",38,12.311,2
44964,"2023-02-07 19:00:00",39,12.484,2
44964,"2023-02-07 19:01:00",40,12.657,2
44964,"2023-02-07 19:02:00",41,12.830,2
44964,"2023-02-07 19:03:00",42,13.003,2
44964,"2023-02-07 19:04:00",43,13.176,2
44964,"2023-02-07 19:05:00",44,13.349,2
44964,"2023-02-07 19:06:00",45,13.522,2
44964,"2023-02-07 19:07:00",46,13.700,2
44964,"2023-02-07 19:08:00",47,13.833,2
44964,"2023-02-07 19:09:00",48,13.966,2
44964,"2023-02-07 19:10:00",49,14.099,2
44964,"2023-02-07 19:11:00",50,14.232,2
44964,"2023-02-07 19:12:00",51,14.365,2
44964,"2023-02-07 19:13:00",52,14.498,2
44964,"2023-02-07 19:14:00",53,14.631,2
44964,"2023-02-07 19:15:00",54,14.764,2
44964,"2023-02-07 19:16:00",55,14.897,2
44964,"2023-02-07 19:17:00",56,15.030,2
44964,"2023-02-07 19:18:00",57,15.163,2
44964,"2023-02-07 19:19:00",58,15.296,2
44964,"2023-02-07 19:20:00",59,15.429,2
44964,"2023-02-07 19:21:00",60,15.562,2
44964,"2023-02-07 19:22:00",61,15.700,2
44964,"2023-02-07 19:23:00",62,15.800,2
44964,"2023-02-07 19:24:00",63,15.900,2
44964,"2023-02-07 19:25:00",64,16.000,2
44964,"2023-02-07 19:26:00",65,16.100,2
44964,"2023-02-07 19:27:00",66,16.200,2
44964,"2023-02-07 19:28:00",67,16.300,2
44964,"2023-02-07 19:29:00",68,16.400,2
44964,"2023-02-07 19:30:00",69,16.500,2
44964,"2023-02-07 19:31:00",70,16.600,2
44964,"2023-02-07 19:32:00",71,16.700,2
44964,"2023-02-07 19:33:00",72,16.800,2
44964,"2023-02-07 19:34:00",73,16.900,2
44964,"2023-02-07 19:35:00",74,17.000,2
44964,"2023-02-07 19:36:00",75,17.100,2
44964,"2023-02-07 19:37:00",76,17.200,2
44964,"2023-02-07 19:38:00",77,17.253,2
44964,"2023-02-07 19:39:00",78,17.306,2
44964,"2023-02-07 19:40:00",79,17.359,2
44964,"2023-02-07 19:41:00",80,17.412,2
44964,"2023-02-07 19:42:00",81,17.465,2
44964,"2023-02-07 19:43:00",82,17.518,2
44964,"2023-02-07 19:44:00",83,17.571,2
44964,"2023-02-07 19:45:00",84,17.624,2
44964,"2023-02-07 19:46:00",85,17.677,2
44964,"2023-02-07 19:47:00",86,17.730,2
44964,"2023-02-07 19:48:00",87,17.783,2
44964,"2023-02-07 19:49:00",88,17.836,2
44964,"2023-02-07 19:50:00",89,17.889,2
44964,"2023-02-07 19:51:00",90,17.942,2
44964,"2023-02-07 19:52:00",91,18.000,2
44964,"2023-02-07 19:53:00",92,18.060,2
44964,"2023-02-07 19:54:00",93,18.120,2
44964,"2023-02-07 19:55:00",94,18.180,2
44964,"2023-02-07 19:56:00",95,18.240,2
44964,"2023-02-07 19:57:00",96,18.300,2
44964,"2023-02-07 19:58:00",97,18.360,2
44964,"2023-02-07 19:59:00",98,18.420,2
44964,"2023-02-07 20:00:00",99,18.480,2
44964,"2023-02-07 20:01:00",100,18.540,2
44964,"2023-02-07 20:02:00",101,18.600,2
44964,"2023-02-07 20:03:00",102,18.660,2
44964,"2023-02-07 20:04:00",103,18.720,2
44964,"2023-02-07 20:05:00",104,18.780,2
44964,"2023-02-07 20:06:00",105,18.840,2
44964,"2023-02-07 20:07:00",106,18.900,2
44964,"2023-02-07 20:08:00",107,18.873,2
44964,"2023-02-07 20:09:00",108,18.846,2
44964,"2023-02-07 20:10:00",109,18.819,2
44964,"2023-02-07 20:11:00",110,18.792,2
44964,"2023-02-07 20:12:00",111,18.765,2
44964,"2023-02-07 20:13:00",112,18.738,2
44964,"2023-02-07 20:14:00",113,18.711,2
44964,"2023-02-07 20:15:00",114,18.684,2
44964,"2023-02-07 20:16:00",115,18.657,2
44964,"2023-02-07 20:17:00",116,18.630,2
44964,"2023-02-07 20:18:00",117,18.603,2
44964,"2023-02-07 20:19:00",118,18.576,2
44964,"2023-02-07 20:20:00",119,18.549,2
44964,"2023-02-07 20:21:00",120,18.522,2
44964,"2023-02-07 20:22:00",121,18.500,2
44964,"2023-02-07 20:23:00",122,18.433,2
44964,"2023-02-07 20:24:00",123,18.366,2
44964,"2023-02-07 20:25:00",124,18.299,2
44964,"2023-02-07 20:26:00",125,18.232,2
44964,"2023-02-07 20:27:00",126,18.165,2
44964,"2023-02-07 20:28:00",127,18.098,2
44964,"2023-02-07 20:29:00",128,18.031,2
44964,"2023-02-07 20:30:00",129,17.964,2
44964,"2023-02-07 20:31:00",130,17.897,2
44964,"2023-02-07 20:32:00",131,17.830,2
44964,"2023-02-07 20:33:00",132,17.763,2
44964,"2023-02-07 20:34:00",133,17.696,2
44964,"2023-02-07 20:35:00",134,17.629,2
44964,"2023-02-07 20:36:00",135,17.562,2
44964,"2023-02-07 20:37:00",136,17.500,2
44964,"2023-02-07 20:38:00",137,17.494,2
44964,"2023-02-07 20:39:00",138,17.488,2
44964,"2023-02-07 20:40:00",139,17.482,2
44964,"2023-02-07 20:41:00",140,17.476,2
44964,"2023-02-07 20:42:00",141,17.470,2
44964,"2023-02-07 20:43:00",142,17.464,2
44964,"2023-02-07 20:44:00",143,17.458,2
44964,"2023-02-07 20:45:00",144,17.452,2
44964,"2023-02-07 20:46:00",145,17.446,2
44964,"2023-02-07 20:47:00",146,17.440,2
44964,"2023-02-07 20:48:00",147,17.434,2
44964,"2023-02-07 20:49:00",148,17.428,2
44964,"2023-02-07 20:50:00",149,17.422,2
44964,"2023-02-07 20:51:00",150,17.416,2
44964,"2023-02-07 20:52:00",151,17.410,2
44964,"2023-02-07 20:53:00",152,17.400,2
44964,"2023-02-07 20:54:00",153,17.280,2
44964,"2023-02-07 20:55:00",154,17.160,2
44964,"2023-02-07 20:56:00",155,17.040,2
44964,"2023-02-07 20:57:00",156,16.920,2
44964,"2023-02-07 20:58:00",157,16.800,2
44964,"2023-02-07 20:59:00",158,16.680,2
44964,"2023-02-07 21:00:00",159,16.560,2
44964,"2023-02-07 21:01:00",160,16.440,2
44964,"2023-02-07 21:02:00",161,16.320,2
44964,"2023-02-07 21:03:00",162,16.200,2
44964,"2023-02-07 21:04:00",163,16.080,2
44964,"2023-02-07 21:05:00",164,15.960,2
44964,"2023-02-07 21:06:00",165,15.840,2
44964,"2023-02-07 21:07:00",166,15.720,2
44964,"2023-02-07 21:08:00",167,15.600,2
44964,"2023-02-07 21:09:00",168,15.440,2
44964,"2023-02-07 21:10:00",169,15.280,2
44964,"2023-02-07 21:11:00",170,15.120,2
44964,"2023-02-07 21:12:00",171,14.960,2
44964,"2023-02-07 21:13:00",172,14.800,2
44964,"2023-02-07 21:14:00",173,14.640,2
44964,"2023-02-07 21:15:00",174,14.480,2
44964,"2023-02-07 21:16:00",175,14.320,2
44964,"2023-02-07 21:17:00",176,14.160,2
44964,"2023-02-07 21:18:00",177,14.000,2
44964,"2023-02-07 21:19:00",178,13.840,2
44964,"2023-02-07 21:20:00",179,13.680,2
44964,"2023-02-07 21:21:00",180,13.520,2
44964,"2023-02-07 21:22:00",181,13.360,2
44964,"2023-02-07 21:23:00",182,13.200,2
44964,"2023-02-07 21:24:00",183,13.253,2
44964,"2023-02-07 21:25:00",184,13.306,2
44964,"2023-02-07 21:26:00",185,13.359,2
44964,"2023-02-07 21:27:00",186,13.412,2
44964,"2023-02-07 21:28:00",187,13.465,2
44964,"2023-02-07 21:29:00",188,13.518,2
44964,"2023-02-07 21:30:00",189,13.571,2
44964,"2023-02-07 21:31:00",190,13.624,2
44964,"2023-02-07 21:32:00",191,13.677,2
44964,"2023-02-07 21:33:00",192,13.730,2
44964,"2023-02-07 21:34:00",193,13.783,2
44964,"2023-02-07 21:35:00",194,13.836,2
44964,"2023-02-07 21:36:00",195,13.889,2
44964,"2023-02-07 21:37:00",196,13.942,2
44964,"2023-02-07 21:38:00",197,14.000,2
44964,"2023-02-07 21:39:00",198,14.113,2
44964,"2023-02-07 21:40:00",199,14.226,2
44964,"2023-02-07 21:41:00",200,14.339,2
44964,"2023-02-07 21:42:00",201,14.452,2
44964,"2023-02-07 21:43:00",202,14.565,2
44964,"2023-02-07 21:44:00",203,14.678,2
44964,"2023-02-07 21:45:00",204,14.791,2
44964,"2023-02-07 21:46:00",205,14.904,2
44964,"2023-02-07 21:47:00",206,15.017,2
44964,"2023-02-07 21:48:00",207,15.130,2
44964,"2023-02-07 21:49:00",208,15.243,2
44964,"2023-02-07 21:50:00",209,15.356,2
44964,"2023-02-07 21:51:00",210,15.469,2
44964,"2023-02-07 21:52:00",211,15.582,2
44964,"2023-02-07 21:53:00",212,15.700,2
44964,"2023-02-07 21:54:00",213,15.620,2
44964,"2023-02-07 21:55:00",214,15.540,2
44964,"2023-02-07 21:56:00",215,15.460,2
44964,"2023-02-07 21:57:00",216,15.380,2
44964,"2023-02-07 21:58:00",217,15.300,2
44964,"2023-02-07 21:59:00",218,15.220,2
44964,"2023-02-07 22:00:00",219,15.140,2
44964,"2023-02-07 22:01:00",220,15.060,2
44964,"2023-02-07 22:02:00",221,14.980,2
44964,"2023-02-07 22:03:00",222,14.900,2
44964,"2023-02-07 22:04:00",223,14.820,2
44964,"2023-02-07 22:05:00",224,14.740,2
44964,"2023-02-07 22:06:00",225,14.660,2
44964,"2023-02-07 22:07:00",226,14.580,2
44964,"2023-02-07 22:08:00",227,14.500,2
44964,"2023-02-07 22:09:00",228,14.407,2
44964,"2023-02-07 22:10:00",229,14.314,2
44964,"2023-02-07 22:11:00",230,14.221,2
44964,"2023-02-07 22:12:00",231,14.128,2
44964,"2023-02-07 22:13:00",232,14.035,2
44964,"2023-02-07 22:14:00",233,13.942,2
44964,"2023-02-07 22:15:00",234,13.849,2
44964,"2023-02-07 22:16:00",235,13.756,2
44964,"2023-02-07 22:17:00",236,13.663,2
44964,"2023-02-07 22:18:00",237,13.570,2
44964,"2023-02-07 22:19:00",238,13.477,2
44964,"2023-02-07 22:20:00",239,13.384,2
44964,"2023-02-07 22:21:00",240,13.291,2
44964,"2023-02-07 22:22:00",241,13.198,2
44964,"2023-02-07 22:23:00",242,13.100,2
44964,"2023-02-07 22:24:00",243,13.053,2
44964,"2023-02-07 22:25:00",244,13.006,2
44964,"2023-02-07 22:26:00",245,12.959,2
44964,"2023-02-07 22:27:00",246,12.912,2
44964,"2023-02-07 22:28:00",247,12.865,2
44964,"2023-02-07 22:29:00",248,12.818,2
44964,"2023-02-07 22:30:00",249,12.771,2
44964,"2023-02-07 22:31:00",250,12.724,2
44964,"2023-02-07 22:32:00",251,12.677,2
44964,"2023-02-07 22:33:00",252,12.630,2
44964,"2023-02-07 22:34:00",253,12.583,2
44964,"2023-02-07 22:35:00",254,12.536,2
44964,"2023-02-07 22:36:00",255,12.489,2
44964,"2023-02-07 22:37:00",256,12.442,2
44964,"2023-02-07 22:38:00",257,12.400,2
44964,"2023-02-07 22:39:00",258,12.353,2
44964,"2023-02-07 22:40:00",259,12.306,2
44964,"2023-02-07 22:41:00",260,12.259,2
44964,"2023-02-07 22:42:00",261,12.212,2
44964,"2023-02-07 22:43:00",262,12.165,2
44964,"2023-02-07 22:44:00",263,12.118,2
44964,"2023-02-07 22:45:00",264,12.071,2
44964,"2023-02-07 22:46:00",265,12.024,2
44964,"2023-02-07 22:47:00",266,11.977,2
44964,"2023-02-07 22:48:00",267,11.930,2
44964,"2023-02-07 22:49:00",268,11.883,2
44964,"2023-02-07 22:50:00",269,11.836,2
44964,"2023-02-07 22:51:00",270,11.789,2
44964,"2023-02-07 22:52:00",271,11.742,2
44964,"2023-02-07 22:53:00",272,11.700,2
44964,"2023-02-07 22:54:00",273,11.653,2
44964,"2023-02-07 22:55:00",274,11.606,2
44964,"2023-02-07 22:56:00",275,11.559,2
44964,"2023-02-07 22:57:00",276,11.512,2
44964,"2023-02-07 22:58:00",277,11.465,2
44964,"2023-02-07 22:59:00",278,11.418,2
44964,"2023-02-07 23:00:00",279,11.371,2
44964,"2023-02-07 23:01:00",280,11.324,2
44964,"2023-02-07 23:02:00",281,11.277,2
44964,"2023-02-07 23:03:00",282,11.230,2
44964,"2023-02-07 23:04:00",283,11.183,2
44964,"2023-02-07 23:05:00",284,11.136,2
44964,"2023-02-07 23:06:00",285,11.089,2
44964,"2023-02-07 23:07:00",286,11.042,2
44964,"2023-02-07 23:08:00",287,11.000,2
44964,"2023-02-07 23:09:00",288,10.944,2
44964,"2023-02-07 23:10:00",289,10.888,2
44964,"2023-02-07 23:11:00",290,10.832,2
44964,"2023-02-07 23:12:00",291,10.776,2
44964,"2023-02-07 23:13:00",292,10.720,2
44964,"2023-02-07 23:14:00",293,10.664,2
44964,"2023-02-07 23:15:00",294,10.608,2
44964,"2023-02-07 23:16:00",295,10.552,2
44964,"2023-02-07 23:17:00",296,10.496,2
44964,"2023-02-07 23:18:00",297,10.440,2
44964,"2023-02-07 23:19:00",298,10.384,2
44964,"2023-02-07 23:20:00",299,10.328,2
44964,"2023-02-07 23:21:00",300,10.272,2
44964,"2023-02-07 23:22:00",301,10.216,2
44964,"2023-02-07 23:23:00",302,10.160,2
44964,"2023-02-07 23:24:00",303,10.104,2
44964,"2023-02-07 23:25:00",304,10.048,2
44964,"2023-02-07 23:26:00",305,10.000,2
44964,"2023-02-07 23:27:00",306,9.920,2
44964,"2023-02-07 23:28:00",307,9.840,2
44964,"2023-02-07 23:29:00",308,9.760,2
44964,"2023-02-07 23:30:00",309,9.680,2
44964,"2023-02-07 23:31:00",310,9.600,2
44964,"2023-02-07 23:32:00",311,9.520,2
44964,"2023-02-07 23:33:00",312,9.440,2
44964,"2023-02-07 23:34:00",313,9.360,2
44964,"2023-02-07 23:35:00",314,9.280,2
44964,"2023-02-07 23:36:00",315,9.200,2
44964,"2023-02-07 23:37:00",316,9.120,2
44964,"2023-02-07 23:38:00",317,9.040,2
44964,"2023-02-07 23:39:00",318,8.960,2
44964,"2023-02-07 23:40:00",319,8.880,2
44964,"2023-02-07 23:41:00",320,8.800,2
44964,"2023-02-07 23:42:00",321,8.773,2
44964,"2023-02-07 23:43:00",322,8.746,2
44964,"2023-02-07 23:44:00",323,8.719,2
44964,"2023-02-07 23:45:00",324,8.692,2
44964,"2023-02-07 23:46:00",325,8.665,2
44964,"2023-02-07 23:47:00",326,8.638,2
44964,"2023-02-07 23:48:00",327,8.611,2
44964,"2023-02-07 23:49:00",328,8.584,2
44964,"2023-02-07 23:50:00",329,8.557,2
44964,"2023-02-07 23:51:00",330,8.530,2
44964,"2023-02-07 23:52:00",331,8.503,2
44964,"2023-02-07 23:53:00",332,8.476,2
44964,"2023-02-07 23:54:00",333,8.449,2
44964,"2023-02-07 23:55:00",334,8.422,2
44964,"2023-02-07 23:56:00",335,8.400,2
44964,"2023-02-07 23:57:00",336,8.420,2
44964,"2023-02-07 23:58:00",337,8.440,2
44964,"2023-02-07 23:59:00",338,8.460,2
44964,"2023-02-08 00:00:00",339,8.480,2
44964,"2023-02-08 00:01:00",340,8.500,2
44964,"2023-02-08 00:02:00",341,8.520,2
44964,"2023-02-08 00:03:00",342,8.540,2
44964,"2023-02-08 00:04:00",343,8.560,2
44964,"2023-02-08 00:05:00",344,8.580,2
44964,"2023-02-08 00:06:00",345,8.600,2
44964,"2023-02-08 00:07:00",346,8.620,2
44964,"2023-02-08 00:08:00",347,8.640,2
44964,"2023-02-08 00:09:00",348,8.660,2
44964,"2023-02-08 00:10:00",349,8.680,2
44964,"2023-02-08 00:11:00",350,8.700,2
44964,"2023-02-08 00:12:00",351,8.713,2
44964,"2023-02-08 00:13:00",352,8.726,2
44964,"2023-02-08 00:14:00",353,8.739,2
44964,"2023-02-08 00:15:00",354,8.752,2
44964,"2023-02-08 00:16:00",355,8.765,2
44964,"2023-02-08 00:17:00",356,8.778,2
44964,"2023-02-08 00:18:00",357,8.791,2
44964,"2023-02-08 00:19:00",358,8.804,2
44964,"2023-02-08 00:20:00",359,8.817,2
44964,"2023-02-08 00:21:00",360,8.830,2
44964,"2023-02-08 00:22:00",361,8.843,2
44964,"2023-02-08 00:23:00",362,8.856,2
44964,"2023-02-08 00:24:00",363,8.869,2
44964,"2023-02-08 00:25:00",364,8.882,2
44964,"2023-02-08 00:26:00",365,8.900,2
44964,"2023-02-08 00:27:00",366,8.887,2
44964,"2023-02-08 00:28:00",367,8.874,2
44964,"2023-02-08 00:29:00",368,8.861,2
44964,"2023-02-08 00:30:00",369,8.848,2
44964,"2023-02-08 00:31:00",370,8.835,2
44964,"2023-02-08 00:32:00",371,8.822,2
44964,"2023-02-08 00:33:00",372,8.809,2
44964,"2023-02-08 00:34:00",373,8.796,2
44964,"2023-02-08 00:35:00",374,8.783,2
44964,"2023-02-08 00:36:00",375,8.770,2
44964,"2023-02-08 00:37:00",376,8.757,2
44964,"2023-02-08 00:38:00",377,8.744,2
44964,"2023-02-08 00:39:00",378,8.731,2
44964,"2023-02-08 00:40:00",379,8.718,2
44964,"2023-02-08 00:41:00",380,8.700,2
44964,"2023-02-08 00:42:00",381,8.667,2
44964,"2023-02-08 00:43:00",382,8.634,2
44964,"2023-02-08 00:44:00",383,8.601,2
44964,"2023-02-08 00:45:00",384,8.568,2
44964,"2023-02-08 00:46:00",385,8.535,2
44964,"2023-02-08 00:47:00",386,8.502,2
44964,"2023-02-08 00:48:00",387,8.469,2
44964,"2023-02-08 00:49:00",388,8.436,2
44964,"2023-02-08 00:50:00",389,8.403,2
44964,"2023-02-08 00:51:00",390,8.370,2
44964,"2023-02-08 00:52:00",391,8.337,2
44964,"2023-02-08 00:53:00",392,8.304,2
44964,"2023-02-08 00:54:00",393,8.271,2
44964,"2023-02-08 00:55:00",394,8.238,2
44964,"2023-02-08 00:56:00",395,8.200,2
44964,"2023-02-08 00:57:00",396,8.153,2
44964,"2023-02-08 00:58:00",397,8.106,2
44964,"2023-02-08 00:59:00",398,8.059,2
44964,"2023-02-08 01:00:00",399,8.012,2
44964,"2023-02-08 01:01:00",400,7.965,2
44964,"2023-02-08 01:02:00",401,7.918,2
44964,"2023-02-08 01:03:00",402,7.871,2
44964,"2023-02-08 01:04:00",403,7.824,2
44964,"2023-02-08 01:05:00",404,7.777,2
44964,"2023-02-08 01:06:00",405,7.730,2
44964,"2023-02-08 01:07:00",406,7.683,2
44964,"2023-02-08 01:08:00",407,7.636,2
44964,"2023-02-08 01:09:00",408,7.589,2
44964,"2023-02-08 01:10:00",409,7.542,2
44964,"2023-02-08 01:11:00",410,7.500,2
44964,"2023-02-08 01:12:00",411,7.487,2
44964,"2023-02-08 01:13:00",412,7.474,2
44964,"2023-02-08 01:14:00",413,7.461,2
44964,"2023-02-08 01:15:00",414,7.448,2
44964,"2023-02-08 01:16:00",415,7.435,2
44964,"2023-02-08 01:17:00",416,7.422,2
44964,"2023-02-08 01:18:00",417,7.409,2
44964,"2023-02-08 01:19:00",418,7.396,2
44964,"2023-02-08 01:20:00",419,7.383,2
44964,"2023-02-08 01:21:00",420,7.370,2
44964,"2023-02-08 01:22:00",421,7.357,2
44964,"2023-02-08 01:23:00",422,7.344,2
44964,"2023-02-08 01:24:00",423,7.331,2
44964,"2023-02-08 01:25:00",424,7.318,2
44964,"2023-02-08 01:26:00",425,7.300,2
44964,"2023-02-08 01:27:00",426,7.333,2
44964,"2023-02-08 01:28:00",427,7.366,2
44964,"2023-02-08 01:29:00",428,7.399,2
44964,"2023-02-08 01:30:00",429,7.432,2
44964,"2023-02-08 01:31:00",430,7.465,2
44964,"2023-02-08 01:32:00",431,7.498,2
44964,"2023-02-08 01:33:00",432,7.531,2
44964,"2023-02-08 01:34:00",433,7.564,2
44964,"2023-02-08 01:35:00",434,7.597,2
44964,"2023-02-08 01:36:00",435,7.630,2
44964,"2023-02-08 01:37:00",436,7.663,2
44964,"2023-02-08 01:38:00",437,7.696,2
44964,"2023-02-08 01:39:00",438,7.729,2
44964,"2023-02-08 01:40:00",439,7.762,2
44964,"2023-02-08 01:41:00",440,7.800,2
44964,"2023-02-08 01:42:00",441,7.840,2
44964,"2023-02-08 01:43:00",442,7.880,2
44964,"2023-02-08 01:44:00",443,7.920,2
44964,"2023-02-08 01:45:00",444,7.960,2
44964,"2023-02-08 01:46:00",445,8.000,2
44964,"2023-02-08 01:47:00",446,8.040,2
44964,"2023-02-08 01:48:00",447,8.080,2
44964,"2023-02-08 01:49:00",448,8.120,2
44964,"2023-02-08 01:50:00",449,8.160,2
44964,"2023-02-08 01:51:00",450,8.200,2
44964,"2023-02-08 01:52:00",451,8.240,2
44964,"2023-02-08 01:53:00",452,8.280,2
44964,"2023-02-08 01:54:00",453,8.320,2
44964,"2023-02-08 01:55:00",454,8.360,2
44964,"2023-02-08 01:56:00",455,8.400,2
44964,"2023-02-08 01:57:00",456,8.400,2
44964,"2023-02-08 01:58:00",457,8.400,2
44964,"2023-02-08 01:59:00",458,8.400,2
44964,"2023-02-08 02:00:00",459,8.400,2
44964,"2023-02-08 02:01:00",460,8.400,2
44964,"2023-02-08 02:02:00",461,8.400,2
44964,"2023-02-08 02:03:00",462,8.400,2
44964,"2023-02-08 02:04:00",463,8.400,2
44964,"2023-02-08 02:05:00",464,8.400,2
44964,"2023-02-08 02:06:00",465,8.400,2
44964,"2023-02-08 02:07:00",466,8.400,2
44964,"2023-02-08 02:08:00",467,8.400,2
44964,"2023-02-08 02:09:00",468,8.400,2
44964,"2023-02-08 02:10:00",469,8.400,2
44964,"2023-02-08 02:11:00",470,8.400,2
44964,"2023-02-08 02:12:00",471,8.380,2
44964,"2023-02-08 02:13:00",472,8.360,2
44964,"2023-02-08 02:14:00",473,8.340,2
44964,"2023-02-08 02:15:00",474,8.320,2
44964,"2023-02-08 02:16:00",475,8.300,2
44964,"2023-02-08 02:17:00",476,8.280,2
44964,"2023-02-08 02:18:00",477,8.260,2
44964,"2023-02-08 02:19:00",478,8.240,2
44964,"2023-02-08 02:20:00",479,8.220,2
44984,"2023-02-27 19:05:00",0,5.700,2
44984,"2023-02-27 19:06:00",1,5.767,2
44984,"2023-02-27 19:07:00",2,5.834,2
44984,"2023-02-27 19:08:00",3,5.901,2
44984,"2023-02-27 19:09:00",4,5.968,2
44984,"2023-02-27 19:10:00",5,6.035,2
44984,"2023-02-27 19:11:00",6,6.102,2
44984,"2023-02-27 19:12:00",7,6.169,2
44984,"2023-02-27 19:13:00",8,6.236,2
44984,"2023-02-27 19:14:00",9,6.303,2
44984,"2023-02-27 19:15:00",10,6.370,2
44984,"2023-02-27 19:16:00",11,6.437,2
44984,"2023-02-27 19:17:00",12,6.504,2
44984,"2023-02-27 19:18:00",13,6.571,2
44984,"2023-02-27 19:19:00",14,6.638,2
44984,"2023-02-27 19:20:00",15,6.700,2
44984,"2023-02-27 19:21:00",16,6.933,2
44984,"2023-02-27 19:22:00",17,7.166,2
44984,"2023-02-27 19:23:00",18,7.399,2
44984,"2023-02-27 19:24:00",19,7.632,2
44984,"2023-02-27 19:25:00",20,7.865,2
44984,"2023-02-27 19:26:00",21,8.098,2
44984,"2023-02-27 19:27:00",22,8.331,2
44984,"2023-02-27 19:28:00",23,8.564,2
44984,"2023-02-27 19:29:00",24,8.797,2
44984,"2023-02-27 19:30:00",25,9.030,2
44984,"2023-02-27 19:31:00",26,9.263,2
44984,"2023-02-27 19:32:00",27,9.496,2
44984,"2023-02-27 19:33:00",28,9.729,2
44984,"2023-02-27 19:34:00",29,9.962,2
44984,"2023-02-27 19:35:00",30,10.200,2
44984,"2023-02-27 19:36:00",31,10.367,2
44984,"2023-02-27 19:37:00",32,10.534,2
44984,"2023-02-27 19:38:00",33,10.701,2
44984,"2023-02-27 19:39:00",34,10.868,2
44984,"2023-02-27 19:40:00",35,11.035,2
44984,"2023-02-27 19:41:00",36,11.202,2
44984,"2023-02-27 19:42:00",37,11.369,2
44984,"2023-02-27 19:43:00",38,11.536,2
44984,"2023-02-27 19:44:00",39,11.703,2
44984,"2023-02-27 19:45:00",40,11.870,2
44984,"2023-02-27 19:46:00",41,12.037,2
44984,"2023-02-27 19:47:00",42,12.204,2
44984,"2023-02-27 19:48:00",43,12.371,2
44984,"2023-02-27 19:49:00",44,12.538,2
44984,"2023-02-27 19:50:00",45,12.700,2
44984,"2023-02-27 19:51:00",46,12.863,2
44984,"2023-02-27 19:52:00",47,13.026,2
44984,"2023-02-27 19:53:00",48,13.189,2
44984,"2023-02-27 19:54:00",49,13.352,2
44984,"2023-02-27 19:55:00",50,13.515,2
44984,"2023-02-27 19:56:00",51,13.678,2
44984,"2023-02-27 19:57:00",52,13.841,2
44984,"2023-02-27 19:58:00",53,14.004,2
44984,"2023-02-27 19:59:00",54,14.167,2
44984,"2023-02-27 20:00:00",55,14.330,2
44984,"2023-02-27 20:01:00",56,14.493,2
44984,"2023-02-27 20:02:00",57,14.656,2
44984,"2023-02-27 20:03:00",58,14.819,2
44984,"2023-02-27 20:04:00",59,14.982,2
44984,"2023-02-27 20:05:00",60,15.145,2
44984,"2023-02-27 20:06:00",61,15.300,2
44984,"2023-02-27 20:07:00",62,15.427,2
44984,"2023-02-27 20:08:00",63,15.554,2
44984,"2023-02-27 20:09:00",64,15.681,2
44984,"2023-02-27 20:10:00",65,15.808,2
44984,"2023-02-27 20:11:00",66,15.935,2
44984,"2023-02-27 20:12:00",67,16.062,2
44984,"2023-02-27 20:13:00",68,16.189,2
44984,"2023-02-27 20:14:00",69,16.316,2
44984,"2023-02-27 20:15:00",70,16.443,2
44984,"2023-02-27 20:16:00",71,16.570,2
44984,"2023-02-27 20:17:00",72,16.697,2
44984,"2023-02-27 20:18:00",73,16.824,2
44984,"2023-02-27 20:19:00",74,16.951,2
44984,"2023-02-27 20:20:00",75,17.078,2
44984,"2023-02-27 20:21:00",76,17.200,2
44984,"2023-02-27 20:22:00",77,17.247,2
44984,"2023-02-27 20:23:00",78,17.294,2
44984,"2023-02-27 20:24:00",79,17.341,2
44984,"2023-02-27 20:25:00",80,17.388,2
44984,"2023-02-27 20:26:00",81,17.435,2
44984,"2023-02-27 20:27:00",82,17.482,2
44984,"2023-02-27 20:28:00",83,17.529,2
44984,"2023-02-27 20:29:00",84,17.576,2
44984,"2023-02-27 20:30:00",85,17.623,2
44984,"2023-02-27 20:31:00",86,17.670,2
44984,"2023-02-27 20:32:00",87,17.717,2
44984,"2023-02-27 20:33:00",88,17.764,2
44984,"2023-02-27 20:34:00",89,17.811,2
44984,"2023-02-27 20:35:00",90,17.858,2
44984,"2023-02-27 20:36:00",91,17.900,2
44984,"2023-02-27 20:37:00",92,17.973,2
44984,"2023-02-27 20:38:00",93,18.046,2
44984,"2023-02-27 20:39:00",94,18.119,2
44984,"2023-02-27 20:40:00",95,18.192,2
44984,"2023-02-27 20:41:00",96,18.265,2
44984,"2023-02-27 20:42:00",97,18.338,2
44984,"2023-02-27 20:43:00",98,18.411,2
44984,"2023-02-27 20:44:00",99,18.484,2
44984,"2023-02-27 20:45:00",100,18.557,2
44984,"2023-02-27 20:46:00",101,18.630,2
44984,"2023-02-27 20:47:00",102,18.703,2
44984,"2023-02-27 20:48:00",103,18.776,2
44984,"2023-02-27 20:49:00",104,18.849,2
44984,"2023-02-27 20:50:00",105,18.922,2
44984,"2023-02-27 20:51:00",106,19.000,2
44984,"2023-02-27 20:52:00",107,19.060,2
44984,"2023-02-27 20:53:00",108,19.120,2
44984,"2023-02-27 20:54:00",109,19.180,2
44984,"2023-02-27 20:55:00",110,19.240,2
44984,"2023-02-27 20:56:00",111,19.300,2
44984,"2023-02-27 20:57:00",112,19.360,2
44984,"2023-02-27 20:58:00",113,19.420,2
44984,"2023-02-27 20:59:00",114,19.480,2
44984,"2023-02-27 21:00:00",115,19.540,2
44984,"2023-02-27 21:01:00",116,19.600,2
44984,"2023-02-27 21:02:00",117,19.660,2
44984,"2023-02-27 21:03:00",118,19.720,2
44984,"2023-02-27 21:04:00",119,19.780,2
44984,"2023-02-27 21:05:00",120,19.840,2
44984,"2023-02-27 21:06:00",121,19.900,2
44984,"2023-02-27 21:07:00",122,19.833,2
44984,"2023-02-27 21:08:00",123,19.766,2
44984,"2023-02-27 21:09:00",124,19.699,2
44984,"2023-02-27 21:10:00",125,19.632,2
44984,"2023-02-27 21:11:00",126,19.565,2
44984,"2023-02-27 21:12:00",127,19.498,2
44984,"2023-02-27 21:13:00",128,19.431,2
44984,"2023-02-27 21:14:00",129,19.364,2
44984,"2023-02-27 21:15:00",130,19.297,2
44984,"2023-02-27 21:16:00",131,19.230,2
44984,"2023-02-27 21:17:00",132,19.163,2
44984,"2023-02-27 21:18:00",133,19.096,2
44984,"2023-02-27 21:19:00",134,19.029,2
44984,"2023-02-27 21:20:00",135,18.962,2
44984,"2023-02-27 21:21:00",136,18.900,2
44984,"2023-02-27 21:22:00",137,18.833,2
44984,"2023-02-27 21:23:00",138,18.766,2
44984,"2023-02-27 21:24:00",139,18.699,2
44984,"2023-02-27 21:25:00",140,18.632,2
44984,"2023-02-27 21:26:00",141,18.565,2
44984,"2023-02-27 21:27:00",142,18.498,2
44984,"2023-02-27 21:28:00",143,18.431,2
44984,"2023-02-27 21:29:00",144,18.364,2
44984,"2023-02-27 21:30:00",145,18.297,2
44984,"2023-02-27 21:31:00",146,18.230,2
44984,"2023-02-27 21:32:00",147,18.163,2
44984,"2023-02-27 21:33:00",148,18.096,2
44984,"2023-02-27 21:34:00",149,18.029,2
44984,"2023-02-27 21:35:00",150,17.962,2
44984,"2023-02-27 21:36:00",151,17.900,2
44984,"2023-02-27 21:37:00",152,17.880,2
44984,"2023-02-27 21:38:00",153,17.860,2
44984,"2023-02-27 21:39:00",154,17.840,2
44984,"2023-02-27 21:40:00",155,17.820,2
44984,"2023-02-27 21:41:00",156,17.800,2
44984,"2023-02-27 21:42:00",157,17.780,2
44984,"2023-02-27 21:43:00",158,17.760,2
44984,"2023-02-27 21:44:00",159,17.740,2
44984,"2023-02-27 21:45:00",160,17.720,2
44984,"2023-02-27 21:46:00",161,17.700,2
44984,"2023-02-27 21:47:00",162,17.680,2
44984,"2023-02-27 21:48:00",163,17.660,2
44984,"2023-02-27 21:49:00",164,17.640,2
44984,"2023-02-27 21:50:00",165,17.620,2
44984,"2023-02-27 21:51:00",166,17.600,2
44984,"2023-02-27 21:52:00",167,17.513,2
44984,"2023-02-27 21:53:00",168,17.426,2
44984,"2023-02-27 21:54:00",169,17.339,2
44984,"2023-02-27 21:55:00",170,17.252,2
44984,"2023-02-27 21:56:00",171,17.165,2
44984,"2023-02-27 21:57:00",172,17.078,2
44984,"2023-02-27 21:58:00",173,16.991,2
44984,"2023-02-27 21:59:00",174,16.904,2
44984,"2023-02-27 22:00:00",175,16.817,2
44984,"2023-02-27 22:01:00",176,16.730,2
44984,"2023-02-27 22:02:00",177,16.643,2
44984,"2023-02-27 22:03:00",178,16.556,2
44984,"2023-02-27 22:04:00",179,16.469,2
44984,"2023-02-27 22:05:00",180,16.382,2
44984,"2023-02-27 22:06:00",181,16.300,2
44984,"2023-02-27 22:07:00",182,16.207,2
44984,"2023-02-27 22:08:00",183,16.114,2
44984,"2023-02-27 22:09:00",184,16.021,2
44984,"2023-02-27 22:10:00",185,15.928,2
44984,"2023-02-27 22:11:00",186,15.835,2
44984,"2023-02-27 22:12:00",187,15.742,2
44984,"2023-02-27 22:13:00",188,15.649,2
44984,"2023-02-27 22:14:00",189,15.556,2
44984,"2023-02-27 22:15:00",190,15.463,2
44984,"2023-02-27 22:16:00",191,15.370,2
44984,"2023-02-27 22:17:00",192,15.277,2
44984,"2023-02-27 22:18:00",193,15.184,2
44984,"2023-02-27 22:19:00",194,15.091,2
44984,"2023-02-27 22:20:00",195,14.998,2
44984,"2023-02-27 22:21:00",196,14.900,2
44984,"2023-02-27 22:22:00",197,14.833,2
44984,"2023-02-27 22:23:00",198,14.766,2
44984,"2023-02-27 22:24:00",199,14.699,2
44984,"2023-02-27 22:25:00",200,14.632,2
44984,"2023-02-27 22:26:00",201,14.565,2
44984,"2023-02-27 22:27:00",202,14.498,2
44984,"2023-02-27 22:28:00",203,14.431,2
44984,"2023-02-27 22:29:00",204,14.364,2
44984,"2023-02-27 22:30:00",205,14.297,2
44984,"2023-02-27 22:31:00",206,14.230,2
44984,"2023-02-27 22:32:00",207,14.163,2
44984,"2023-02-27 22:33:00",208,14.096,2
44984,"2023-02-27 22:34:00",209,14.029,2
44984,"2023-02-27 22:35:00",210,13.962,2
44984,"2023-02-27 22:36:00",211,13.900,2
44984,"2023-02-27 22:37:00",212,13.840,2
44984,"2023-02-27 22:38:00",213,13.780,2
44984,"2023-02-27 22:39:00",214,13.720,2
44984,"2023-02-27 22:40:00",215,13.660,2
44984,"2023-02-27 22:41:00",216,13.600,2
44984,"2023-02-27 22:42:00",217,13.540,2
44984,"2023-02-27 22:43:00",218,13.480,2
44984,"2023-02-27 22:44:00",219,13.420,2
44984,"2023-02-27 22:45:00",220,13.360,2
44984,"2023-02-27 22:46:00",221,13.300,2
44984,"2023-02-27 22:47:00",222,13.240,2
44984,"2023-02-27 22:48:00",223,13.180,2
44984,"2023-02-27 22:49:00",224,13.120,2
44984,"2023-02-27 22:50:00",225,13.060,2
44984,"2023-02-27 22:51:00",226,13.000,2
44984,"2023-02-27 22:52:00",227,12.960,2
44984,"2023-02-27 22:53:00",228,12.920,2
44984,"2023-02-27 22:54:00",229,12.880,2
44984,"2023-02-27 22:55:00",230,12.840,2
44984,"2023-02-27 22:56:00",231,12.800,2
44984,"2023-02-27 22:57:00",232,12.760,2
44984,"2023-02-27 22:58:00",233,12.720,2
44984,"2023-02-27 22:59:00",234,12.680,2
44984,"2023-02-27 23:00:00",235,12.640,2
44984,"2023-02-27 23:01:00",236,12.600,2
44984,"2023-02-27 23:02:00",237,12.560,2
44984,"2023-02-27 23:03:00",238,12.520,2
44984,"2023-02-27 23:04:00",239,12.480,2
44984,"2023-02-27 23:05:00",240,12.440,2
44984,"2023-02-27 23:06:00",241,12.400,2
44984,"2023-02-27 23:07:00",242,12.353,2
44984,"2023-02-27 23:08:00",243,12.306,2
44984,"2023-02-27 23:09:00",244,12.259,2
44984,"2023-02-27 23:10:00",245,12.212,2
44984,"2023-02-27 23:11:00",246,12.165,2
44984,"2023-02-27 23:12:00",247,12.118,2
44984,"2023-02-27 23:13:00",248,12.071,2
44984,"2023-02-27 23:14:00",249,12.024,2
44984,"2023-02-27 23:15:00",250,11.977,2
44984,"2023-02-27 23:16:00",251,11.930,2
44984,"2023-02-27 23:17:00",252,11.883,2
44984,"2023-02-27 23:18:00",253,11.836,2
44984,"2023-02-27 23:19:00",254,11.789,2
44984,"2023-02-27 23:20:00",255,11.742,2
44984,"2023-02-27 23:21:00",256,11.700,2
44984,"2023-02-27 23:22:00",257,11.653,2
44984,"2023-02-27 23:23:00",258,11.606,2
44984,"2023-02-27 23:24:00",259,11.559,2
44984,"2023-02-27 23:25:00",260,11.512,2
44984,"2023-02-27 23:26:00",261,11.465,2
44984,"2023-02-27 23:27:00",262,11.418,2
44984,"2023-02-27 23:28:00",263,11.371,2
44984,"2023-02-27 23:29:00",264,11.324,2
44984,"2023-02-27 23:30:00",265,11.277,2
44984,"2023-02-27 23:31:00",266,11.230,2
44984,"2023-02-27 23:32:00",267,11.183,2
44984,"2023-02-27 23:33:00",268,11.136,2
44984,"2023-02-27 23:34:00",269,11.089,2
44984,"2023-02-27 23:35:00",270,11.042,2
44984,"2023-02-27 23:36:00",271,11.000,2
44984,"2023-02-27 23:37:00",272,10.973,2
44984,"2023-02-27 23:38:00",273,10.946,2
44984,"2023-02-27 23:39:00",274,10.919,2
44984,"2023-02-27 23:40:00",275,10.892,2
44984,"2023-02-27 23:41:00",276,10.865,2
44984,"2023-02-27 23:42:00",277,10.838,2
44984,"2023-02-27 23:43:00",278,10.811,2
44984,"2023-02-27 23:44:00",279,10.784,2
44984,"2023-02-27 23:45:00",280,10.757,2
44984,"2023-02-27 23:46:00",281,10.730,2
44984,"2023-02-27 23:47:00",282,10.703,2
44984,"2023-02-27 23:48:00",283,10.676,2
44984,"2023-02-27 23:49:00",284,10.649,2
44984,"2023-02-27 23:50:00",285,10.622,2
44984,"2023-02-27 23:51:00",286,10.600,2
44984,"2023-02-27 23:52:00",287,10.587,2
44984,"2023-02-27 23:53:00",288,10.574,2
44984,"2023-02-27 23:54:00",289,10.561,2
44984,"2023-02-27 23:55:00",290,10.548,2
44984,"2023-02-27 23:56:00",291,10.535,2
44984,"2023-02-27 23:57:00",292,10.522,2
44984,"2023-02-27 23:58:00",293,10.509,2
44984,"2023-02-27 23:59:00",294,10.496,2
44984,"2023-02-28 00:00:00",295,10.483,2
44984,"2023-02-28 00:01:00",296,10.470,2
44984,"2023-02-28 00:02:00",297,10.457,2
44984,"2023-02-28 00:03:00",298,10.444,2
44984,"2023-02-28 00:04:00",299,10.431,2
44984,"2023-02-28 00:05:00",300,10.418,2
44984,"2023-02-28 00:06:00",301,10.400,2
44984,"2023-02-28 00:07:00",302,10.360,2
44984,"2023-02-28 00:08:00",303,10.320,2
44984,"2023-02-28 00:09:00",304,10.280,2
44984,"2023-02-28 00:10:00",305,10.240,2
44984,"2023-02-28 00:11:00",306,10.200,2
44984,"2023-02-28 00:12:00",307,10.160,2
44984,"2023-02-28 00:13:00",308,10.120,2
44984,"2023-02-28 00:14:00",309,10.080,2
44984,"2023-02-28 00:15:00",310,10.040,2
44984,"2023-02-28 00:16:00",311,10.000,2
44984,"2023-02-28 00:17:00",312,9.960,2
44984,"2023-02-28 00:18:00",313,9.920,2
44984,"2023-02-28 00:19:00",314,9.880,2
44984,"2023-02-28 00:20:00",315,9.840,2
44984,"2023-02-28 00:21:00",316,9.800,2
44984,"2023-02-28 00:22:00",317,9.733,2
44984,"2023-02-28 00:23:00",318,9.666,2
44984,"2023-02-28 00:24:00",319,9.599,2
44984,"2023-02-28 00:25:00",320,9.532,2
44984,"2023-02-28 00:26:00",321,9.465,2
44984,"2023-02-28 00:27:00",322,9.398,2
44984,"2023-02-28 00:28:00",323,9.331,2
44984,"2023-02-28 00:29:00",324,9.264,2
44984,"2023-02-28 00:30:00",325,9.197,2
44984,"2023-02-28 00:31:00",326,9.130,2
44984,"2023-02-28 00:32:00",327,9.063,2
44984,"2023-02-28 00:33:00",328,8.996,2
44984,"2023-02-28 00:34:00",329,8.929,2
44984,"2023-02-28 00:35:00",330,8.862,2
44984,"2023-02-28 00:36:00",331,8.800,2
44984,"2023-02-28 00:37:00",332,8.807,2
44984,"2023-02-28 00:38:00",333,8.814,2
44984,"2023-02-28 00:39:00",334,8.821,2
44984,"2023-02-28 00:40:00",335,8.828,2
44984,"2023-02-28 00:41:00",336,8.835,2
44984,"2023-02-28 00:42:00",337,8.842,2
44984,"2023-02-28 00:43:00",338,8.849,2
44984,"2023-02-28 00:44:00",339,8.856,2
44984,"2023-02-28 00:45:00",340,8.863,2
44984,"2023-02-28 00:46:00",341,8.870,2
44984,"2023-02-28 00:47:00",342,8.877,2
44984,"2023-02-28 00:48:00",343,8.884,2
44984,"2023-02-28 00:49:00",344,8.891,2
44984,"2023-02-28 00:50:00",345,8.898,2
44984,"2023-02-28 00:51:00",346,8.900,2
44984,"2023-02-28 00:52:00",347,8.873,2
44984,"2023-02-28 00:53:00",348,8.846,2
44984,"2023-02-28 00:54:00",349,8.819,2
44984,"2023-02-28 00:55:00",350,8.792,2
44984,"2023-02-28 00:56:00",351,8.765,2
44984,"2023-02-28 00:57:00",352,8.738,2
44984,"2023-02-28 00:58:00",353,8.711,2
44984,"2023-02-28 00:59:00",354,8.684,2
44984,"2023-02-28 01:00:00",355,8.657,2
44984,"2023-02-28 01:01:00",356,8.630,2
44984,"2023-02-28 01:02:00",357,8.603,2
44984,"2023-02-28 01:03:00",358,8.576,2
44984,"2023-02-28 01:04:00",359,8.549,2
44984,"2023-02-28 01:05:00",360,8.522,2
44984,"2023-02-28 01:06:00",361,8.500,2
44984,"2023-02-28 01:07:00",362,8.460,2
44984,"2023-02-28 01:08:00",363,8.420,2
44984,"2023-02-28 01:09:00",364,8.380,2
44984,"2023-02-28 01:10:00",365,8.340,2
44984,"2023-02-28 01:11:00",366,8.300,2
44984,"2023-02-28 01:12:00",367,8.260,2
44984,"2023-02-28 01:13:00",368,8.220,2
44984,"2023-02-28 01:14:00",369,8.180,2
44984,"2023-02-28 01:15:00",370,8.140,2
44984,"2023-02-28 01:16:00",371,8.100,2
44984,"2023-02-28 01:17:00",372,8.060,2
44984,"2023-02-28 01:18:00",373,8.020,2
44984,"2023-02-28 01:19:00",374,7.980,2
44984,"2023-02-28 01:20:00",375,7.940,2
44984,"2023-02-28 01:21:00",376,7.900,2
44984,"2023-02-28 01:22:00",377,7.853,2
44984,"2023-02-28 01:23:00",378,7.806,2
44984,"2023-02-28 01:24:00",379,7.759,2
44984,"2023-02-28 01:25:00",380,7.712,2
44984,"2023-02-28 01:26:00",381,7.665,2
44984,"2023-02-28 01:27:00",382,7.618,2
44984,"2023-02-28 01:28:00",383,7.571,2
44984,"2023-02-28 01:29:00",384,7.524,2
44984,"2023-02-28 01:30:00",385,7.477,2
44984,"2023-02-28 01:31:00",386,7.430,2
44984,"2023-02-28 01:32:00",387,7.383,2
44984,"2023-02-28 01:33:00",388,7.336,2
44984,"2023-02-28 01:34:00",389,7.289,2
44984,"2023-02-28 01:35:00",390,7.242,2
44984,"2023-02-28 01:36:00",391,7.200,2
44984,"2023-02-28 01:37:00",392,7.153,2
44984,"2023-02-28 01:38:00",393,7.106,2
44984,"2023-02-28 01:39:00",394,7.059,2
44984,"2023-02-28 01:40:00",395,7.012,2
44984,"2023-02-28 01:41:00",396,6.965,2
44984,"2023-02-28 01:42:00",397,6.918,2
44984,"2023-02-28 01:43:00",398,6.871,2
44984,"2023-02-28 01:44:00",399,6.824,2
44984,"2023-02-28 01:45:00",400,6.777,2
44984,"2023-02-28 01:46:00",401,6.730,2
44984,"2023-02-28 01:47:00",402,6.683,2
44984,"2023-02-28 01:48:00",403,6.636,2
44984,"2023-02-28 01:49:00",404,6.589,2
44984,"2023-02-28 01:50:00",405,6.542,2
44984,"2023-02-28 01:51:00",406,6.500,2
44984,"2023-02-28 01:52:00",407,6.473,2
44984,"2023-02-28 01:53:00",408,6.446,2
44984,"2023-02-28 01:54:00",409,6.419,2
44984,"2023-02-28 01:55:00",410,6.392,2
44984,"2023-02-28 01:56:00",411,6.365,2
44984,"2023-02-28 01:57:00",412,6.338,2
44984,"2023-02-28 01:58:00",413,6.311,2
44984,"2023-02-28 01:59:00",414,6.284,2
44984,"2023-02-28 02:00:00",415,6.257,2
44984,"2023-02-28 02:01:00",416,6.230,2
44984,"2023-02-28 02:02:00",417,6.203,2
44984,"2023-02-28 02:03:00",418,6.176,2
44984,"2023-02-28 02:04:00",419,6.149,2
44984,"2023-02-28 02:05:00",420,6.122,2
44984,"2023-02-28 02:06:00",421,6.100,2
44984,"2023-02-28 02:07:00",422,6.080,2
44984,"2023-02-28 02:08:00",423,6.060,2
44984,"2023-02-28 02:09:00",424,6.040,2
44984,"2023-02-28 02:10:00",425,6.020,2
44984,"2023-02-28 02:11:00",426,6.000,2
44984,"2023-02-28 02:12:00",427,5.980,2
44984,"2023-02-28 02:13:00",428,5.960,2
44984,"2023-02-28 02:14:00",429,5.940,2
44984,"2023-02-28 02:15:00",430,5.920,2
44984,"2023-02-28 02:16:00",431,5.900,2
44984,"2023-02-28 02:17:00",432,5.880,2
44984,"2023-02-28 02:18:00",433,5.860,2
44984,"2023-02-28 02:19:00",434,5.840,2
44984,"2023-02-28 02:20:00",435,5.820,2
44984,"2023-02-28 02:21:00",436,5.800,2
44984,"2023-02-28 02:22:00",437,5.780,2
44984,"2023-02-28 02:23:00",438,5.760,2
44984,"2023-02-28 02:24:00",439,5.740,2
44984,"2023-02-28 02:25:00",440,5.720,2
44984,"2023-02-28 02:26:00",441,5.700,2
44984,"2023-02-28 02:27:00",442,5.680,2
44984,"2023-02-28 02:28:00",443,5.660,2
44984,"2023-02-28 02:29:00",444,5.640,2
44984,"2023-02-28 02:30:00",445,5.620,2
44984,"2023-02-28 02:31:00",446,5.600,2
44984,"2023-02-28 02:32:00",447,5.580,2
44984,"2023-02-28 02:33:00",448,5.560,2
44984,"2023-02-28 02:34:00",449,5.540,2
44984,"2023-02-28 02:35:00",450,5.520,2
44984,"2023-02-28 02:36:00",451,5.500,2
44984,"2023-02-28 02:37:00",452,5.480,2
44984,"2023-02-28 02:38:00",453,5.460,2
44984,"2023-02-28 02:39:00",454,5.440,2
44984,"2023-02-28 02:40:00",455,5.420,2
44984,"2023-02-28 02:41:00",456,5.400,2
44984,"2023-02-28 02:42:00",457,5.380,2
44984,"2023-02-28 02:43:00",458,5.360,2
44984,"2023-02-28 02:44:00",459,5.340,2
44984,"2023-02-28 02:45:00",460,5.320,2
44984,"2023-02-28 02:46:00",461,5.300,2
44984,"2023-02-28 02:47:00",462,5.280,2
44984,"2023-02-28 02:48:00",463,5.260,2
44984,"2023-02-28 02:49:00",464,5.240,2
44984,"2023-02-28 02:50:00",465,5.220,2
44984,"2023-02-28 02:51:00",466,5.200,2
44984,"2023-02-28 02:52:00",467,5.187,2
44984,"2023-02-28 02:53:00",468,5.174,2
44984,"2023-02-28 02:54:00",469,5.161,2
44984,"2023-02-28 02:55:00",470,5.148,2
44984,"2023-02-28 02:56:00",471,5.135,2
44984,"2023-02-28 02:57:00",472,5.122,2
44984,"2023-02-28 02:58:00",473,5.109,2
44984,"2023-02-28 02:59:00",474,5.096,2
44984,"2023-02-28 03:00:00",475,5.083,2
44984,"2023-02-28 03:01:00",476,5.070,2
44984,"2023-02-28 03:02:00",477,5.057,2
44984,"2023-02-28 03:03:00",478,5.044,2
44984,"2023-02-28 03:04:00",479,5.031,2
44985,"2023-02-28 18:45:00",0,3.676,1
44985,"2023-02-28 18:46:00",1,3.623,1
44985,"2023-02-28 18:47:00",2,3.570,1
44985,"2023-02-28 18:48:00",3,3.517,1
44985,"2023-02-28 18:49:00",4,3.464,1
44985,"2023-02-28 18:50:00",5,3.411,1
44985,"2023-02-28 18:51:00",6,3.358,1
44985,"2023-02-28 18:52:00",7,3.300,1
44985,"2023-02-28 18:53:00",8,3.293,1
44985,"2023-02-28 18:54:00",9,3.286,1
44985,"2023-02-28 18:55:00",10,3.279,1
44985,"2023-02-28 18:56:00",11,3.272,1
44985,"2023-02-28 18:57:00",12,3.265,1
44985,"2023-02-28 18:58:00",13,3.258,1
44985,"2023-02-28 18:59:00",14,3.251,1
44985,"2023-02-28 19:00:00",15,3.244,1
44985,"2023-02-28 19:01:00",16,3.237,1
44985,"2023-02-28 19:02:00",17,3.230,1
44985,"2023-02-28 19:03:00",18,3.223,1
44985,"2023-02-28 19:04:00",19,3.216,1
44985,"2023-02-28 19:05:00",20,3.209,1
44985,"2023-02-28 19:06:00",21,3.202,1
44985,"2023-02-28 19:07:00",22,3.200,1
44985,"2023-02-28 19:08:00",23,3.256,1
44985,"2023-02-28 19:09:00",24,3.312,1
44985,"2023-02-28 19:10:00",25,3.368,1
44985,"2023-02-28 19:11:00",26,3.424,1
44985,"2023-02-28 19:12:00",27,3.480,1
44985,"2023-02-28 19:13:00",28,3.536,1
44985,"2023-02-28 19:14:00",29,3.592,1
44985,"2023-02-28 19:15:00",30,3.648,1
44985,"2023-02-28 19:16:00",31,3.704,1
44985,"2023-02-28 19:17:00",32,3.760,1
44985,"2023-02-28 19:18:00",33,3.816,1
44985,"2023-02-28 19:19:00",34,3.872,1
44985,"2023-02-28 19:20:00",35,3.928,1
44985,"2023-02-28 19:21:00",36,3.984,1
44985,"2023-02-28 19:22:00",37,4.040,1
44985,"2023-02-28 19:23:00",38,4.100,1
44985,"2023-02-28 19:24:00",39,4.167,1
44985,"2023-02-28 19:25:00",40,4.234,1
44985,"2023-02-28 19:26:00",41,4.301,1
44985,"2023-02-28 19:27:00",42,4.368,1
44985,"2023-02-28 19:28:00",43,4.435,1
44985,"2023-02-28 19:29:00",44,4.502,1
44985,"2023-02-28 19:30:00",45,4.569,1
44985,"2023-02-28 19:31:00",46,4.636,1
44985,"2023-02-28 19:32:00",47,4.703,1
44985,"2023-02-28 19:33:00",48,4.770,1
44985,"2023-02-28 19:34:00",49,4.837,1
44985,"2023-02-28 19:35:00",50,4.904,1
44985,"2023-02-28 19:36:00",51,4.971,1
44985,"2023-02-28 19:37:00",52,5.038,1
44985,"2023-02-28 19:38:00",53,5.100,1
44985,"2023-02-28 19:39:00",54,5.200,1
44985,"2023-02-28 19:40:00",55,5.300,1
44985,"2023-02-28 19:41:00",56,5.400,1
44985,"2023-02-28 19:42:00",57,5.500,1
44985,"2023-02-28 19:43:00",58,5.600,1
44985,"2023-02-28 19:44:00",59,5.700,1
44985,"2023-02-28 19:45:00",60,5.800,1
44985,"2023-02-28 19:46:00",61,5.900,1
44985,"2023-02-28 19:47:00",62,6.000,1
44985,"2023-02-28 19:48:00",63,6.100,1
44985,"2023-02-28 19:49:00",64,6.200,1
44985,"2023-02-28 19:50:00",65,6.300,1
44985,"2023-02-28 19:51:00",66,6.400,1
44985,"2023-02-28 19:52:00",67,6.500,1
44985,"2023-02-28 19:53:00",68,6.600,1
44985,"2023-02-28 19:54:00",69,6.753,1
44985,"2023-02-28 19:55:00",70,6.906,1
44985,"2023-02-28 19:56:00",71,7.059,1
44985,"2023-02-28 19:57:00",72,7.212,1
44985,"2023-02-28 19:58:00",73,7.365,1
44985,"2023-02-28 19:59:00",74,7.518,1
44985,"2023-02-28 20:00:00",75,7.671,1
44985,"2023-02-28 20:01:00",76,7.824,1
44985,"2023-02-28 20:02:00",77,7.977,1
44985,"2023-02-28 20:03:00",78,8.130,1
44985,"2023-02-28 20:04:00",79,8.283,1
44985,"2023-02-28 20:05:00",80,8.436,1
44985,"2023-02-28 20:06:00",81,8.589,1
44985,"2023-02-28 20:07:00",82,8.742,1
44985,"2023-02-28 20:08:00",83,8.900,1
44985,"2023-02-28 20:09:00",84,9.000,1
44985,"2023-02-28 20:10:00",85,9.100,1
44985,"2023-02-28 20:11:00",86,9.200,1
44985,"2023-02-28 20:12:00",87,9.300,1
44985,"2023-02-28 20:13:00",88,9.400,1
44985,"2023-02-28 20:14:00",89,9.500,1
44985,"2023-02-28 20:15:00",90,9.600,1
44985,"2023-02-28 20:16:00",91,9.700,1
44985,"2023-02-28 20:17:00",92,9.800,1
44985,"2023-02-28 20:18:00",93,9.900,1
44985,"2023-02-28 20:19:00",94,10.000,1
44985,"2023-02-28 20:20:00",95,10.100,1
44985,"2023-02-28 20:21:00",96,10.200,1
44985,"2023-02-28 20:22:00",97,10.300,1
44985,"2023-02-28 20:23:00",98,10.400,1
44985,"2023-02-28 20:24:00",99,10.479,1
44985,"2023-02-28 20:25:00",100,10.558,1
44985,"2023-02-28 20:26:00",101,10.637,1
44985,"2023-02-28 20:27:00",102,10.716,1
44985,"2023-02-28 20:28:00",103,10.795,1
44985,"2023-02-28 20:29:00",104,10.874,1
44985,"2023-02-28 20:30:00",105,10.953,1
44985,"2023-02-28 20:31:00",106,11.032,1
44985,"2023-02-28 20:32:00",107,11.111,1
44985,"2023-02-28 20:33:00",108,11.190,1
44985,"2023-02-28 20:34:00",109,11.269,1
44985,"2023-02-28 20:35:00",110,11.348,1
44985,"2023-02-28 20:36:00",111,11.427,1
44985,"2023-02-28 20:37:00",112,11.500,1
44985,"2023-02-28 20:38:00",113,11.575,1
44985,"2023-02-28 20:39:00",114,11.650,1
44985,"2023-02-28 20:40:00",115,11.725,1
44985,"2023-02-28 20:41:00",116,11.800,1
44985,"2023-02-28 20:42:00",117,11.875,1
44985,"2023-02-28 20:43:00",118,11.950,1
44985,"2023-02-28 20:44:00",119,12.025,1
44985,"2023-02-28 20:45:00",120,12.100,1
44985,"2023-02-28 20:46:00",121,12.175,1
44985,"2023-02-28 20:47:00",122,12.250,1
44985,"2023-02-28 20:48:00",123,12.325,1
44985,"2023-02-28 20:49:00",124,12.400,1
44985,"2023-02-28 20:50:00",125,12.475,1
44985,"2023-02-28 20:51:00",126,12.550,1
44985,"2023-02-28 20:52:00",127,12.625,1
44985,"2023-02-28 20:53:00",128,12.700,1
44985,"2023-02-28 20:54:00",129,12.787,1
44985,"2023-02-28 20:55:00",130,12.874,1
44985,"2023-02-28 20:56:00",131,12.961,1
44985,"2023-02-28 20:57:00",132,13.048,1
44985,"2023-02-28 20:58:00",133,13.135,1
44985,"2023-02-28 20:59:00",134,13.222,1
44985,"2023-02-28 21:00:00",135,13.309,1
44985,"2023-02-28 21:01:00",136,13.396,1
44985,"2023-02-28 21:02:00",137,13.483,1
44985,"2023-02-28 21:03:00",138,13.570,1
44985,"2023-02-28 21:04:00",139,13.657,1
44985,"2023-02-28 21:05:00",140,13.744,1
44985,"2023-02-28 21:06:00",141,13.831,1
44985,"2023-02-28 21:07:00",142,13.918,1
44985,"2023-02-28 21:08:00",143,14.000,1
44985,"2023-02-28 21:09:00",144,14.053,1
44985,"2023-02-28 21:10:00",145,14.106,1
44985,"2023-02-28 21:11:00",146,14.159,1
44985,"2023-02-28 21:12:00",147,14.212,1
44985,"2023-02-28 21:13:00",148,14.265,1
44985,"2023-02-28 21:14:00",149,14.318,1
44985,"2023-02-28 21:15:00",150,14.371,1
44985,"2023-02-28 21:16:00",151,14.424,1
44985,"2023-02-28 21:17:00",152,14.477,1
44985,"2023-02-28 21:18:00",153,14.530,1
44985,"2023-02-28 21:19:00",154,14.583,1
44985,"2023-02-28 21:20:00",155,14.636,1
44985,"2023-02-28 21:21:00",156,14.689,1
44985,"2023-02-28 21:22:00",157,14.742,1
44985,"2023-02-28 21:23:00",158,14.800,1
44985,"2023-02-28 21:24:00",159,14.780,1
44985,"2023-02-28 21:25:00",160,14.760,1
44985,"2023-02-28 21:26:00",161,14.740,1
44985,"2023-02-28 21:27:00",162,14.720,1
44985,"2023-02-28 21:28:00",163,14.700,1
44985,"2023-02-28 21:29:00",164,14.680,1
44985,"2023-02-28 21:30:00",165,14.660,1
44985,"2023-02-28 21:31:00",166,14.640,1
44985,"2023-02-28 21:32:00",167,14.620,1
44985,"2023-02-28 21:33:00",168,14.600,1
44985,"2023-02-28 21:34:00",169,14.580,1
44985,"2023-02-28 21:35:00",170,14.560,1
44985,"2023-02-28 21:36:00",171,14.540,1
44985,"2023-02-28 21:37:00",172,14.520,1
44985,"2023-02-28 21:38:00",173,14.500,1
44985,"2023-02-28 21:39:00",174,14.527,1
44985,"2023-02-28 21:40:00",175,14.554,1
44985,"2023-02-28 21:41:00",176,14.581,1
44985,"2023-02-28 21:42:00",177,14.608,1
44985,"2023-02-28 21:43:00",178,14.635,1
44985,"2023-02-28 21:44:00",179,14.662,1
44985,"2023-02-28 21:45:00",180,14.689,1
44985,"2023-02-28 21:46:00",181,14.716,1
44985,"2023-02-28 21:47:00",182,14.743,1
44985,"2023-02-28 21:48:00",183,14.770,1
44985,"2023-02-28 21:49:00",184,14.797,1
44985,"2023-02-28 21:50:00",185,14.824,1
44985,"2023-02-28 21:51:00",186,14.851,1
44985,"2023-02-28 21:52:00",187,14.878,1
44985,"2023-02-28 21:53:00",188,14.900,1
44985,"2023-02-28 21:54:00",189,14.927,1
44985,"2023-02-28 21:55:00",190,14.954,1
44985,"2023-02-28 21:56:00",191,14.981,1
44985,"2023-02-28 21:57:00",192,15.008,1
44985,"2023-02-28 21:58:00",193,15.035,1
44985,"2023-02-28 21:59:00",194,15.062,1
44985,"2023-02-28 22:00:00",195,15.089,1
44985,"2023-02-28 22:01:00",196,15.116,1
44985,"2023-02-28 22:02:00",197,15.143,1
44985,"2023-02-28 22:03:00",198,15.170,1
44985,"2023-02-28 22:04:00",199,15.197,1
44985,"2023-02-28 22:05:00",200,15.224,1
44985,"2023-02-28 22:06:00",201,15.251,1
44985,"2023-02-28 22:07:00",202,15.278,1
44985,"2023-02-28 22:08:00",203,15.300,1
44985,"2023-02-28 22:09:00",204,15.307,1
44985,"2023-02-28 22:10:00",205,15.314,1
44985,"2023-02-28 22:11:00",206,15.321,1
44985,"2023-02-28 22:12:00",207,15.328,1
44985,"2023-02-28 22:13:00",208,15.335,1
44985,"2023-02-28 22:14:00",209,15.342,1
44985,"2023-02-28 22:15:00",210,15.349,1
44985,"2023-02-28 22:16:00",211,15.356,1
44985,"2023-02-28 22:17:00",212,15.363,1
44985,"2023-02-28 22:18:00",213,15.370,1
44985,"2023-02-28 22:19:00",214,15.377,1
44985,"2023-02-28 22:20:00",215,15.384,1
44985,"2023-02-28 22:21:00",216,15.391,1
44985,"2023-02-28 22:22:00",217,15.398,1
44985,"2023-02-28 22:23:00",218,15.400,1
44985,"2023-02-28 22:24:00",219,15.407,1
44985,"2023-02-28 22:25:00",220,15.414,1
44985,"2023-02-28 22:26:00",221,15.421,1
44985,"2023-02-28 22:27:00",222,15.428,1
44985,"2023-02-28 22:28:00",223,15.435,1
44985,"2023-02-28 22:29:00",224,15.442,1
44985,"2023-02-28 22:30:00",225,15.449,1
44985,"2023-02-28 22:31:00",226,15.456,1
44985,"2023-02-28 22:32:00",227,15.463,1
44985,"2023-02-28 22:33:00",228,15.470,1
44985,"2023-02-28 22:34:00",229,15.477,1
44985,"2023-02-28 22:35:00",230,15.484,1
44985,"2023-02-28 22:36:00",231,15.491,1
44985,"2023-02-28 22:37:00",232,15.498,1
44985,"2023-02-28 22:38:00",233,15.500,1
44985,"2023-02-28 22:39:00",234,15.513,1
44985,"2023-02-28 22:40:00",235,15.526,1
44985,"2023-02-28 22:41:00",236,15.539,1
44985,"2023-02-28 22:42:00",237,15.552,1
44985,"2023-02-28 22:43:00",238,15.565,1
44985,"2023-02-28 22:44:00",239,15.578,1
44985,"2023-02-28 22:45:00",240,15.591,1
44985,"2023-02-28 22:46:00",241,15.604,1
44985,"2023-02-28 22:47:00",242,15.617,1
44985,"2023-02-28 22:48:00",243,15.630,1
44985,"2023-02-28 22:49:00",244,15.643,1
44985,"2023-02-28 22:50:00",245,15.656,1
44985,"2023-02-28 22:51:00",246,15.669,1
44985,"2023-02-28 22:52:00",247,15.682,1
44985,"2023-02-28 22:53:00",248,15.700,1
44985,"2023-02-28 22:54:00",249,15.687,1
44985,"2023-02-28 22:55:00",250,15.674,1
44985,"2023-02-28 22:56:00",251,15.661,1
44985,"2023-02-28 22:57:00",252,15.648,1
44985,"2023-02-28 22:58:00",253,15.635,1
44985,"2023-02-28 22:59:00",254,15.622,1
44985,"2023-02-28 23:00:00",255,15.609,1
44985,"2023-02-28 23:01:00",256,15.596,1
44985,"2023-02-28 23:02:00",257,15.583,1
44985,"2023-02-28 23:03:00",258,15.570,1
44985,"2023-02-28 23:04:00",259,15.557,1
44985,"2023-02-28 23:05:00",260,15.544,1
44985,"2023-02-28 23:06:00",261,15.531,1
44985,"2023-02-28 23:07:00",262,15.518,1
44985,"2023-02-28 23:08:00",263,15.500,1
44985,"2023-02-28 23:09:00",264,15.500,1
44985,"2023-02-28 23:10:00",265,15.500,1
44985,"2023-02-28 23:11:00",266,15.500,1
44985,"2023-02-28 23:12:00",267,15.500,1
44985,"2023-02-28 23:13:00",268,15.500,1
44985,"2023-02-28 23:14:00",269,15.500,1
44985,"2023-02-28 23:15:00",270,15.500,1
44985,"2023-02-28 23:16:00",271,15.500,1
44985,"2023-02-28 23:17:00",272,15.500,1
44985,"2023-02-28 23:18:00",273,15.500,1
44985,"2023-02-28 23:19:00",274,15.500,1
44985,"2023-02-28 23:20:00",275,15.500,1
44985,"2023-02-28 23:21:00",276,15.500,1
44985,"2023-02-28 23:22:00",277,15.500,1
44985,"2023-02-28 23:23:00",278,15.500,1
44985,"2023-02-28 23:24:00",279,15.507,1
44985,"2023-02-28 23:25:00",280,15.514,1
44985,"2023-02-28 23:26:00",281,15.521,1
44985,"2023-02-28 23:27:00",282,15.528,1
44985,"2023-02-28 23:28:00",283,15.535,1
44985,"2023-02-28 23:29:00",284,15.542,1
44985,"2023-02-28 23:30:00",285,15.549,1
44985,"2023-02-28 23:31:00",286,15.556,1
44985,"2023-02-28 23:32:00",287,15.563,1
44985,"2023-02-28 23:33:00",288,15.570,1
44985,"2023-02-28 23:34:00",289,15.577,1
44985,"2023-02-28 23:35:00",290,15.584,1
44985,"2023-02-28 23:36:00",291,15.591,1
44985,"2023-02-28 23:37:00",292,15.598,1
44985,"2023-02-28 23:53:00",293,15.300,1
44985,"2023-02-28 23:54:00",309,15.273,1
44985,"2023-02-28 23:55:00",310,15.246,1
44985,"2023-02-28 23:56:00",311,15.219,1
44985,"2023-02-28 23:57:00",312,15.192,1
44985,"2023-02-28 23:58:00",313,15.165,1
44985,"2023-02-28 23:59:00",314,15.138,1
44985,"2023-03-01 00:00:00",315,15.111,1
44985,"2023-03-01 00:01:00",316,15.084,1
44985,"2023-03-01 00:02:00",317,15.057,1
44985,"2023-03-01 00:03:00",318,15.030,1
44985,"2023-03-01 00:04:00",319,15.003,1
44985,"2023-03-01 00:05:00",320,14.976,1
44985,"2023-03-01 00:06:00",321,14.949,1
44985,"2023-03-01 00:07:00",322,14.922,1
44985,"2023-03-01 00:08:00",323,14.900,1
44985,"2023-03-01 00:09:00",324,14.893,1
44985,"2023-03-01 00:10:00",325,14.886,1
44985,"2023-03-01 00:11:00",326,14.879,1
44985,"2023-03-01 00:12:00",327,14.872,1
44985,"2023-03-01 00:13:00",328,14.865,1
44985,"2023-03-01 00:14:00",329,14.858,1
44985,"2023-03-01 00:15:00",330,14.851,1
44985,"2023-03-01 00:16:00",331,14.844,1
44985,"2023-03-01 00:17:00",332,14.837,1
44985,"2023-03-01 00:18:00",333,14.830,1
44985,"2023-03-01 00:19:00",334,14.823,1
44985,"2023-03-01 00:20:00",335,14.816,1
44985,"2023-03-01 00:21:00",336,14.809,1
44985,"2023-03-01 00:22:00",337,14.802,1
44985,"2023-03-01 00:23:00",338,14.800,1
44985,"2023-03-01 00:24:00",339,14.800,1
44985,"2023-03-01 00:25:00",340,14.800,1
44985,"2023-03-01 00:26:00",341,14.800,1
44985,"2023-03-01 00:27:00",342,14.800,1
44985,"2023-03-01 00:28:00",343,14.800,1
44985,"2023-03-01 00:29:00",344,14.800,1
44985,"2023-03-01 00:30:00",345,14.800,1
44985,"2023-03-01 00:31:00",346,14.800,1
44985,"2023-03-01 00:32:00",347,14.800,1
44985,"2023-03-01 00:33:00",348,14.800,1
44985,"2023-03-01 00:34:00",349,14.800,1
44985,"2023-03-01 00:35:00",350,14.800,1
44985,"2023-03-01 00:36:00",351,14.800,1
44985,"2023-03-01 00:37:00",352,14.800,1
44985,"2023-03-01 00:38:00",353,14.800,1
44985,"2023-03-01 00:39:00",354,14.827,1
44985,"2023-03-01 00:40:00",355,14.854,1
44985,"2023-03-01 00:41:00",356,14.881,1
44985,"2023-03-01 00:42:00",357,14.908,1
44985,"2023-03-01 00:43:00",358,14.935,1
44985,"2023-03-01 00:44:00",359,14.962,1
44985,"2023-03-01 00:45:00",360,14.989,1
44985,"2023-03-01 00:46:00",361,15.016,1
44985,"2023-03-01 00:47:00",362,15.043,1
44985,"2023-03-01 00:48:00",363,15.070,1
44985,"2023-03-01 00:49:00",364,15.097,1
44985,"2023-03-01 00:50:00",365,15.124,1
44985,"2023-03-01 00:51:00",366,15.151,1
44985,"2023-03-01 00:52:00",367,15.178,1
44985,"2023-03-01 00:53:00",368,15.200,1
44985,"2023-03-01 00:54:00",369,15.220,1
44985,"2023-03-01 00:55:00",370,15.240,1
44985,"2023-03-01 00:56:00",371,15.260,1
44985,"2023-03-01 00:57:00",372,15.280,1
44985,"2023-03-01 00:58:00",373,15.300,1
44985,"2023-03-01 00:59:00",374,15.320,1
44985,"2023-03-01 01:00:00",375,15.340,1
44985,"2023-03-01 01:01:00",376,15.360,1
44985,"2023-03-01 01:02:00",377,15.380,1
44985,"2023-03-01 01:03:00",378,15.400,1
44985,"2023-03-01 01:04:00",379,15.420,1
44985,"2023-03-01 01:05:00",380,15.440,1
44985,"2023-03-01 01:06:00",381,15.460,1
44985,"2023-03-01 01:07:00",382,15.480,1
44985,"2023-03-01 01:08:00",383,15.500,1
44985,"2023-03-01 01:09:00",384,15.487,1
44985,"2023-03-01 01:10:00",385,15.474,1
44985,"2023-03-01 01:11:00",386,15.461,1
44985,"2023-03-01 01:12:00",387,15.448,1
44985,"2023-03-01 01:13:00",388,15.435,1
44985,"2023-03-01 01:14:00",389,15.422,1
44985,"2023-03-01 01:15:00",390,15.409,1
44985,"2023-03-01 01:16:00",391,15.396,1
44985,"2023-03-01 01:17:00",392,15.383,1
44985,"2023-03-01 01:18:00",393,15.370,1
44985,"2023-03-01 01:19:00",394,15.357,1
44985,"2023-03-01 01:20:00",395,15.344,1
44985,"2023-03-01 01:21:00",396,15.331,1
44985,"2023-03-01 01:22:00",397,15.318,1
44985,"2023-03-01 01:23:00",398,15.300,1
44985,"2023-03-01 01:24:00",399,15.273,1
44985,"2023-03-01 01:25:00",400,15.246,1
44985,"2023-03-01 01:26:00",401,15.219,1
44985,"2023-03-01 01:27:00",402,15.192,1
44985,"2023-03-01 01:28:00",403,15.165,1
44985,"2023-03-01 01:29:00",404,15.138,1
44985,"2023-03-01 01:30:00",405,15.111,1
44985,"2023-03-01 01:31:00",406,15.084,1
44985,"2023-03-01 01:32:00",407,15.057,1
44985,"2023-03-01 01:33:00",408,15.030,1
44985,"2023-03-01 01:34:00",409,15.003,1
44985,"2023-03-01 01:35:00",410,14.976,1
44985,"2023-03-01 01:36:00",411,14.949,1
44985,"2023-03-01 01:37:00",412,14.922,1
44985,"2023-03-01 01:38:00",413,14.900,1
44985,"2023-03-01 01:39:00",414,14.873,1
44985,"2023-03-01 01:40:00",415,14.846,1
44985,"2023-03-01 01:41:00",416,14.819,1
44985,"2023-03-01 01:42:00",417,14.792,1
44985,"2023-03-01 01:43:00",418,14.765,1
44985,"2023-03-01 01:44:00",419,14.738,1
44985,"2023-03-01 01:45:00",420,14.711,1
44985,"2023-03-01 01:46:00",421,14.684,1
44985,"2023-03-01 01:47:00",422,14.657,1
44985,"2023-03-01 01:48:00",423,14.630,1
44985,"2023-03-01 01:49:00",424,14.603,1
44985,"2023-03-01 01:50:00",425,14.576,1
44985,"2023-03-01 01:51:00",426,14.549,1
44985,"2023-03-01 01:52:00",427,14.522,1
44985,"2023-03-01 01:53:00",428,14.500,1
44985,"2023-03-01 01:54:00",429,14.493,1
44985,"2023-03-01 01:55:00",430,14.486,1
44985,"2023-03-01 01:56:00",431,14.479,1
44985,"2023-03-01 01:57:00",432,14.472,1
44985,"2023-03-01 01:58:00",433,14.465,1
44985,"2023-03-01 01:59:00",434,14.458,1
44985,"2023-03-01 02:00:00",435,14.451,1
44985,"2023-03-01 02:01:00",436,14.444,1
44985,"2023-03-01 02:02:00",437,14.437,1
44985,"2023-03-01 02:03:00",438,14.430,1
44985,"2023-03-01 02:04:00",439,14.423,1
44985,"2023-03-01 02:05:00",440,14.416,1
44985,"2023-03-01 02:06:00",441,14.409,1
44985,"2023-03-01 02:07:00",442,14.402,1
44985,"2023-03-01 02:08:00",443,14.400,1
44985,"2023-03-01 02:09:00",444,14.380,1
44985,"2023-03-01 02:10:00",445,14.360,1
44985,"2023-03-01 02:11:00",446,14.340,1
44985,"2023-03-01 02:12:00",447,14.320,1
44985,"2023-03-01 02:13:00",448,14.300,1
44985,"2023-03-01 02:14:00",449,14.280,1
44985,"2023-03-01 02:15:00",450,14.260,1
44985,"2023-03-01 02:16:00",451,14.240,1
44985,"2023-03-01 02:17:00",452,14.220,1
44985,"2023-03-01 02:18:00",453,14.200,1
44985,"2023-03-01 02:19:00",454,14.180,1
44985,"2023-03-01 02:20:00",455,14.160,1
44985,"2023-03-01 02:21:00",456,14.140,1
44985,"2023-03-01 02:22:00",457,14.120,1
44985,"2023-03-01 02:23:00",458,14.100,1
44985,"2023-03-01 02:24:00",459,14.047,1
44985,"2023-03-01 02:25:00",460,13.994,1
44985,"2023-03-01 02:26:00",461,13.941,1
44985,"2023-03-01 02:27:00",462,13.888,1
44985,"2023-03-01 02:28:00",463,13.835,1
44985,"2023-03-01 02:29:00",464,13.782,1
44985,"2023-03-01 02:30:00",465,13.729,1
44985,"2023-03-01 02:31:00",466,13.676,1
44985,"2023-03-01 02:32:00",467,13.623,1
44985,"2023-03-01 02:33:00",468,13.570,1
44985,"2023-03-01 02:34:00",469,13.517,1
44985,"2023-03-01 02:35:00",470,13.464,1
44985,"2023-03-01 02:36:00",471,13.411,1
44985,"2023-03-01 02:37:00",472,13.358,1
44985,"2023-03-01 02:38:00",473,13.300,1
44985,"2023-03-01 02:39:00",474,13.273,1
44985,"2023-03-01 02:40:00",475,13.246,1
44985,"2023-03-01 02:41:00",476,13.219,1
44985,"2023-03-01 02:42:00",477,13.192,1
44985,"2023-03-01 02:43:00",478,13.165,1
44985,"2023-03-01 02:44:00",479,13.138,1
44986,"2023-03-01 19:18:00",0,4.956,2
44986,"2023-03-01 19:19:00",1,4.963,2
44986,"2023-03-01 19:20:00",2,4.970,2
44986,"2023-03-01 19:21:00",3,4.977,2
44986,"2023-03-01 19:22:00",4,4.984,2
44986,"2023-03-01 19:23:00",5,4.991,2
44986,"2023-03-01 19:24:00",6,4.998,2
44986,"2023-03-01 19:25:00",7,5.000,2
44986,"2023-03-01 19:26:00",8,5.113,2
44986,"2023-03-01 19:27:00",9,5.226,2
44986,"2023-03-01 19:28:00",10,5.339,2
44986,"2023-03-01 19:29:00",11,5.452,2
44986,"2023-03-01 19:30:00",12,5.565,2
44986,"2023-03-01 19:31:00",13,5.678,2
44986,"2023-03-01 19:32:00",14,5.791,2
44986,"2023-03-01 19:33:00",15,5.904,2
44986,"2023-03-01 19:34:00",16,6.017,2
44986,"2023-03-01 19:35:00",17,6.130,2
44986,"2023-03-01 19:36:00",18,6.243,2
44986,"2023-03-01 19:37:00",19,6.356,2
44986,"2023-03-01 19:38:00",20,6.469,2
44986,"2023-03-01 19:39:00",21,6.582,2
44986,"2023-03-01 19:40:00",22,6.700,2
44986,"2023-03-01 19:41:00",23,6.887,2
44986,"2023-03-01 19:42:00",24,7.074,2
44986,"2023-03-01 19:43:00",25,7.261,2
44986,"2023-03-01 19:44:00",26,7.448,2
44986,"2023-03-01 19:45:00",27,7.635,2
44986,"2023-03-01 19:46:00",28,7.822,2
44986,"2023-03-01 19:47:00",29,8.009,2
44986,"2023-03-01 19:48:00",30,8.196,2
44986,"2023-03-01 19:49:00",31,8.383,2
44986,"2023-03-01 19:50:00",32,8.570,2
44986,"2023-03-01 19:51:00",33,8.757,2
44986,"2023-03-01 19:52:00",34,8.944,2
44986,"2023-03-01 19:53:00",35,9.131,2
44986,"2023-03-01 19:54:00",36,9.318,2
44986,"2023-03-01 19:55:00",37,9.500,2
44986,"2023-03-01 19:56:00",38,9.647,2
44986,"2023-03-01 19:57:00",39,9.794,2
44986,"2023-03-01 19:58:00",40,9.941,2
44986,"2023-03-01 19:59:00",41,10.088,2
44986,"2023-03-01 20:00:00",42,10.235,2
44986,"2023-03-01 20:01:00",43,10.382,2
44986,"2023-03-01 20:02:00",44,10.529,2
44986,"2023-03-01 20:03:00",45,10.676,2
44986,"2023-03-01 20:04:00",46,10.823,2
44986,"2023-03-01 20:05:00",47,10.970,2
44986,"2023-03-01 20:06:00",48,11.117,2
44986,"2023-03-01 20:07:00",49,11.264,2
44986,"2023-03-01 20:08:00",50,11.411,2
44986,"2023-03-01 20:09:00",51,11.558,2
44986,"2023-03-01 20:10:00",52,11.700,2
44986,"2023-03-01 20:11:00",53,11.807,2
44986,"2023-03-01 20:12:00",54,11.914,2
44986,"2023-03-01 20:13:00",55,12.021,2
44986,"2023-03-01 20:14:00",56,12.128,2
44986,"2023-03-01 20:15:00",57,12.235,2
44986,"2023-03-01 20:16:00",58,12.342,2
44986,"2023-03-01 20:17:00",59,12.449,2
44986,"2023-03-01 20:18:00",60,12.556,2
44986,"2023-03-01 20:19:00",61,12.663,2
44986,"2023-03-01 20:20:00",62,12.770,2
44986,"2023-03-01 20:21:00",63,12.877,2
44986,"2023-03-01 20:22:00",64,12.984,2
44986,"2023-03-01 20:23:00",65,13.091,2
44986,"2023-03-01 20:24:00",66,13.198,2
44986,"2023-03-01 20:25:00",67,13.300,2
44986,"2023-03-01 20:26:00",68,13.373,2
44986,"2023-03-01 20:27:00",69,13.446,2
44986,"2023-03-01 20:28:00",70,13.519,2
44986,"2023-03-01 20:29:00",71,13.592,2
44986,"2023-03-01 20:30:00",72,13.665,2
44986,"2023-03-01 20:31:00",73,13.738,2
44986,"2023-03-01 20:32:00",74,13.811,2
44986,"2023-03-01 20:33:00",75,13.884,2
44986,"2023-03-01 20:34:00",76,13.957,2
44986,"2023-03-01 20:35:00",77,14.030,2
44986,"2023-03-01 20:36:00",78,14.103,2
44986,"2023-03-01 20:37:00",79,14.176,2
44986,"2023-03-01 20:38:00",80,14.249,2
44986,"2023-03-01 20:39:00",81,14.322,2
44986,"2023-03-01 20:40:00",82,14.400,2
44986,"2023-03-01 20:41:00",83,14.427,2
44986,"2023-03-01 20:42:00",84,14.454,2
44986,"2023-03-01 20:43:00",85,14.481,2
44986,"2023-03-01 20:44:00",86,14.508,2
44986,"2023-03-01 20:45:00",87,14.535,2
44986,"2023-03-01 20:46:00",88,14.562,2
44986,"2023-03-01 20:47:00",89,14.589,2
44986,"2023-03-01 20:48:00",90,14.616,2
44986,"2023-03-01 20:49:00",91,14.643,2
44986,"2023-03-01 20:50:00",92,14.670,2
44986,"2023-03-01 20:51:00",93,14.697,2
44986,"2023-03-01 20:52:00",94,14.724,2
44986,"2023-03-01 20:53:00",95,14.751,2
44986,"2023-03-01 20:54:00",96,14.778,2
44986,"2023-03-01 20:55:00",97,14.800,2
44986,"2023-03-01 20:56:00",98,14.767,2
44986,"2023-03-01 20:57:00",99,14.734,2
44986,"2023-03-01 20:58:00",100,14.701,2
44986,"2023-03-01 20:59:00",101,14.668,2
44986,"2023-03-01 21:00:00",102,14.635,2
44986,"2023-03-01 21:01:00",103,14.602,2
44986,"2023-03-01 21:02:00",104,14.569,2
44986,"2023-03-01 21:03:00",105,14.536,2
44986,"2023-03-01 21:04:00",106,14.503,2
44986,"2023-03-01 21:05:00",107,14.470,2
44986,"2023-03-01 21:06:00",108,14.437,2
44986,"2023-03-01 21:07:00",109,14.404,2
44986,"2023-03-01 21:08:00",110,14.371,2
44986,"2023-03-01 21:09:00",111,14.338,2
44986,"2023-03-01 21:10:00",112,14.300,2
44986,"2023-03-01 21:11:00",113,14.247,2
44986,"2023-03-01 21:12:00",114,14.194,2
44986,"2023-03-01 21:13:00",115,14.141,2
44986,"2023-03-01 21:14:00",116,14.088,2
44986,"2023-03-01 21:15:00",117,14.035,2
44986,"2023-03-01 21:16:00",118,13.982,2
44986,"2023-03-01 21:17:00",119,13.929,2
44986,"2023-03-01 21:18:00",120,13.876,2
44986,"2023-03-01 21:19:00",121,13.823,2
44986,"2023-03-01 21:20:00",122,13.770,2
44986,"2023-03-01 21:21:00",123,13.717,2
44986,"2023-03-01 21:22:00",124,13.664,2
44986,"2023-03-01 21:23:00",125,13.611,2
44986,"2023-03-01 21:24:00",126,13.558,2
44986,"2023-03-01 21:25:00",127,13.500,2
44986,"2023-03-01 21:26:00",128,13.487,2
44986,"2023-03-01 21:27:00",129,13.474,2
44986,"2023-03-01 21:28:00",130,13.461,2
44986,"2023-03-01 21:29:00",131,13.448,2
44986,"2023-03-01 21:30:00",132,13.435,2
44986,"2023-03-01 21:31:00",133,13.422,2
44986,"2023-03-01 21:32:00",134,13.409,2
44986,"2023-03-01 21:33:00",135,13.396,2
44986,"2023-03-01 21:34:00",136,13.383,2
44986,"2023-03-01 21:35:00",137,13.370,2
44986,"2023-03-01 21:36:00",138,13.357,2
44986,"2023-03-01 21:37:00",139,13.344,2
44986,"2023-03-01 21:38:00",140,13.331,2
44986,"2023-03-01 21:39:00",141,13.318,2
44986,"2023-03-01 21:40:00",142,13.300,2
44986,"2023-03-01 21:41:00",143,13.247,2
44986,"2023-03-01 21:42:00",144,13.194,2
44986,"2023-03-01 21:43:00",145,13.141,2
44986,"2023-03-01 21:44:00",146,13.088,2
44986,"2023-03-01 21:45:00",147,13.035,2
44986,"2023-03-01 21:46:00",148,12.982,2
44986,"2023-03-01 21:47:00",149,12.929,2
44986,"2023-03-01 21:48:00",150,12.876,2
44986,"2023-03-01 21:49:00",151,12.823,2
44986,"2023-03-01 21:50:00",152,12.770,2
44986,"2023-03-01 21:51:00",153,12.717,2
44986,"2023-03-01 21:52:00",154,12.664,2
44986,"2023-03-01 21:53:00",155,12.611,2
44986,"2023-03-01 21:54:00",156,12.558,2
44986,"2023-03-01 21:55:00",157,12.500,2
44986,"2023-03-01 21:56:00",158,12.440,2
44986,"2023-03-01 21:57:00",159,12.380,2
44986,"2023-03-01 21:58:00",160,12.320,2
44986,"2023-03-01 21:59:00",161,12.260,2
44986,"2023-03-01 22:00:00",162,12.200,2
44986,"2023-03-01 22:01:00",163,12.140,2
44986,"2023-03-01 22:02:00",164,12.080,2
44986,"2023-03-01 22:03:00",165,12.020,2
44986,"2023-03-01 22:04:00",166,11.960,2
44986,"2023-03-01 22:05:00",167,11.900,2
44986,"2023-03-01 22:06:00",168,11.840,2
44986,"2023-03-01 22:07:00",169,11.780,2
44986,"2023-03-01 22:08:00",170,11.720,2
44986,"2023-03-01 22:09:00",171,11.660,2
44986,"2023-03-01 22:10:00",172,11.600,2
44986,"2023-03-01 22:11:00",173,11.560,2
44986,"2023-03-01 22:12:00",174,11.520,2
44986,"2023-03-01 22:13:00",175,11.480,2
44986,"2023-03-01 22:14:00",176,11.440,2
44986,"2023-03-01 22:15:00",177,11.400,2
44986,"2023-03-01 22:16:00",178,11.360,2
44986,"2023-03-01 22:17:00",179,11.320,2
44986,"2023-03-01 22:18:00",180,11.280,2
44986,"2023-03-01 22:19:00",181,11.240,2
44986,"2023-03-01 22:20:00",182,11.200,2
44986,"2023-03-01 22:21:00",183,11.160,2
44986,"2023-03-01 22:22:00",184,11.120,2
44986,"2023-03-01 22:23:00",185,11.080,2
44986,"2023-03-01 22:24:00",186,11.040,2
44986,"2023-03-01 22:25:00",187,11.000,2
44986,"2023-03-01 22:26:00",188,10.953,2
44986,"2023-03-01 22:27:00",189,10.906,2
44986,"2023-03-01 22:28:00",190,10.859,2
44986,"2023-03-01 22:29:00",191,10.812,2
44986,"2023-03-01 22:30:00",192,10.765,2
44986,"2023-03-01 22:31:00",193,10.718,2
44986,"2023-03-01 22:32:00",194,10.671,2
44986,"2023-03-01 22:33:00",195,10.624,2
44986,"2023-03-01 22:34:00",196,10.577,2
44986,"2023-03-01 22:35:00",197,10.530,2
44986,"2023-03-01 22:36:00",198,10.483,2
44986,"2023-03-01 22:37:00",199,10.436,2
44986,"2023-03-01 22:38:00",200,10.389,2
44986,"2023-03-01 22:39:00",201,10.342,2
44986,"2023-03-01 22:40:00",202,10.300,2
44986,"2023-03-01 22:41:00",203,10.240,2
44986,"2023-03-01 22:42:00",204,10.180,2
44986,"2023-03-01 22:43:00",205,10.120,2
44986,"2023-03-01 22:44:00",206,10.060,2
44986,"2023-03-01 22:45:00",207,10.000,2
44986,"2023-03-01 22:46:00",208,9.940,2
44986,"2023-03-01 22:47:00",209,9.880,2
44986,"2023-03-01 22:48:00",210,9.820,2
44986,"2023-03-01 22:49:00",211,9.760,2
44986,"2023-03-01 22:50:00",212,9.700,2
44986,"2023-03-01 22:51:00",213,9.640,2
44986,"2023-03-01 22:52:00",214,9.580,2
44986,"2023-03-01 22:53:00",215,9.520,2
44986,"2023-03-01 22:54:00",216,9.460,2
44986,"2023-03-01 22:55:00",217,9.400,2
44986,"2023-03-01 22:56:00",218,9.347,2
44986,"2023-03-01 22:57:00",219,9.294,2
44986,"2023-03-01 22:58:00",220,9.241,2
44986,"2023-03-01 22:59:00",221,9.188,2
44986,"2023-03-01 23:00:00",222,9.135,2
44986,"2023-03-01 23:01:00",223,9.082,2
44986,"2023-03-01 23:02:00",224,9.029,2
44986,"2023-03-01 23:03:00",225,8.976,2
44986,"2023-03-01 23:04:00",226,8.923,2
44986,"2023-03-01 23:05:00",227,8.870,2
44986,"2023-03-01 23:06:00",228,8.817,2
44986,"2023-03-01 23:07:00",229,8.764,2
44986,"2023-03-01 23:08:00",230,8.711,2
44986,"2023-03-01 23:09:00",231,8.658,2
44986,"2023-03-01 23:10:00",232,8.600,2
44986,"2023-03-01 23:11:00",233,8.580,2
44986,"2023-03-01 23:12:00",234,8.560,2
44986,"2023-03-01 23:13:00",235,8.540,2
44986,"2023-03-01 23:14:00",236,8.520,2
44986,"2023-03-01 23:15:00",237,8.500,2
44986,"2023-03-01 23:16:00",238,8.480,2
44986,"2023-03-01 23:17:00",239,8.460,2
44986,"2023-03-01 23:18:00",240,8.440,2
44986,"2023-03-01 23:19:00",241,8.420,2
44986,"2023-03-01 23:20:00",242,8.400,2
44986,"2023-03-01 23:21:00",243,8.380,2
44986,"2023-03-01 23:22:00",244,8.360,2
44986,"2023-03-01 23:23:00",245,8.340,2
44986,"2023-03-01 23:24:00",246,8.320,2
44986,"2023-03-01 23:25:00",247,8.300,2
44986,"2023-03-01 23:26:00",248,8.280,2
44986,"2023-03-01 23:27:00",249,8.260,2
44986,"2023-03-01 23:28:00",250,8.240,2
44986,"2023-03-01 23:29:00",251,8.220,2
44986,"2023-03-01 23:30:00",252,8.200,2
44986,"2023-03-01 23:31:00",253,8.180,2
44986,"2023-03-01 23:32:00",254,8.160,2
44986,"2023-03-01 23:33:00",255,8.140,2
44986,"2023-03-01 23:34:00",256,8.120,2
44986,"2023-03-01 23:35:00",257,8.100,2
44986,"2023-03-01 23:36:00",258,8.080,2
44986,"2023-03-01 23:37:00",259,8.060,2
44986,"2023-03-01 23:38:00",260,8.040,2
44986,"2023-03-01 23:39:00",261,8.020,2
44986,"2023-03-01 23:40:00",262,8.000,2
44986,"2023-03-01 23:41:00",263,7.980,2
44986,"2023-03-01 23:42:00",264,7.960,2
44986,"2023-03-01 23:43:00",265,7.940,2
44986,"2023-03-01 23:44:00",266,7.920,2
44986,"2023-03-01 23:45:00",267,7.900,2
44986,"2023-03-01 23:46:00",268,7.880,2
44986,"2023-03-01 23:47:00",269,7.860,2
44986,"2023-03-01 23:48:00",270,7.840,2
44986,"2023-03-01 23:49:00",271,7.820,2
44986,"2023-03-01 23:50:00",272,7.800,2
44986,"2023-03-01 23:51:00",273,7.780,2
44986,"2023-03-01 23:52:00",274,7.760,2
44986,"2023-03-01 23:53:00",275,7.740,2
44986,"2023-03-01 23:54:00",276,7.720,2
44986,"2023-03-01 23:55:00",277,7.700,2
44986,"2023-03-01 23:56:00",278,7.713,2
44986,"2023-03-01 23:57:00",279,7.726,2
44986,"2023-03-01 23:58:00",280,7.739,2
44986,"2023-03-01 23:59:00",281,7.752,2
44986,"2023-03-02 00:00:00",282,7.765,2
44986,"2023-03-02 00:01:00",283,7.778,2
44986,"2023-03-02 00:02:00",284,7.791,2
44986,"2023-03-02 00:03:00",285,7.804,2
44986,"2023-03-02 00:04:00",286,7.817,2
44986,"2023-03-02 00:05:00",287,7.830,2
44986,"2023-03-02 00:06:00",288,7.843,2
44986,"2023-03-02 00:07:00",289,7.856,2
44986,"2023-03-02 00:08:00",290,7.869,2
44986,"2023-03-02 00:09:00",291,7.882,2
44986,"2023-03-02 00:10:00",292,7.900,2
44986,"2023-03-02 00:11:00",293,7.953,2
44986,"2023-03-02 00:12:00",294,8.006,2
44986,"2023-03-02 00:13:00",295,8.059,2
44986,"2023-03-02 00:14:00",296,8.112,2
44986,"2023-03-02 00:15:00",297,8.165,2
44986,"2023-03-02 00:16:00",298,8.218,2
44986,"2023-03-02 00:17:00",299,8.271,2
44986,"2023-03-02 00:18:00",300,8.324,2
44986,"2023-03-02 00:19:00",301,8.377,2
44986,"2023-03-02 00:20:00",302,8.430,2
44986,"2023-03-02 00:21:00",303,8.483,2
44986,"2023-03-02 00:22:00",304,8.536,2
44986,"2023-03-02 00:23:00",305,8.589,2
44986,"2023-03-02 00:24:00",306,8.642,2
44986,"2023-03-02 00:25:00",307,8.700,2
44986,"2023-03-02 00:26:00",308,8.747,2
44986,"2023-03-02 00:27:00",309,8.794,2
44986,"2023-03-02 00:28:00",310,8.841,2
44986,"2023-03-02 00:29:00",311,8.888,2
44986,"2023-03-02 00:30:00",312,8.935,2
44986,"2023-03-02 00:31:00",313,8.982,2
44986,"2023-03-02 00:32:00",314,9.029,2
44986,"2023-03-02 00:33:00",315,9.076,2
44986,"2023-03-02 00:34:00",316,9.123,2
44986,"2023-03-02 00:35:00",317,9.170,2
44986,"2023-03-02 00:36:00",318,9.217,2
44986,"2023-03-02 00:37:00",319,9.264,2
44986,"2023-03-02 00:38:00",320,9.311,2
44986,"2023-03-02 00:39:00",321,9.358,2
44986,"2023-03-02 00:40:00",322,9.400,2
44986,"2023-03-02 00:41:00",323,9.400,2
44986,"2023-03-02 00:42:00",324,9.400,2
44986,"2023-03-02 00:43:00",325,9.400,2
44986,"2023-03-02 00:44:00",326,9.400,2
44986,"2023-03-02 00:45:00",327,9.400,2
44986,"2023-03-02 00:46:00",328,9.400,2
44986,"2023-03-02 00:47:00",329,9.400,2
44986,"2023-03-02 00:48:00",330,9.400,2
44986,"2023-03-02 00:49:00",331,9.400,2
44986,"2023-03-02 00:50:00",332,9.400,2
44986,"2023-03-02 00:51:00",333,9.400,2
44986,"2023-03-02 00:52:00",334,9.400,2
44986,"2023-03-02 00:53:00",335,9.400,2
44986,"2023-03-02 00:54:00",336,9.400,2
44986,"2023-03-02 00:55:00",337,9.400,2
44986,"2023-03-02 00:56:00",338,9.413,2
44986,"2023-03-02 00:57:00",339,9.426,2
44986,"2023-03-02 00:58:00",340,9.439,2
44986,"2023-03-02 00:59:00",341,9.452,2
44986,"2023-03-02 01:00:00",342,9.465,2
44986,"2023-03-02 01:01:00",343,9.478,2
44986,"2023-03-02 01:02:00",344,9.491,2
44986,"2023-03-02 01:03:00",345,9.504,2
44986,"2023-03-02 01:04:00",346,9.517,2
44986,"2023-03-02 01:05:00",347,9.530,2
44986,"2023-03-02 01:06:00",348,9.543,2
44986,"2023-03-02 01:07:00",349,9.556,2
44986,"2023-03-02 01:08:00",350,9.569,2
44986,"2023-03-02 01:09:00",351,9.582,2
44986,"2023-03-02 01:10:00",352,9.600,2
44986,"2023-03-02 01:11:00",353,9.627,2
44986,"2023-03-02 01:12:00",354,9.654,2
44986,"2023-03-02 01:13:00",355,9.681,2
44986,"2023-03-02 01:14:00",356,9.708,2
44986,"2023-03-02 01:15:00",357,9.735,2
44986,"2023-03-02 01:16:00",358,9.762,2
44986,"2023-03-02 01:17:00",359,9.789,2
44986,"2023-03-02 01:18:00",360,9.816,2
44986,"2023-03-02 01:19:00",361,9.843,2
44986,"2023-03-02 01:20:00",362,9.870,2
44986,"2023-03-02 01:21:00",363,9.897,2
44986,"2023-03-02 01:22:00",364,9.924,2
44986,"2023-03-02 01:23:00",365,9.951,2
44986,"2023-03-02 01:24:00",366,9.978,2
44986,"2023-03-02 01:25:00",367,10.000,2
44986,"2023-03-02 01:26:00",368,9.980,2
44986,"2023-03-02 01:27:00",369,9.960,2
44986,"2023-03-02 01:28:00",370,9.940,2
44986,"2023-03-02 01:29:00",371,9.920,2
44986,"2023-03-02 01:30:00",372,9.900,2
44986,"2023-03-02 01:31:00",373,9.880,2
44986,"2023-03-02 01:32:00",374,9.860,2
44986,"2023-03-02 01:33:00",375,9.840,2
44986,"2023-03-02 01:34:00",376,9.820,2
44986,"2023-03-02 01:35:00",377,9.800,2
44986,"2023-03-02 01:36:00",378,9.780,2
44986,"2023-03-02 01:37:00",379,9.760,2
44986,"2023-03-02 01:38:00",380,9.740,2
44986,"2023-03-02 01:39:00",381,9.720,2
44986,"2023-03-02 01:40:00",382,9.700,2
44986,"2023-03-02 01:41:00",383,9.667,2
44986,"2023-03-02 01:42:00",384,9.634,2
44986,"2023-03-02 01:43:00",385,9.601,2
44986,"2023-03-02 01:44:00",386,9.568,2
44986,"2023-03-02 01:45:00",387,9.535,2
44986,"2023-03-02 01:46:00",388,9.502,2
44986,"2023-03-02 01:47:00",389,9.469,2
44986,"2023-03-02 01:48:00",390,9.436,2
44986,"2023-03-02 01:49:00",391,9.403,2
44986,"2023-03-02 01:50:00",392,9.370,2
44986,"2023-03-02 01:51:00",393,9.337,2
44986,"2023-03-02 01:52:00",394,9.304,2
44986,"2023-03-02 01:53:00",395,9.271,2
44986,"2023-03-02 01:54:00",396,9.238,2
44986,"2023-03-02 01:55:00",397,9.200,2
44986,"2023-03-02 01:56:00",398,9.173,2
44986,"2023-03-02 01:57:00",399,9.146,2
44986,"2023-03-02 01:58:00",400,9.119,2
44986,"2023-03-02 01:59:00",401,9.092,2
44986,"2023-03-02 02:00:00",402,9.065,2
44986,"2023-03-02 02:01:00",403,9.038,2
44986,"2023-03-02 02:02:00",404,9.011,2
44986,"2023-03-02 02:03:00",405,8.984,2
44986,"2023-03-02 02:04:00",406,8.957,2
44986,"2023-03-02 02:05:00",407,8.930,2
44986,"2023-03-02 02:06:00",408,8.903,2
44986,"2023-03-02 02:07:00",409,8.876,2
44986,"2023-03-02 02:08:00",410,8.849,2
44986,"2023-03-02 02:09:00",411,8.822,2
44986,"2023-03-02 02:10:00",412,8.800,2
44986,"2023-03-02 02:11:00",413,8.753,2
44986,"2023-03-02 02:12:00",414,8.706,2
44986,"2023-03-02 02:13:00",415,8.659,2
44986,"2023-03-02 02:14:00",416,8.612,2
44986,"2023-03-02 02:15:00",417,8.565,2
44986,"2023-03-02 02:16:00",418,8.518,2
44986,"2023-03-02 02:17:00",419,8.471,2
44986,"2023-03-02 02:18:00",420,8.424,2
44986,"2023-03-02 02:19:00",421,8.377,2
44986,"2023-03-02 02:20:00",422,8.330,2
44986,"2023-03-02 02:21:00",423,8.283,2
44986,"2023-03-02 02:22:00",424,8.236,2
44986,"2023-03-02 02:23:00",425,8.189,2
44986,"2023-03-02 02:24:00",426,8.142,2
44986,"2023-03-02 02:25:00",427,8.100,2
44986,"2023-03-02 02:26:00",428,8.080,2
44986,"2023-03-02 02:27:00",429,8.060,2
44986,"2023-03-02 02:28:00",430,8.040,2
44986,"2023-03-02 02:29:00",431,8.020,2
44986,"2023-03-02 02:30:00",432,8.000,2
44986,"2023-03-02 02:31:00",433,7.980,2
44986,"2023-03-02 02:32:00",434,7.960,2
44986,"2023-03-02 02:33:00",435,7.940,2
44986,"2023-03-02 02:34:00",436,7.920,2
44986,"2023-03-02 02:35:00",437,7.900,2
44986,"2023-03-02 02:36:00",438,7.880,2
44986,"2023-03-02 02:37:00",439,7.860,2
44986,"2023-03-02 02:38:00",440,7.840,2
44986,"2023-03-02 02:39:00",441,7.820,2
44986,"2023-03-02 02:40:00",442,7.800,2
44986,"2023-03-02 02:41:00",443,7.787,2
44986,"2023-03-02 02:42:00",444,7.774,2
44986,"2023-03-02 02:43:00",445,7.761,2
44986,"2023-03-02 02:44:00",446,7.748,2
44986,"2023-03-02 02:45:00",447,7.735,2
44986,"2023-03-02 02:46:00",448,7.722,2
44986,"2023-03-02 02:47:00",449,7.709,2
44986,"2023-03-02 02:48:00",450,7.696,2
44986,"2023-03-02 02:49:00",451,7.683,2
44986,"2023-03-02 02:50:00",452,7.670,2
44986,"2023-03-02 02:51:00",453,7.657,2
44986,"2023-03-02 02:52:00",454,7.644,2
44986,"2023-03-02 02:53:00",455,7.631,2
44986,"2023-03-02 02:54:00",456,7.618,2
44986,"2023-03-02 02:55:00",457,7.600,2
44986,"2023-03-02 02:56:00",458,7.593,2
44986,"2023-03-02 02:57:00",459,7.586,2
44986,"2023-03-02 02:58:00",460,7.579,2
44986,"2023-03-02 02:59:00",461,7.572,2
44986,"2023-03-02 03:00:00",462,7.565,2
44986,"2023-03-02 03:01:00",463,7.558,2
44986,"2023-03-02 03:02:00",464,7.551,2
44986,"2023-03-02 03:03:00",465,7.544,2
44986,"2023-03-02 03:04:00",466,7.537,2
44986,"2023-03-02 03:05:00",467,7.530,2
44986,"2023-03-02 03:06:00",468,7.523,2
44986,"2023-03-02 03:07:00",469,7.516,2
44986,"2023-03-02 03:08:00",470,7.509,2
44986,"2023-03-02 03:09:00",471,7.502,2
44986,"2023-03-02 03:10:00",472,7.500,2
44986,"2023-03-02 03:11:00",473,7.520,2
44986,"2023-03-02 03:12:00",474,7.540,2
44986,"2023-03-02 03:13:00",475,7.560,2
44986,"2023-03-02 03:14:00",476,7.580,2
44986,"2023-03-02 03:15:00",477,7.600,2
44986,"2023-03-02 03:16:00",478,7.620,2
44986,"2023-03-02 03:17:00",479,7.640,2
45005,"2023-03-20 19:15:00",0,5.227,2
45005,"2023-03-20 19:16:00",1,5.254,2
45005,"2023-03-20 19:17:00",2,5.281,2
45005,"2023-03-20 19:18:00",3,5.308,2
45005,"2023-03-20 19:19:00",4,5.335,2
45005,"2023-03-20 19:20:00",5,5.362,2
45005,"2023-03-20 19:21:00",6,5.389,2
45005,"2023-03-20 19:22:00",7,5.416,2
45005,"2023-03-20 19:23:00",8,5.443,2
45005,"2023-03-20 19:24:00",9,5.470,2
45005,"2023-03-20 19:25:00",10,5.497,2
45005,"2023-03-20 19:26:00",11,5.524,2
45005,"2023-03-20 19:27:00",12,5.551,2
45005,"2023-03-20 19:28:00",13,5.578,2
45005,"2023-03-20 19:29:00",14,5.600,2
45005,"2023-03-20 19:30:00",15,5.760,2
45005,"2023-03-20 19:31:00",16,5.920,2
45005,"2023-03-20 19:32:00",17,6.080,2
45005,"2023-03-20 19:33:00",18,6.240,2
45005,"2023-03-20 19:34:00",19,6.400,2
45005,"2023-03-20 19:35:00",20,6.560,2
45005,"2023-03-20 19:36:00",21,6.720,2
45005,"2023-03-20 19:37:00",22,6.880,2
45005,"2023-03-20 19:38:00",23,7.040,2
45005,"2023-03-20 19:39:00",24,7.200,2
45005,"2023-03-20 19:40:00",25,7.360,2
45005,"2023-03-20 19:41:00",26,7.520,2
45005,"2023-03-20 19:42:00",27,7.680,2
45005,"2023-03-20 19:43:00",28,7.840,2
45005,"2023-03-20 19:44:00",29,8.000,2
45005,"2023-03-20 19:45:00",30,8.260,2
45005,"2023-03-20 19:46:00",31,8.520,2
45005,"2023-03-20 19:47:00",32,8.780,2
45005,"2023-03-20 19:48:00",33,9.040,2
45005,"2023-03-20 19:49:00",34,9.300,2
45005,"2023-03-20 19:50:00",35,9.560,2
45005,"2023-03-20 19:51:00",36,9.820,2
45005,"2023-03-20 19:52:00",37,10.080,2
45005,"2023-03-20 19:53:00",38,10.340,2
45005,"2023-03-20 19:54:00",39,10.600,2
45005,"2023-03-20 19:55:00",40,10.860,2
45005,"2023-03-20 19:56:00",41,11.120,2
45005,"2023-03-20 19:57:00",42,11.380,2
45005,"2023-03-20 19:58:00",43,11.640,2
45005,"2023-03-20 19:59:00",44,11.900,2
45005,"2023-03-20 20:00:00",45,12.107,2
45005,"2023-03-20 20:01:00",46,12.314,2
45005,"2023-03-20 20:02:00",47,12.521,2
45005,"2023-03-20 20:03:00",48,12.728,2
45005,"2023-03-20 20:04:00",49,12.935,2
45005,"2023-03-20 20:05:00",50,13.142,2
45005,"2023-03-20 20:06:00",51,13.349,2
45005,"2023-03-20 20:07:00",52,13.556,2
45005,"2023-03-20 20:08:00",53,13.763,2
45005,"2023-03-20 20:09:00",54,13.970,2
45005,"2023-03-20 20:10:00",55,14.177,2
45005,"2023-03-20 20:11:00",56,14.384,2
45005,"2023-03-20 20:12:00",57,14.591,2
45005,"2023-03-20 20:13:00",58,14.798,2
45005,"2023-03-20 20:14:00",59,15.000,2
45005,"2023-03-20 20:15:00",60,15.167,2
45005,"2023-03-20 20:16:00",61,15.334,2
45005,"2023-03-20 20:17:00",62,15.501,2
45005,"2023-03-20 20:18:00",63,15.668,2
45005,"2023-03-20 20:19:00",64,15.835,2
45005,"2023-03-20 20:20:00",65,16.002,2
45005,"2023-03-20 20:21:00",66,16.169,2
45005,"2023-03-20 20:22:00",67,16.336,2
45005,"2023-03-20 20:23:00",68,16.503,2
45005,"2023-03-20 20:24:00",69,16.670,2
45005,"2023-03-20 20:25:00",70,16.837,2
45005,"2023-03-20 20:26:00",71,17.004,2
45005,"2023-03-20 20:27:00",72,17.171,2
45005,"2023-03-20 20:28:00",73,17.338,2
45005,"2023-03-20 20:29:00",74,17.500,2
45005,"2023-03-20 20:30:00",75,17.620,2
45005,"2023-03-20 20:31:00",76,17.740,2
45005,"2023-03-20 20:32:00",77,17.860,2
45005,"2023-03-20 20:33:00",78,17.980,2
45005,"2023-03-20 20:34:00",79,18.100,2
45005,"2023-03-20 20:35:00",80,18.220,2
45005,"2023-03-20 20:36:00",81,18.340,2
45005,"2023-03-20 20:37:00",82,18.460,2
45005,"2023-03-20 20:38:00",83,18.580,2
45005,"2023-03-20 20:39:00",84,18.700,2
45005,"2023-03-20 20:40:00",85,18.820,2
45005,"2023-03-20 20:41:00",86,18.940,2
45005,"2023-03-20 20:42:00",87,19.060,2
45005,"2023-03-20 20:43:00",88,19.180,2
45005,"2023-03-20 20:44:00",89,19.300,2
45005,"2023-03-20 20:45:00",90,19.288,2
45005,"2023-03-20 20:46:00",91,19.276,2
45005,"2023-03-20 20:47:00",92,19.264,2
45005,"2023-03-20 20:48:00",93,19.252,2
45005,"2023-03-20 20:49:00",94,19.240,2
45005,"2023-03-20 20:50:00",95,19.228,2
45005,"2023-03-20 20:51:00",96,19.216,2
45005,"2023-03-20 20:52:00",97,19.204,2
45005,"2023-03-20 20:53:00",98,19.192,2
45005,"2023-03-20 20:54:00",99,19.180,2
45005,"2023-03-20 20:55:00",100,19.168,2
45005,"2023-03-20 20:56:00",101,19.156,2
45005,"2023-03-20 20:57:00",102,19.144,2
45005,"2023-03-20 20:58:00",103,19.132,2
45005,"2023-03-20 20:59:00",104,19.120,2
45005,"2023-03-20 21:00:00",105,19.100,2
45005,"2023-03-20 21:01:00",106,19.087,2
45005,"2023-03-20 21:02:00",107,19.074,2
45005,"2023-03-20 21:03:00",108,19.061,2
45005,"2023-03-20 21:04:00",109,19.048,2
45005,"2023-03-20 21:05:00",110,19.035,2
45005,"2023-03-20 21:06:00",111,19.022,2
45005,"2023-03-20 21:07:00",112,19.009,2
45005,"2023-03-20 21:08:00",113,18.996,2
45005,"2023-03-20 21:09:00",114,18.983,2
45005,"2023-03-20 21:10:00",115,18.970,2
45005,"2023-03-20 21:11:00",116,18.957,2
45005,"2023-03-20 21:12:00",117,18.944,2
45005,"2023-03-20 21:13:00",118,18.931,2
45005,"2023-03-20 21:14:00",119,18.918,2
45005,"2023-03-20 21:15:00",120,18.900,2
45005,"2023-03-20 21:16:00",121,18.793,2
45005,"2023-03-20 21:17:00",122,18.686,2
45005,"2023-03-20 21:18:00",123,18.579,2
45005,"2023-03-20 21:19:00",124,18.472,2
45005,"2023-03-20 21:20:00",125,18.365,2
45005,"2023-03-20 21:21:00",126,18.258,2
45005,"2023-03-20 21:22:00",127,18.151,2
45005,"2023-03-20 21:23:00",128,18.044,2
45005,"2023-03-20 21:24:00",129,17.937,2
45005,"2023-03-20 21:25:00",130,17.830,2
45005,"2023-03-20 21:26:00",131,17.723,2
45005,"2023-03-20 21:27:00",132,17.616,2
45005,"2023-03-20 21:28:00",133,17.509,2
45005,"2023-03-20 21:29:00",134,17.402,2
45005,"2023-03-20 21:30:00",135,17.300,2
45005,"2023-03-20 21:31:00",136,17.207,2
45005,"2023-03-20 21:32:00",137,17.114,2
45005,"2023-03-20 21:33:00",138,17.021,2
45005,"2023-03-20 21:34:00",139,16.928,2
45005,"2023-03-20 21:35:00",140,16.835,2
45005,"2023-03-20 21:36:00",141,16.742,2
45005,"2023-03-20 21:37:00",142,16.649,2
45005,"2023-03-20 21:38:00",143,16.556,2
45005,"2023-03-20 21:39:00",144,16.463,2
45005,"2023-03-20 21:40:00",145,16.370,2
45005,"2023-03-20 21:41:00",146,16.277,2
45005,"2023-03-20 21:42:00",147,16.184,2
45005,"2023-03-20 21:43:00",148,16.091,2
45005,"2023-03-20 21:44:00",149,15.998,2
45005,"2023-03-20 21:45:00",150,15.900,2
45005,"2023-03-20 21:46:00",151,15.840,2
45005,"2023-03-20 21:47:00",152,15.780,2
45005,"2023-03-20 21:48:00",153,15.720,2
45005,"2023-03-20 21:49:00",154,15.660,2
45005,"2023-03-20 21:50:00",155,15.600,2
45005,"2023-03-20 21:51:00",156,15.540,2
45005,"2023-03-20 21:52:00",157,15.480,2
45005,"2023-03-20 21:53:00",158,15.420,2
45005,"2023-03-20 21:54:00",159,15.360,2
45005,"2023-03-20 21:55:00",160,15.300,2
45005,"2023-03-20 21:56:00",161,15.240,2
45005,"2023-03-20 21:57:00",162,15.180,2
45005,"2023-03-20 21:58:00",163,15.120,2
45005,"2023-03-20 21:59:00",164,15.060,2
45005,"2023-03-20 22:00:00",165,15.000,2
45005,"2023-03-20 22:01:00",166,14.900,2
45005,"2023-03-20 22:02:00",167,14.800,2
45005,"2023-03-20 22:03:00",168,14.700,2
45005,"2023-03-20 22:04:00",169,14.600,2
45005,"2023-03-20 22:05:00",170,14.500,2
45005,"2023-03-20 22:06:00",171,14.400,2
45005,"2023-03-20 22:07:00",172,14.300,2
45005,"2023-03-20 22:08:00",173,14.200,2
45005,"2023-03-20 22:09:00",174,14.100,2
45005,"2023-03-20 22:10:00",175,14.000,2
45005,"2023-03-20 22:11:00",176,13.900,2
45005,"2023-03-20 22:12:00",177,13.800,2
45005,"2023-03-20 22:13:00",178,13.700,2
45005,"2023-03-20 22:14:00",179,13.600,2
45005,"2023-03-20 22:15:00",180,13.500,2
45005,"2023-03-20 22:16:00",181,13.373,2
45005,"2023-03-20 22:17:00",182,13.246,2
45005,"2023-03-20 22:18:00",183,13.119,2
45005,"2023-03-20 22:19:00",184,12.992,2
45005,"2023-03-20 22:20:00",185,12.865,2
45005,"2023-03-20 22:21:00",186,12.738,2
45005,"2023-03-20 22:22:00",187,12.611,2
45005,"2023-03-20 22:23:00",188,12.484,2
45005,"2023-03-20 22:24:00",189,12.357,2
45005,"2023-03-20 22:25:00",190,12.230,2
45005,"2023-03-20 22:26:00",191,12.103,2
45005,"2023-03-20 22:27:00",192,11.976,2
45005,"2023-03-20 22:28:00",193,11.849,2
45005,"2023-03-20 22:29:00",194,11.722,2
45005,"2023-03-20 22:30:00",195,11.600,2
45005,"2023-03-20 22:31:00",196,11.487,2
45005,"2023-03-20 22:32:00",197,11.374,2
45005,"2023-03-20 22:33:00",198,11.261,2
45005,"2023-03-20 22:34:00",199,11.148,2
45005,"2023-03-20 22:35:00",200,11.035,2
45005,"2023-03-20 22:36:00",201,10.922,2
45005,"2023-03-20 22:37:00",202,10.809,2
45005,"2023-03-20 22:38:00",203,10.696,2
45005,"2023-03-20 22:39:00",204,10.583,2
45005,"2023-03-20 22:40:00",205,10.470,2
45005,"2023-03-20 22:41:00",206,10.357,2
45005,"2023-03-20 22:42:00",207,10.244,2
45005,"2023-03-20 22:43:00",208,10.131,2
45005,"2023-03-20 22:44:00",209,10.018,2
45005,"2023-03-20 22:45:00",210,9.900,2
45005,"2023-03-20 22:46:00",211,9.827,2
45005,"2023-03-20 22:47:00",212,9.754,2
45005,"2023-03-20 22:48:00",213,9.681,2
45005,"2023-03-20 22:49:00",214,9.608,2
45005,"2023-03-20 22:50:00",215,9.535,2
45005,"2023-03-20 22:51:00",216,9.462,2
45005,"2023-03-20 22:52:00",217,9.389,2
45005,"2023-03-20 22:53:00",218,9.316,2
45005,"2023-03-20 22:54:00",219,9.243,2
45005,"2023-03-20 22:55:00",220,9.170,2
45005,"2023-03-20 22:56:00",221,9.097,2
45005,"2023-03-20 22:57:00",222,9.024,2
45005,"2023-03-20 22:58:00",223,8.951,2
45005,"2023-03-20 22:59:00",224,8.878,2
45005,"2023-03-20 23:00:00",225,8.800,2
45005,"2023-03-20 23:01:00",226,8.750,2
45005,"2023-03-20 23:02:00",227,8.700,2
45005,"2023-03-20 23:03:00",228,8.650,2
45005,"2023-03-20 23:04:00",229,8.600,2
45005,"2023-03-20 23:05:00",230,8.550,2
45005,"2023-03-20 23:06:00",231,8.500,2
45005,"2023-03-20 23:07:00",232,8.450,2
45005,"2023-03-20 23:08:00",233,8.400,2
45005,"2023-03-20 23:09:00",234,8.350,2
45005,"2023-03-20 23:10:00",235,8.300,2
45005,"2023-03-20 23:11:00",236,8.250,2
45005,"2023-03-20 23:12:00",237,8.200,2
45005,"2023-03-20 23:13:00",238,8.150,2
45005,"2023-03-20 23:14:00",239,8.100,2
45005,"2023-03-20 23:15:00",240,8.050,2
45005,"2023-03-20 23:16:00",241,8.000,2
45005,"2023-03-20 23:17:00",242,7.950,2
45005,"2023-03-20 23:18:00",243,7.900,2
45005,"2023-03-20 23:19:00",244,7.833,2
45005,"2023-03-20 23:20:00",245,7.766,2
45005,"2023-03-20 23:21:00",246,7.699,2
45005,"2023-03-20 23:22:00",247,7.632,2
45005,"2023-03-20 23:23:00",248,7.565,2
45005,"2023-03-20 23:24:00",249,7.498,2
45005,"2023-03-20 23:25:00",250,7.431,2
45005,"2023-03-20 23:26:00",251,7.364,2
45005,"2023-03-20 23:27:00",252,7.297,2
45005,"2023-03-20 23:28:00",253,7.230,2
45005,"2023-03-20 23:29:00",254,7.163,2
45005,"2023-03-20 23:30:00",255,7.096,2
45005,"2023-03-20 23:31:00",256,7.029,2
45005,"2023-03-20 23:32:00",257,6.962,2
45005,"2023-03-20 23:33:00",258,6.900,2
45005,"2023-03-20 23:34:00",259,6.847,2
45005,"2023-03-20 23:35:00",260,6.794,2
45005,"2023-03-20 23:36:00",261,6.741,2
45005,"2023-03-20 23:37:00",262,6.688,2
45005,"2023-03-20 23:38:00",263,6.635,2
45005,"2023-03-20 23:39:00",264,6.582,2
45005,"2023-03-20 23:40:00",265,6.529,2
45005,"2023-03-20 23:41:00",266,6.476,2
45005,"2023-03-20 23:42:00",267,6.423,2
45005,"2023-03-20 23:43:00",268,6.370,2
45005,"2023-03-20 23:44:00",269,6.317,2
45005,"2023-03-20 23:45:00",270,6.264,2
45005,"2023-03-20 23:46:00",271,6.211,2
45005,"2023-03-20 23:47:00",272,6.158,2
45005,"2023-03-20 23:48:00",273,6.100,2
45005,"2023-03-20 23:49:00",274,6.087,2
45005,"2023-03-20 23:50:00",275,6.074,2
45005,"2023-03-20 23:51:00",276,6.061,2
45005,"2023-03-20 23:52:00",277,6.048,2
45005,"2023-03-20 23:53:00",278,6.035,2
45005,"2023-03-20 23:54:00",279,6.022,2
45005,"2023-03-20 23:55:00",280,6.009,2
45005,"2023-03-20 23:56:00",281,5.996,2
45005,"2023-03-20 23:57:00",282,5.983,2
45005,"2023-03-20 23:58:00",283,5.970,2
45005,"2023-03-20 23:59:00",284,5.957,2
45005,"2023-03-21 00:00:00",285,5.944,2
45005,"2023-03-21 00:01:00",286,5.931,2
45005,"2023-03-21 00:02:00",287,5.918,2
45005,"2023-03-21 00:03:00",288,5.900,2
45005,"2023-03-21 00:04:00",289,5.900,2
45005,"2023-03-21 00:05:00",290,5.900,2
45005,"2023-03-21 00:06:00",291,5.900,2
45005,"2023-03-21 00:07:00",292,5.900,2
45005,"2023-03-21 00:08:00",293,5.900,2
45005,"2023-03-21 00:09:00",294,5.900,2
45005,"2023-03-21 00:10:00",295,5.900,2
45005,"2023-03-21 00:11:00",296,5.900,2
45005,"2023-03-21 00:12:00",297,5.900,2
45005,"2023-03-21 00:13:00",298,5.900,2
45005,"2023-03-21 00:14:00",299,5.900,2
45005,"2023-03-21 00:15:00",300,5.900,2
45005,"2023-03-21 00:16:00",301,5.900,2
45005,"2023-03-21 00:17:00",302,5.900,2
45005,"2023-03-21 00:18:00",303,5.900,2
45005,"2023-03-21 00:19:00",304,5.880,2
45005,"2023-03-21 00:20:00",305,5.860,2
45005,"2023-03-21 00:21:00",306,5.840,2
45005,"2023-03-21 00:22:00",307,5.820,2
45005,"2023-03-21 00:23:00",308,5.800,2
45005,"2023-03-21 00:24:00",309,5.780,2
45005,"2023-03-21 00:25:00",310,5.760,2
45005,"2023-03-21 00:26:00",311,5.740,2
45005,"2023-03-21 00:27:00",312,5.720,2
45005,"2023-03-21 00:28:00",313,5.700,2
45005,"2023-03-21 00:29:00",314,5.680,2
45005,"2023-03-21 00:30:00",315,5.660,2
45005,"2023-03-21 00:31:00",316,5.640,2
45005,"2023-03-21 00:32:00",317,5.620,2
45005,"2023-03-21 00:33:00",318,5.600,2
45005,"2023-03-21 00:34:00",319,5.580,2
45005,"2023-03-21 00:35:00",320,5.560,2
45005,"2023-03-21 00:36:00",321,5.540,2
45005,"2023-03-21 00:37:00",322,5.520,2
45005,"2023-03-21 00:38:00",323,5.500,2
45005,"2023-03-21 00:39:00",324,5.480,2
45005,"2023-03-21 00:40:00",325,5.460,2
45005,"2023-03-21 00:41:00",326,5.440,2
45005,"2023-03-21 00:42:00",327,5.420,2
45005,"2023-03-21 00:43:00",328,5.400,2
45005,"2023-03-21 00:44:00",329,5.380,2
45005,"2023-03-21 00:45:00",330,5.360,2
45005,"2023-03-21 00:46:00",331,5.340,2
45005,"2023-03-21 00:47:00",332,5.320,2
45005,"2023-03-21 00:48:00",333,5.300,2
45005,"2023-03-21 00:49:00",334,5.287,2
45005,"2023-03-21 00:50:00",335,5.274,2
45005,"2023-03-21 00:51:00",336,5.261,2
45005,"2023-03-21 00:52:00",337,5.248,2
45005,"2023-03-21 00:53:00",338,5.235,2
45005,"2023-03-21 00:54:00",339,5.222,2
45005,"2023-03-21 00:55:00",340,5.209,2
45005,"2023-03-21 00:56:00",341,5.196,2
45005,"2023-03-21 00:57:00",342,5.183,2
45005,"2023-03-21 00:58:00",343,5.170,2
45005,"2023-03-21 00:59:00",344,5.157,2
45005,"2023-03-21 01:00:00",345,5.144,2
45005,"2023-03-21 01:01:00",346,5.131,2
45005,"2023-03-21 01:02:00",347,5.118,2
45005,"2023-03-21 01:03:00",348,5.100,2
45005,"2023-03-21 01:04:00",349,5.073,2
45005,"2023-03-21 01:05:00",350,5.046,2
45005,"2023-03-21 01:06:00",351,5.019,2
45005,"2023-03-21 01:07:00",352,4.992,2
45005,"2023-03-21 01:08:00",353,4.965,2
45005,"2023-03-21 01:09:00",354,4.938,2
45005,"2023-03-21 01:10:00",355,4.911,2
45005,"2023-03-21 01:11:00",356,4.884,2
45005,"2023-03-21 01:12:00",357,4.857,2
45005,"2023-03-21 01:13:00",358,4.830,2
45005,"2023-03-21 01:14:00",359,4.803,2
45005,"2023-03-21 01:15:00",360,4.776,2
45005,"2023-03-21 01:16:00",361,4.749,2
45005,"2023-03-21 01:17:00",362,4.722,2
45005,"2023-03-21 01:18:00",363,4.700,2
45005,"2023-03-21 01:19:00",364,4.700,2
45005,"2023-03-21 01:20:00",365,4.700,2
45005,"2023-03-21 01:21:00",366,4.700,2
45005,"2023-03-21 01:22:00",367,4.700,2
45005,"2023-03-21 01:23:00",368,4.700,2
45005,"2023-03-21 01:24:00",369,4.700,2
45005,"2023-03-21 01:25:00",370,4.700,2
45005,"2023-03-21 01:26:00",371,4.700,2
45005,"2023-03-21 01:27:00",372,4.700,2
45005,"2023-03-21 01:28:00",373,4.700,2
45005,"2023-03-21 01:29:00",374,4.700,2
45005,"2023-03-21 01:30:00",375,4.700,2
45005,"2023-03-21 01:31:00",376,4.700,2
45005,"2023-03-21 01:32:00",377,4.700,2
45005,"2023-03-21 01:33:00",378,4.700,2
45005,"2023-03-21 01:34:00",379,4.680,2
45005,"2023-03-21 01:35:00",380,4.660,2
45005,"2023-03-21 01:36:00",381,4.640,2
45005,"2023-03-21 01:37:00",382,4.620,2
45005,"2023-03-21 01:38:00",383,4.600,2
45005,"2023-03-21 01:39:00",384,4.580,2
45005,"2023-03-21 01:40:00",385,4.560,2
45005,"2023-03-21 01:41:00",386,4.540,2
45005,"2023-03-21 01:42:00",387,4.520,2
45005,"2023-03-21 01:43:00",388,4.500,2
45005,"2023-03-21 01:44:00",389,4.480,2
45005,"2023-03-21 01:45:00",390,4.460,2
45005,"2023-03-21 01:46:00",391,4.440,2
45005,"2023-03-21 01:47:00",392,4.420,2
45005,"2023-03-21 01:48:00",393,4.400,2
45005,"2023-03-21 01:49:00",394,4.387,2
45005,"2023-03-21 01:50:00",395,4.374,2
45005,"2023-03-21 01:51:00",396,4.361,2
45005,"2023-03-21 01:52:00",397,4.348,2
45005,"2023-03-21 01:53:00",398,4.335,2
45005,"2023-03-21 01:54:00",399,4.322,2
45005,"2023-03-21 01:55:00",400,4.309,2
45005,"2023-03-21 01:56:00",401,4.296,2
45005,"2023-03-21 01:57:00",402,4.283,2
45005,"2023-03-21 01:58:00",403,4.270,2
45005,"2023-03-21 01:59:00",404,4.257,2
45005,"2023-03-21 02:00:00",405,4.244,2
45005,"2023-03-21 02:01:00",406,4.231,2
45005,"2023-03-21 02:02:00",407,4.218,2
45005,"2023-03-21 02:03:00",408,4.200,2
45005,"2023-03-21 02:04:00",409,4.207,2
45005,"2023-03-21 02:05:00",410,4.214,2
45005,"2023-03-21 02:06:00",411,4.221,2
45005,"2023-03-21 02:07:00",412,4.228,2
45005,"2023-03-21 02:08:00",413,4.235,2
45005,"2023-03-21 02:09:00",414,4.242,2
45005,"2023-03-21 02:10:00",415,4.249,2
45005,"2023-03-21 02:11:00",416,4.256,2
45005,"2023-03-21 02:12:00",417,4.263,2
45005,"2023-03-21 02:13:00",418,4.270,2
45005,"2023-03-21 02:14:00",419,4.277,2
45005,"2023-03-21 02:15:00",420,4.284,2
45005,"2023-03-21 02:16:00",421,4.291,2
45005,"2023-03-21 02:17:00",422,4.298,2
45005,"2023-03-21 02:18:00",423,4.300,2
45005,"2023-03-21 02:19:00",424,4.293,2
45005,"2023-03-21 02:20:00",425,4.286,2
45005,"2023-03-21 02:21:00",426,4.279,2
45005,"2023-03-21 02:22:00",427,4.272,2
45005,"2023-03-21 02:23:00",428,4.265,2
45005,"2023-03-21 02:24:00",429,4.258,2
45005,"2023-03-21 02:25:00",430,4.251,2
45005,"2023-03-21 02:26:00",431,4.244,2
45005,"2023-03-21 02:27:00",432,4.237,2
45005,"2023-03-21 02:28:00",433,4.230,2
45005,"2023-03-21 02:29:00",434,4.223,2
45005,"2023-03-21 02:30:00",435,4.216,2
45005,"2023-03-21 02:31:00",436,4.209,2
45005,"2023-03-21 02:32:00",437,4.202,2
45005,"2023-03-21 02:33:00",438,4.200,2
45005,"2023-03-21 02:34:00",439,4.167,2
45005,"2023-03-21 02:35:00",440,4.134,2
45005,"2023-03-21 02:36:00",441,4.101,2
45005,"2023-03-21 02:37:00",442,4.068,2
45005,"2023-03-21 02:38:00",443,4.035,2
45005,"2023-03-21 02:39:00",444,4.002,2
45005,"2023-03-21 02:40:00",445,3.969,2
45005,"2023-03-21 02:41:00",446,3.936,2
45005,"2023-03-21 02:42:00",447,3.903,2
45005,"2023-03-21 02:43:00",448,3.870,2
45005,"2023-03-21 02:44:00",449,3.837,2
45005,"2023-03-21 02:45:00",450,3.804,2
45005,"2023-03-21 02:46:00",451,3.771,2
45005,"2023-03-21 02:47:00",452,3.738,2
45005,"2023-03-21 02:48:00",453,3.700,2
45005,"2023-03-21 02:49:00",454,3.673,2
45005,"2023-03-21 02:50:00",455,3.646,2
45005,"2023-03-21 02:51:00",456,3.619,2
45005,"2023-03-21 02:52:00",457,3.592,2
45005,"2023-03-21 02:53:00",458,3.565,2
45005,"2023-03-21 02:54:00",459,3.538,2
45005,"2023-03-21 02:55:00",460,3.511,2
45005,"2023-03-21 02:56:00",461,3.484,2
45005,"2023-03-21 02:57:00",462,3.457,2
45005,"2023-03-21 02:58:00",463,3.430,2
45005,"2023-03-21 02:59:00",464,3.403,2
45005,"2023-03-21 03:00:00",465,3.376,2
45005,"2023-03-21 03:01:00",466,3.349,2
45005,"2023-03-21 03:02:00",467,3.322,2
45005,"2023-03-21 03:03:00",468,3.300,2
45005,"2023-03-21 03:04:00",469,3.287,2
45005,"2023-03-21 03:05:00",470,3.274,2
45005,"2023-03-21 03:06:00",471,3.261,2
45005,"2023-03-21 03:07:00",472,3.248,2
45005,"2023-03-21 03:08:00",473,3.235,2
45005,"2023-03-21 03:09:00",474,3.222,2
45005,"2023-03-21 03:10:00",475,3.209,2
45005,"2023-03-21 03:11:00",476,3.196,2
45005,"2023-03-21 03:12:00",477,3.183,2
45005,"2023-03-21 03:13:00",478,3.170,2
45005,"2023-03-21 03:14:00",479,3.157,2
45006,"2023-03-21 19:27:00",0,4.926,2
45006,"2023-03-21 19:28:00",1,4.939,2
45006,"2023-03-21 19:29:00",2,4.952,2
45006,"2023-03-21 19:30:00",3,4.965,2
45006,"2023-03-21 19:31:00",4,4.978,2
45006,"2023-03-21 19:32:00",5,4.991,2
45006,"2023-03-21 19:33:00",6,5.004,2
45006,"2023-03-21 19:34:00",7,5.017,2
45006,"2023-03-21 19:35:00",8,5.030,2
45006,"2023-03-21 19:36:00",9,5.043,2
45006,"2023-03-21 19:37:00",10,5.056,2
45006,"2023-03-21 19:38:00",11,5.069,2
45006,"2023-03-21 19:39:00",12,5.082,2
45006,"2023-03-21 19:40:00",13,5.100,2
45006,"2023-03-21 19:41:00",14,5.188,2
45006,"2023-03-21 19:42:00",15,5.276,2
45006,"2023-03-21 19:43:00",16,5.364,2
45006,"2023-03-21 19:44:00",17,5.452,2
45006,"2023-03-21 19:45:00",18,5.540,2
45006,"2023-03-21 19:46:00",19,5.628,2
45006,"2023-03-21 19:47:00",20,5.716,2
45006,"2023-03-21 19:48:00",21,5.804,2
45006,"2023-03-21 19:49:00",22,5.892,2
45006,"2023-03-21 19:50:00",23,5.980,2
45006,"2023-03-21 19:51:00",24,6.068,2
45006,"2023-03-21 19:52:00",25,6.156,2
45006,"2023-03-21 19:53:00",26,6.244,2
45006,"2023-03-21 19:54:00",27,6.332,2
45006,"2023-03-21 19:55:00",28,6.420,2
45006,"2023-03-21 19:56:00",29,6.500,2
45006,"2023-03-21 19:57:00",30,6.620,2
45006,"2023-03-21 19:58:00",31,6.740,2
45006,"2023-03-21 19:59:00",32,6.860,2
45006,"2023-03-21 20:00:00",33,6.980,2
45006,"2023-03-21 20:01:00",34,7.100,2
45006,"2023-03-21 20:02:00",35,7.220,2
45006,"2023-03-21 20:03:00",36,7.340,2
45006,"2023-03-21 20:04:00",37,7.460,2
45006,"2023-03-21 20:05:00",38,7.580,2
45006,"2023-03-21 20:06:00",39,7.700,2
45006,"2023-03-21 20:07:00",40,7.820,2
45006,"2023-03-21 20:08:00",41,7.940,2
45006,"2023-03-21 20:09:00",42,8.060,2
45006,"2023-03-21 20:10:00",43,8.180,2
45006,"2023-03-21 20:11:00",44,8.300,2
45006,"2023-03-21 20:12:00",45,8.380,2
45006,"2023-03-21 20:13:00",46,8.460,2
45006,"2023-03-21 20:14:00",47,8.540,2
45006,"2023-03-21 20:15:00",48,8.620,2
45006,"2023-03-21 20:16:00",49,8.700,2
45006,"2023-03-21 20:17:00",50,8.780,2
45006,"2023-03-21 20:18:00",51,8.860,2
45006,"2023-03-21 20:19:00",52,8.940,2
45006,"2023-03-21 20:20:00",53,9.020,2
45006,"2023-03-21 20:21:00",54,9.100,2
45006,"2023-03-21 20:22:00",55,9.180,2
45006,"2023-03-21 20:23:00",56,9.260,2
45006,"2023-03-21 20:24:00",57,9.340,2
45006,"2023-03-21 20:25:00",58,9.420,2
45006,"2023-03-21 20:26:00",59,9.500,2
45006,"2023-03-21 20:27:00",60,9.620,2
45006,"2023-03-21 20:28:00",61,9.740,2
45006,"2023-03-21 20:29:00",62,9.860,2
45006,"2023-03-21 20:30:00",63,9.980,2
45006,"2023-03-21 20:31:00",64,10.100,2
45006,"2023-03-21 20:32:00",65,10.220,2
45006,"2023-03-21 20:33:00",66,10.340,2
45006,"2023-03-21 20:34:00",67,10.460,2
45006,"2023-03-21 20:35:00",68,10.580,2
45006,"2023-03-21 20:36:00",69,10.700,2
45006,"2023-03-21 20:37:00",70,10.820,2
45006,"2023-03-21 20:38:00",71,10.940,2
45006,"2023-03-21 20:39:00",72,11.060,2
45006,"2023-03-21 20:40:00",73,11.180,2
45006,"2023-03-21 20:41:00",74,11.300,2
45006,"2023-03-21 20:42:00",75,11.407,2
45006,"2023-03-21 20:43:00",76,11.514,2
45006,"2023-03-21 20:44:00",77,11.621,2
45006,"2023-03-21 20:45:00",78,11.728,2
45006,"2023-03-21 20:46:00",79,11.835,2
45006,"2023-03-21 20:47:00",80,11.942,2
45006,"2023-03-21 20:48:00",81,12.049,2
45006,"2023-03-21 20:49:00",82,12.156,2
45006,"2023-03-21 20:50:00",83,12.263,2
45006,"2023-03-21 20:51:00",84,12.370,2
45006,"2023-03-21 20:52:00",85,12.477,2
45006,"2023-03-21 20:53:00",86,12.584,2
45006,"2023-03-21 20:54:00",87,12.691,2
45006,"2023-03-21 20:55:00",88,12.798,2
45006,"2023-03-21 20:56:00",89,12.900,2
45006,"2023-03-21 20:57:00",90,13.013,2
45006,"2023-03-21 20:58:00",91,13.126,2
45006,"2023-03-21 20:59:00",92,13.239,2
45006,"2023-03-21 21:00:00",93,13.352,2
45006,"2023-03-21 21:01:00",94,13.465,2
45006,"2023-03-21 21:02:00",95,13.578,2
45006,"2023-03-21 21:03:00",96,13.691,2
45006,"2023-03-21 21:04:00",97,13.804,2
45006,"2023-03-21 21:05:00",98,13.917,2
45006,"2023-03-21 21:06:00",99,14.030,2
45006,"2023-03-21 21:07:00",100,14.143,2
45006,"2023-03-21 21:08:00",101,14.256,2
45006,"2023-03-21 21:09:00",102,14.369,2
45006,"2023-03-21 21:10:00",103,14.482,2
45006,"2023-03-21 21:11:00",104,14.600,2
45006,"2023-03-21 21:12:00",105,14.673,2
45006,"2023-03-21 21:13:00",106,14.746,2
45006,"2023-03-21 21:14:00",107,14.819,2
45006,"2023-03-21 21:15:00",108,14.892,2
45006,"2023-03-21 21:16:00",109,14.965,2
45006,"2023-03-21 21:17:00",110,15.038,2
45006,"2023-03-21 21:18:00",111,15.111,2
45006,"2023-03-21 21:19:00",112,15.184,2
45006,"2023-03-21 21:20:00",113,15.257,2
45006,"2023-03-21 21:21:00",114,15.330,2
45006,"2023-03-21 21:22:00",115,15.403,2
45006,"2023-03-21 21:23:00",116,15.476,2
45006,"2023-03-21 21:24:00",117,15.549,2
45006,"2023-03-21 21:25:00",118,15.622,2
45006,"2023-03-21 21:26:00",119,15.700,2
45006,"2023-03-21 21:27:00",120,15.718,2
45006,"2023-03-21 21:28:00",121,15.736,2
45006,"2023-03-21 21:29:00",122,15.754,2
45006,"2023-03-21 21:30:00",123,15.772,2
45006,"2023-03-21 21:31:00",124,15.790,2
45006,"2023-03-21 21:32:00",125,15.808,2
45006,"2023-03-21 21:33:00",126,15.826,2
45006,"2023-03-21 21:34:00",127,15.844,2
45006,"2023-03-21 21:35:00",128,15.862,2
45006,"2023-03-21 21:36:00",129,15.880,2
45006,"2023-03-21 21:37:00",130,15.898,2
45006,"2023-03-21 21:38:00",131,15.916,2
45006,"2023-03-21 21:39:00",132,15.934,2
45006,"2023-03-21 21:40:00",133,15.952,2
45006,"2023-03-21 21:41:00",134,15.970,2
45006,"2023-03-21 21:42:00",135,15.988,2
45006,"2023-03-21 21:43:00",136,16.000,2
45006,"2023-03-21 21:44:00",137,15.987,2
45006,"2023-03-21 21:45:00",138,15.974,2
45006,"2023-03-21 21:46:00",139,15.961,2
45006,"2023-03-21 21:47:00",140,15.948,2
45006,"2023-03-21 21:48:00",141,15.935,2
45006,"2023-03-21 21:49:00",142,15.922,2
45006,"2023-03-21 21:50:00",143,15.909,2
45006,"2023-03-21 21:51:00",144,15.896,2
45006,"2023-03-21 21:52:00",145,15.883,2
45006,"2023-03-21 21:53:00",146,15.870,2
45006,"2023-03-21 21:54:00",147,15.857,2
45006,"2023-03-21 21:55:00",148,15.844,2
45006,"2023-03-21 21:56:00",149,15.831,2
45006,"2023-03-21 21:57:00",150,15.818,2
45006,"2023-03-21 21:58:00",151,15.800,2
45006,"2023-03-21 21:59:00",152,15.733,2
45006,"2023-03-21 22:00:00",153,15.666,2
45006,"2023-03-21 22:01:00",154,15.599,2
45006,"2023-03-21 22:02:00",155,15.532,2
45006,"2023-03-21 22:03:00",156,15.465,2
45006,"2023-03-21 22:04:00",157,15.398,2
45006,"2023-03-21 22:05:00",158,15.331,2
45006,"2023-03-21 22:06:00",159,15.264,2
45006,"2023-03-21 22:07:00",160,15.197,2
45006,"2023-03-21 22:08:00",161,15.130,2
45006,"2023-03-21 22:09:00",162,15.063,2
45006,"2023-03-21 22:10:00",163,14.996,2
45006,"2023-03-21 22:11:00",164,14.929,2
45006,"2023-03-21 22:12:00",165,14.862,2
45006,"2023-03-21 22:13:00",166,14.800,2
45006,"2023-03-21 22:14:00",167,14.713,2
45006,"2023-03-21 22:15:00",168,14.626,2
45006,"2023-03-21 22:16:00",169,14.539,2
45006,"2023-03-21 22:17:00",170,14.452,2
45006,"2023-03-21 22:18:00",171,14.365,2
45006,"2023-03-21 22:19:00",172,14.278,2
45006,"2023-03-21 22:20:00",173,14.191,2
45006,"2023-03-21 22:21:00",174,14.104,2
45006,"2023-03-21 22:22:00",175,14.017,2
45006,"2023-03-21 22:23:00",176,13.930,2
45006,"2023-03-21 22:24:00",177,13.843,2
45006,"2023-03-21 22:25:00",178,13.756,2
45006,"2023-03-21 22:26:00",179,13.669,2
45006,"2023-03-21 22:27:00",180,13.582,2
45006,"2023-03-21 22:28:00",181,13.500,2
45006,"2023-03-21 22:29:00",182,13.467,2
45006,"2023-03-21 22:30:00",183,13.434,2
45006,"2023-03-21 22:31:00",184,13.401,2
45006,"2023-03-21 22:32:00",185,13.368,2
45006,"2023-03-21 22:33:00",186,13.335,2
45006,"2023-03-21 22:34:00",187,13.302,2
45006,"2023-03-21 22:35:00",188,13.269,2
45006,"2023-03-21 22:36:00",189,13.236,2
45006,"2023-03-21 22:37:00",190,13.203,2
45006,"2023-03-21 22:38:00",191,13.170,2
45006,"2023-03-21 22:39:00",192,13.137,2
45006,"2023-03-21 22:40:00",193,13.104,2
45006,"2023-03-21 22:41:00",194,13.071,2
45006,"2023-03-21 22:42:00",195,13.038,2
45006,"2023-03-21 22:43:00",196,13.000,2
45006,"2023-03-21 22:44:00",197,12.953,2
45006,"2023-03-21 22:45:00",198,12.906,2
45006,"2023-03-21 22:46:00",199,12.859,2
45006,"2023-03-21 22:47:00",200,12.812,2
45006,"2023-03-21 22:48:00",201,12.765,2
45006,"2023-03-21 22:49:00",202,12.718,2
45006,"2023-03-21 22:50:00",203,12.671,2
45006,"2023-03-21 22:51:00",204,12.624,2
45006,"2023-03-21 22:52:00",205,12.577,2
45006,"2023-03-21 22:53:00",206,12.530,2
45006,"2023-03-21 22:54:00",207,12.483,2
45006,"2023-03-21 22:55:00",208,12.436,2
45006,"2023-03-21 22:56:00",209,12.389,2
45006,"2023-03-21 22:57:00",210,12.342,2
45006,"2023-03-21 22:58:00",211,12.300,2
45006,"2023-03-21 22:59:00",212,12.227,2
45006,"2023-03-21 23:00:00",213,12.154,2
45006,"2023-03-21 23:01:00",214,12.081,2
45006,"2023-03-21 23:02:00",215,12.008,2
45006,"2023-03-21 23:03:00",216,11.935,2
45006,"2023-03-21 23:04:00",217,11.862,2
45006,"2023-03-21 23:05:00",218,11.789,2
45006,"2023-03-21 23:06:00",219,11.716,2
45006,"2023-03-21 23:07:00",220,11.643,2
45006,"2023-03-21 23:08:00",221,11.570,2
45006,"2023-03-21 23:09:00",222,11.497,2
45006,"2023-03-21 23:10:00",223,11.424,2
45006,"2023-03-21 23:11:00",224,11.351,2
45006,"2023-03-21 23:12:00",225,11.278,2
45006,"2023-03-21 23:13:00",226,11.200,2
45006,"2023-03-21 23:14:00",227,11.127,2
45006,"2023-03-21 23:15:00",228,11.054,2
45006,"2023-03-21 23:16:00",229,10.981,2
45006,"2023-03-21 23:17:00",230,10.908,2
45006,"2023-03-21 23:18:00",231,10.835,2
45006,"2023-03-21 23:19:00",232,10.762,2
45006,"2023-03-21 23:20:00",233,10.689,2
45006,"2023-03-21 23:21:00",234,10.616,2
45006,"2023-03-21 23:22:00",235,10.543,2
45006,"2023-03-21 23:23:00",236,10.470,2
45006,"2023-03-21 23:24:00",237,10.397,2
45006,"2023-03-21 23:25:00",238,10.324,2
45006,"2023-03-21 23:26:00",239,10.251,2
45006,"2023-03-21 23:27:00",240,10.178,2
45006,"2023-03-21 23:28:00",241,10.100,2
45006,"2023-03-21 23:29:00",242,10.093,2
45006,"2023-03-21 23:30:00",243,10.086,2
45006,"2023-03-21 23:31:00",244,10.079,2
45006,"2023-03-21 23:32:00",245,10.072,2
45006,"2023-03-21 23:33:00",246,10.065,2
45006,"2023-03-21 23:34:00",247,10.058,2
45006,"2023-03-21 23:35:00",248,10.051,2
45006,"2023-03-21 23:36:00",249,10.044,2
45006,"2023-03-21 23:37:00",250,10.037,2
45006,"2023-03-21 23:38:00",251,10.030,2
45006,"2023-03-21 23:39:00",252,10.023,2
45006,"2023-03-21 23:40:00",253,10.016,2
45006,"2023-03-21 23:41:00",254,10.009,2
45006,"2023-03-21 23:42:00",255,10.002,2
45006,"2023-03-21 23:43:00",256,10.000,2
45006,"2023-03-21 23:44:00",257,10.060,2
45006,"2023-03-21 23:45:00",258,10.120,2
45006,"2023-03-21 23:46:00",259,10.180,2
45006,"2023-03-21 23:47:00",260,10.240,2
45006,"2023-03-21 23:48:00",261,10.300,2
45006,"2023-03-21 23:49:00",262,10.360,2
45006,"2023-03-21 23:50:00",263,10.420,2
45006,"2023-03-21 23:51:00",264,10.480,2
45006,"2023-03-21 23:52:00",265,10.540,2
45006,"2023-03-21 23:53:00",266,10.600,2
45006,"2023-03-21 23:54:00",267,10.660,2
45006,"2023-03-21 23:55:00",268,10.720,2
45006,"2023-03-21 23:56:00",269,10.780,2
45006,"2023-03-21 23:57:00",270,10.840,2
45006,"2023-03-21 23:58:00",271,10.900,2
45006,"2023-03-21 23:59:00",272,10.933,2
45006,"2023-03-22 00:00:00",273,10.966,2
45006,"2023-03-22 00:01:00",274,10.999,2
45006,"2023-03-22 00:02:00",275,11.032,2
45006,"2023-03-22 00:03:00",276,11.065,2
45006,"2023-03-22 00:04:00",277,11.098,2
45006,"2023-03-22 00:05:00",278,11.131,2
45006,"2023-03-22 00:06:00",279,11.164,2
45006,"2023-03-22 00:07:00",280,11.197,2
45006,"2023-03-22 00:08:00",281,11.230,2
45006,"2023-03-22 00:09:00",282,11.263,2
45006,"2023-03-22 00:10:00",283,11.296,2
45006,"2023-03-22 00:11:00",284,11.329,2
45006,"2023-03-22 00:12:00",285,11.362,2
45006,"2023-03-22 00:13:00",286,11.400,2
45006,"2023-03-22 00:14:00",287,11.400,2
45006,"2023-03-22 00:15:00",288,11.400,2
45006,"2023-03-22 00:16:00",289,11.400,2
45006,"2023-03-22 00:17:00",290,11.400,2
45006,"2023-03-22 00:18:00",291,11.400,2
45006,"2023-03-22 00:19:00",292,11.400,2
45006,"2023-03-22 00:20:00",293,11.400,2
45006,"2023-03-22 00:21:00",294,11.400,2
45006,"2023-03-22 00:22:00",295,11.400,2
45006,"2023-03-22 00:23:00",296,11.400,2
45006,"2023-03-22 00:24:00",297,11.400,2
45006,"2023-03-22 00:25:00",298,11.400,2
45006,"2023-03-22 00:26:00",299,11.400,2
45006,"2023-03-22 00:27:00",300,11.400,2
45006,"2023-03-22 00:28:00",301,11.400,2
45006,"2023-03-22 00:29:00",302,11.387,2
45006,"2023-03-22 00:30:00",303,11.374,2
45006,"2023-03-22 00:31:00",304,11.361,2
45006,"2023-03-22 00:32:00",305,11.348,2
45006,"2023-03-22 00:33:00",306,11.335,2
45006,"2023-03-22 00:34:00",307,11.322,2
45006,"2023-03-22 00:35:00",308,11.309,2
45006,"2023-03-22 00:36:00",309,11.296,2
45006,"2023-03-22 00:37:00",310,11.283,2
45006,"2023-03-22 00:38:00",311,11.270,2
45006,"2023-03-22 00:39:00",312,11.257,2
45006,"2023-03-22 00:40:00",313,11.244,2
45006,"2023-03-22 00:41:00",314,11.231,2
45006,"2023-03-22 00:42:00",315,11.218,2
45006,"2023-03-22 00:43:00",316,11.200,2
45006,"2023-03-22 00:44:00",317,11.147,2
45006,"2023-03-22 00:45:00",318,11.094,2
45006,"2023-03-22 00:46:00",319,11.041,2
45006,"2023-03-22 00:47:00",320,10.988,2
45006,"2023-03-22 00:48:00",321,10.935,2
45006,"2023-03-22 00:49:00",322,10.882,2
45006,"2023-03-22 00:50:00",323,10.829,2
45006,"2023-03-22 00:51:00",324,10.776,2
45006,"2023-03-22 00:52:00",325,10.723,2
45006,"2023-03-22 00:53:00",326,10.670,2
45006,"2023-03-22 00:54:00",327,10.617,2
45006,"2023-03-22 00:55:00",328,10.564,2
45006,"2023-03-22 00:56:00",329,10.511,2
45006,"2023-03-22 00:57:00",330,10.458,2
45006,"2023-03-22 00:58:00",331,10.400,2
45006,"2023-03-22 00:59:00",332,10.373,2
45006,"2023-03-22 01:00:00",333,10.346,2
45006,"2023-03-22 01:01:00",334,10.319,2
45006,"2023-03-22 01:02:00",335,10.292,2
45006,"2023-03-22 01:03:00",336,10.265,2
45006,"2023-03-22 01:04:00",337,10.238,2
45006,"2023-03-22 01:05:00",338,10.211,2
45006,"2023-03-22 01:06:00",339,10.184,2
45006,"2023-03-22 01:07:00",340,10.157,2
45006,"2023-03-22 01:08:00",341,10.130,2
45006,"2023-03-22 01:09:00",342,10.103,2
45006,"2023-03-22 01:10:00",343,10.076,2
45006,"2023-03-22 01:11:00",344,10.049,2
45006,"2023-03-22 01:12:00",345,10.022,2
45006,"2023-03-22 01:13:00",346,10.000,2
45006,"2023-03-22 01:14:00",347,10.000,2
45006,"2023-03-22 01:15:00",348,10.000,2
45006,"2023-03-22 01:16:00",349,10.000,2
45006,"2023-03-22 01:17:00",350,10.000,2
45006,"2023-03-22 01:18:00",351,10.000,2
45006,"2023-03-22 01:19:00",352,10.000,2
45006,"2023-03-22 01:20:00",353,10.000,2
45006,"2023-03-22 01:21:00",354,10.000,2
45006,"2023-03-22 01:22:00",355,10.000,2
45006,"2023-03-22 01:23:00",356,10.000,2
45006,"2023-03-22 01:24:00",357,10.000,2
45006,"2023-03-22 01:25:00",358,10.000,2
45006,"2023-03-22 01:26:00",359,10.000,2
45006,"2023-03-22 01:27:00",360,10.000,2
45006,"2023-03-22 01:28:00",361,10.000,2
45006,"2023-03-22 01:29:00",362,10.027,2
45006,"2023-03-22 01:30:00",363,10.054,2
45006,"2023-03-22 01:31:00",364,10.081,2
45006,"2023-03-22 01:32:00",365,10.108,2
45006,"2023-03-22 01:33:00",366,10.135,2
45006,"2023-03-22 01:34:00",367,10.162,2
45006,"2023-03-22 01:35:00",368,10.189,2
45006,"2023-03-22 01:36:00",369,10.216,2
45006,"2023-03-22 01:37:00",370,10.243,2
45006,"2023-03-22 01:38:00",371,10.270,2
45006,"2023-03-22 01:39:00",372,10.297,2
45006,"2023-03-22 01:40:00",373,10.324,2
45006,"2023-03-22 01:41:00",374,10.351,2
45006,"2023-03-22 01:42:00",375,10.378,2
45006,"2023-03-22 01:43:00",376,10.400,2
45006,"2023-03-22 01:44:00",377,10.433,2
45006,"2023-03-22 01:45:00",378,10.466,2
45006,"2023-03-22 01:46:00",379,10.499,2
45006,"2023-03-22 01:47:00",380,10.532,2
45006,"2023-03-22 01:48:00",381,10.565,2
45006,"2023-03-22 01:49:00",382,10.598,2
45006,"2023-03-22 01:50:00",383,10.631,2
45006,"2023-03-22 01:51:00",384,10.664,2
45006,"2023-03-22 01:52:00",385,10.697,2
45006,"2023-03-22 01:53:00",386,10.730,2
45006,"2023-03-22 01:54:00",387,10.763,2
45006,"2023-03-22 01:55:00",388,10.796,2
45006,"2023-03-22 01:56:00",389,10.829,2
45006,"2023-03-22 01:57:00",390,10.862,2
45006,"2023-03-22 01:58:00",391,10.900,2
45006,"2023-03-22 01:59:00",392,10.935,2
45006,"2023-03-22 02:00:00",393,10.970,2
45006,"2023-03-22 02:01:00",394,11.005,2
45006,"2023-03-22 02:02:00",395,11.040,2
45006,"2023-03-22 02:03:00",396,11.075,2
45006,"2023-03-22 02:04:00",397,11.110,2
45006,"2023-03-22 02:05:00",398,11.145,2
45006,"2023-03-22 02:06:00",399,11.180,2
45006,"2023-03-22 02:07:00",400,11.215,2
45006,"2023-03-22 02:08:00",401,11.250,2
45006,"2023-03-22 02:09:00",402,11.285,2
45006,"2023-03-22 02:10:00",403,11.320,2
45006,"2023-03-22 02:11:00",404,11.355,2
45006,"2023-03-22 02:12:00",405,11.390,2
45006,"2023-03-22 02:13:00",406,11.425,2
45006,"2023-03-22 02:14:00",407,11.460,2
45006,"2023-03-22 02:15:00",408,11.500,2
45006,"2023-03-22 02:16:00",409,11.480,2
45006,"2023-03-22 02:17:00",410,11.460,2
45006,"2023-03-22 02:18:00",411,11.440,2
45006,"2023-03-22 02:19:00",412,11.420,2
45006,"2023-03-22 02:20:00",413,11.400,2
45006,"2023-03-22 02:21:00",414,11.380,2
45006,"2023-03-22 02:22:00",415,11.360,2
45006,"2023-03-22 02:23:00",416,11.340,2
45006,"2023-03-22 02:24:00",417,11.320,2
45006,"2023-03-22 02:25:00",418,11.300,2
45006,"2023-03-22 02:26:00",419,11.280,2
45006,"2023-03-22 02:27:00",420,11.260,2
45006,"2023-03-22 02:28:00",421,11.240,2
45006,"2023-03-22 02:29:00",422,11.220,2
45006,"2023-03-22 02:30:00",423,11.200,2
45006,"2023-03-22 02:31:00",424,11.167,2
45006,"2023-03-22 02:32:00",425,11.134,2
45006,"2023-03-22 02:33:00",426,11.101,2
45006,"2023-03-22 02:34:00",427,11.068,2
45006,"2023-03-22 02:35:00",428,11.035,2
45006,"2023-03-22 02:36:00",429,11.002,2
45006,"2023-03-22 02:37:00",430,10.969,2
45006,"2023-03-22 02:38:00",431,10.936,2
45006,"2023-03-22 02:39:00",432,10.903,2
45006,"2023-03-22 02:40:00",433,10.870,2
45006,"2023-03-22 02:41:00",434,10.837,2
45006,"2023-03-22 02:42:00",435,10.804,2
45006,"2023-03-22 02:43:00",436,10.771,2
45006,"2023-03-22 02:44:00",437,10.738,2
45006,"2023-03-22 02:45:00",438,10.700,2
45006,"2023-03-22 02:46:00",439,10.680,2
45006,"2023-03-22 02:47:00",440,10.660,2
45006,"2023-03-22 02:48:00",441,10.640,2
45006,"2023-03-22 02:49:00",442,10.620,2
45006,"2023-03-22 02:50:00",443,10.600,2
45006,"2023-03-22 02:51:00",444,10.580,2
45006,"2023-03-22 02:52:00",445,10.560,2
45006,"2023-03-22 02:53:00",446,10.540,2
45006,"2023-03-22 02:54:00",447,10.520,2
45006,"2023-03-22 02:55:00",448,10.500,2
45006,"2023-03-22 02:56:00",449,10.480,2
45006,"2023-03-22 02:57:00",450,10.460,2
45006,"2023-03-22 02:58:00",451,10.440,2
45006,"2023-03-22 02:59:00",452,10.420,2
45006,"2023-03-22 03:00:00",453,10.400,2
45006,"2023-03-22 03:01:00",454,10.393,2
45006,"2023-03-22 03:02:00",455,10.386,2
45006,"2023-03-22 03:03:00",456,10.379,2
45006,"2023-03-22 03:04:00",457,10.372,2
45006,"2023-03-22 03:05:00",458,10.365,2
45006,"2023-03-22 03:06:00",459,10.358,2
45006,"2023-03-22 03:07:00",460,10.351,2
45006,"2023-03-22 03:08:00",461,10.344,2
45006,"2023-03-22 03:09:00",462,10.337,2
45006,"2023-03-22 03:10:00",463,10.330,2
45006,"2023-03-22 03:11:00",464,10.323,2
45006,"2023-03-22 03:12:00",465,10.316,2
45006,"2023-03-22 03:13:00",466,10.309,2
45006,"2023-03-22 03:14:00",467,10.302,2
45006,"2023-03-22 03:15:00",468,10.300,2
45006,"2023-03-22 03:16:00",469,10.280,2
45006,"2023-03-22 03:17:00",470,10.260,2
45006,"2023-03-22 03:18:00",471,10.240,2
45006,"2023-03-22 03:19:00",472,10.220,2
45006,"2023-03-22 03:20:00",473,10.200,2
45006,"2023-03-22 03:21:00",474,10.180,2
45006,"2023-03-22 03:22:00",475,10.160,2
45006,"2023-03-22 03:23:00",476,10.140,2
45006,"2023-03-22 03:24:00",477,10.120,2
45006,"2023-03-22 03:25:00",478,10.100,2
45006,"2023-03-22 03:26:00",479,10.080,2
45013,"2023-03-28 19:39:00",0,7.992,2
45013,"2023-03-28 19:40:00",1,8.165,2
45013,"2023-03-28 19:41:00",2,8.338,2
45013,"2023-03-28 19:42:00",3,8.511,2
45013,"2023-03-28 19:43:00",4,8.684,2
45013,"2023-03-28 19:44:00",5,8.857,2
45013,"2023-03-28 19:45:00",6,9.030,2
45013,"2023-03-28 19:46:00",7,9.203,2
45013,"2023-03-28 19:47:00",8,9.376,2
45013,"2023-03-28 19:48:00",9,9.549,2
45013,"2023-03-28 19:49:00",10,9.722,2
45013,"2023-03-28 19:50:00",11,9.900,2
45013,"2023-03-28 19:51:00",12,10.147,2
45013,"2023-03-28 19:52:00",13,10.394,2
45013,"2023-03-28 19:53:00",14,10.641,2
45013,"2023-03-28 19:54:00",15,10.888,2
45013,"2023-03-28 19:55:00",16,11.135,2
45013,"2023-03-28 19:56:00",17,11.382,2
45013,"2023-03-28 19:57:00",18,11.629,2
45013,"2023-03-28 19:58:00",19,11.876,2
45013,"2023-03-28 19:59:00",20,12.123,2
45013,"2023-03-28 20:00:00",21,12.370,2
45013,"2023-03-28 20:01:00",22,12.617,2
45013,"2023-03-28 20:02:00",23,12.864,2
45013,"2023-03-28 20:03:00",24,13.111,2
45013,"2023-03-28 20:04:00",25,13.358,2
45013,"2023-03-28 20:05:00",26,13.600,2
45013,"2023-03-28 20:06:00",27,13.787,2
45013,"2023-03-28 20:07:00",28,13.974,2
45013,"2023-03-28 20:08:00",29,14.161,2
45013,"2023-03-28 20:09:00",30,14.348,2
45013,"2023-03-28 20:10:00",31,14.535,2
45013,"2023-03-28 20:11:00",32,14.722,2
45013,"2023-03-28 20:12:00",33,14.909,2
45013,"2023-03-28 20:13:00",34,15.096,2
45013,"2023-03-28 20:14:00",35,15.283,2
45013,"2023-03-28 20:15:00",36,15.470,2
45013,"2023-03-28 20:16:00",37,15.657,2
45013,"2023-03-28 20:17:00",38,15.844,2
45013,"2023-03-28 20:18:00",39,16.031,2
45013,"2023-03-28 20:19:00",40,16.218,2
45013,"2023-03-28 20:20:00",41,16.400,2
45013,"2023-03-28 20:21:00",42,16.513,2
45013,"2023-03-28 20:22:00",43,16.626,2
45013,"2023-03-28 20:23:00",44,16.739,2
45013,"2023-03-28 20:24:00",45,16.852,2
45013,"2023-03-28 20:25:00",46,16.965,2
45013,"2023-03-28 20:26:00",47,17.078,2
45013,"2023-03-28 20:27:00",48,17.191,2
45013,"2023-03-28 20:28:00",49,17.304,2
45013,"2023-03-28 20:29:00",50,17.417,2
45013,"2023-03-28 20:30:00",51,17.530,2
45013,"2023-03-28 20:31:00",52,17.643,2
45013,"2023-03-28 20:32:00",53,17.756,2
45013,"2023-03-28 20:33:00",54,17.869,2
45013,"2023-03-28 20:34:00",55,17.982,2
45013,"2023-03-28 20:35:00",56,18.100,2
45013,"2023-03-28 20:36:00",57,18.187,2
45013,"2023-03-28 20:37:00",58,18.274,2
45013,"2023-03-28 20:38:00",59,18.361,2
45013,"2023-03-28 20:39:00",60,18.448,2
45013,"2023-03-28 20:40:00",61,18.535,2
45013,"2023-03-28 20:41:00",62,18.622,2
45013,"2023-03-28 20:42:00",63,18.709,2
45013,"2023-03-28 20:43:00",64,18.796,2
45013,"2023-03-28 20:44:00",65,18.883,2
45013,"2023-03-28 20:45:00",66,18.970,2
45013,"2023-03-28 20:46:00",67,19.057,2
45013,"2023-03-28 20:47:00",68,19.144,2
45013,"2023-03-28 20:48:00",69,19.231,2
45013,"2023-03-28 20:49:00",70,19.318,2
45013,"2023-03-28 20:50:00",71,19.400,2
45013,"2023-03-28 20:51:00",72,19.447,2
45013,"2023-03-28 20:52:00",73,19.494,2
45013,"2023-03-28 20:53:00",74,19.541,2
45013,"2023-03-28 20:54:00",75,19.588,2
45013,"2023-03-28 20:55:00",76,19.635,2
45013,"2023-03-28 20:56:00",77,19.682,2
45013,"2023-03-28 20:57:00",78,19.729,2
45013,"2023-03-28 20:58:00",79,19.776,2
45013,"2023-03-28 20:59:00",80,19.823,2
45013,"2023-03-28 21:00:00",81,19.870,2
45013,"2023-03-28 21:01:00",82,19.917,2
45013,"2023-03-28 21:02:00",83,19.964,2
45013,"2023-03-28 21:03:00",84,20.011,2
45013,"2023-03-28 21:04:00",85,20.058,2
45013,"2023-03-28 21:05:00",86,20.100,2
45013,"2023-03-28 21:06:00",87,20.160,2
45013,"2023-03-28 21:07:00",88,20.220,2
45013,"2023-03-28 21:08:00",89,20.280,2
45013,"2023-03-28 21:09:00",90,20.340,2
45013,"2023-03-28 21:10:00",91,20.400,2
45013,"2023-03-28 21:11:00",92,20.460,2
45013,"2023-03-28 21:12:00",93,20.520,2
45013,"2023-03-28 21:13:00",94,20.580,2
45013,"2023-03-28 21:14:00",95,20.640,2
45013,"2023-03-28 21:15:00",96,20.700,2
45013,"2023-03-28 21:16:00",97,20.760,2
45013,"2023-03-28 21:17:00",98,20.820,2
45013,"2023-03-28 21:18:00",99,20.880,2
45013,"2023-03-28 21:19:00",100,20.940,2
45013,"2023-03-28 21:20:00",101,21.000,2
45013,"2023-03-28 21:21:00",102,21.160,2
45013,"2023-03-28 21:22:00",103,21.320,2
45013,"2023-03-28 21:23:00",104,21.480,2
45013,"2023-03-28 21:24:00",105,21.640,2
45013,"2023-03-28 21:25:00",106,21.800,2
45013,"2023-03-28 21:26:00",107,21.960,2
45013,"2023-03-28 21:27:00",108,22.120,2
45013,"2023-03-28 21:28:00",109,22.280,2
45013,"2023-03-28 21:29:00",110,22.440,2
45013,"2023-03-28 21:30:00",111,22.600,2
45013,"2023-03-28 21:31:00",112,22.760,2
45013,"2023-03-28 21:32:00",113,22.920,2
45013,"2023-03-28 21:33:00",114,23.080,2
45013,"2023-03-28 21:34:00",115,23.240,2
45013,"2023-03-28 21:35:00",116,23.400,2
45013,"2023-03-28 21:36:00",117,23.347,2
45013,"2023-03-28 21:37:00",118,23.294,2
45013,"2023-03-28 21:38:00",119,23.241,2
45013,"2023-03-28 21:39:00",120,23.188,2
45013,"2023-03-28 21:40:00",121,23.135,2
45013,"2023-03-28 21:41:00",122,23.082,2
45013,"2023-03-28 21:42:00",123,23.029,2
45013,"2023-03-28 21:43:00",124,22.976,2
45013,"2023-03-28 21:44:00",125,22.923,2
45013,"2023-03-28 21:45:00",126,22.870,2
45013,"2023-03-28 21:46:00",127,22.817,2
45013,"2023-03-28 21:47:00",128,22.764,2
45013,"2023-03-28 21:48:00",129,22.711,2
45013,"2023-03-28 21:49:00",130,22.658,2
45013,"2023-03-28 21:50:00",131,22.600,2
45013,"2023-03-28 21:51:00",132,22.620,2
45013,"2023-03-28 21:52:00",133,22.640,2
45013,"2023-03-28 21:53:00",134,22.660,2
45013,"2023-03-28 21:54:00",135,22.680,2
45013,"2023-03-28 21:55:00",136,22.700,2
45013,"2023-03-28 21:56:00",137,22.720,2
45013,"2023-03-28 21:57:00",138,22.740,2
45013,"2023-03-28 21:58:00",139,22.760,2
45013,"2023-03-28 21:59:00",140,22.780,2
45013,"2023-03-28 22:00:00",141,22.800,2
45013,"2023-03-28 22:01:00",142,22.820,2
45013,"2023-03-28 22:02:00",143,22.840,2
45013,"2023-03-28 22:03:00",144,22.860,2
45013,"2023-03-28 22:04:00",145,22.880,2
45013,"2023-03-28 22:05:00",146,22.900,2
45013,"2023-03-28 22:06:00",147,22.860,2
45013,"2023-03-28 22:07:00",148,22.820,2
45013,"2023-03-28 22:08:00",149,22.780,2
45013,"2023-03-28 22:09:00",150,22.740,2
45013,"2023-03-28 22:10:00",151,22.700,2
45013,"2023-03-28 22:11:00",152,22.660,2
45013,"2023-03-28 22:12:00",153,22.620,2
45013,"2023-03-28 22:13:00",154,22.580,2
45013,"2023-03-28 22:14:00",155,22.540,2
45013,"2023-03-28 22:15:00",156,22.500,2
45013,"2023-03-28 22:16:00",157,22.460,2
45013,"2023-03-28 22:17:00",158,22.420,2
45013,"2023-03-28 22:18:00",159,22.380,2
45013,"2023-03-28 22:19:00",160,22.340,2
45013,"2023-03-28 22:20:00",161,22.300,2
45013,"2023-03-28 22:21:00",162,22.220,2
45013,"2023-03-28 22:22:00",163,22.140,2
45013,"2023-03-28 22:23:00",164,22.060,2
45013,"2023-03-28 22:24:00",165,21.980,2
45013,"2023-03-28 22:25:00",166,21.900,2
45013,"2023-03-28 22:26:00",167,21.820,2
45013,"2023-03-28 22:27:00",168,21.740,2
45013,"2023-03-28 22:28:00",169,21.660,2
45013,"2023-03-28 22:29:00",170,21.580,2
45013,"2023-03-28 22:30:00",171,21.500,2
45013,"2023-03-28 22:31:00",172,21.420,2
45013,"2023-03-28 22:32:00",173,21.340,2
45013,"2023-03-28 22:33:00",174,21.260,2
45013,"2023-03-28 22:34:00",175,21.180,2
45013,"2023-03-28 22:35:00",176,21.100,2
45013,"2023-03-28 22:36:00",177,21.020,2
45013,"2023-03-28 22:37:00",178,20.940,2
45013,"2023-03-28 22:38:00",179,20.860,2
45013,"2023-03-28 22:39:00",180,20.780,2
45013,"2023-03-28 22:40:00",181,20.700,2
45013,"2023-03-28 22:41:00",182,20.620,2
45013,"2023-03-28 22:42:00",183,20.540,2
45013,"2023-03-28 22:43:00",184,20.460,2
45013,"2023-03-28 22:44:00",185,20.380,2
45013,"2023-03-28 22:45:00",186,20.300,2
45013,"2023-03-28 22:46:00",187,20.220,2
45013,"2023-03-28 22:47:00",188,20.140,2
45013,"2023-03-28 22:48:00",189,20.060,2
45013,"2023-03-28 22:49:00",190,19.980,2
45013,"2023-03-28 22:50:00",191,19.900,2
45013,"2023-03-28 22:51:00",192,19.806,2
45013,"2023-03-28 22:52:00",193,19.712,2
45013,"2023-03-28 22:53:00",194,19.618,2
45013,"2023-03-28 22:54:00",195,19.524,2
45013,"2023-03-28 22:55:00",196,19.430,2
45013,"2023-03-28 22:56:00",197,19.336,2
45013,"2023-03-28 22:57:00",198,19.242,2
45013,"2023-03-28 22:58:00",199,19.148,2
45013,"2023-03-28 22:59:00",200,19.054,2
45013,"2023-03-28 23:00:00",201,18.960,2
45013,"2023-03-28 23:01:00",202,18.866,2
45013,"2023-03-28 23:02:00",203,18.772,2
45013,"2023-03-28 23:03:00",204,18.678,2
45013,"2023-03-28 23:04:00",205,18.584,2
45013,"2023-03-28 23:05:00",206,18.490,2
45013,"2023-03-28 23:06:00",207,18.396,2
45013,"2023-03-28 23:07:00",208,18.302,2
45013,"2023-03-28 23:08:00",209,18.200,2
45013,"2023-03-28 23:09:00",210,18.113,2
45013,"2023-03-28 23:10:00",211,18.026,2
45013,"2023-03-28 23:11:00",212,17.939,2
45013,"2023-03-28 23:12:00",213,17.852,2
45013,"2023-03-28 23:13:00",214,17.765,2
45013,"2023-03-28 23:14:00",215,17.678,2
45013,"2023-03-28 23:15:00",216,17.591,2
45013,"2023-03-28 23:16:00",217,17.504,2
45013,"2023-03-28 23:17:00",218,17.417,2
45013,"2023-03-28 23:18:00",219,17.330,2
45013,"2023-03-28 23:19:00",220,17.243,2
45013,"2023-03-28 23:20:00",221,17.156,2
45013,"2023-03-28 23:21:00",222,17.069,2
45013,"2023-03-28 23:22:00",223,16.982,2
45013,"2023-03-28 23:23:00",224,16.900,2
45013,"2023-03-28 23:24:00",225,16.760,2
45013,"2023-03-28 23:25:00",226,16.620,2
45013,"2023-03-28 23:26:00",227,16.480,2
45013,"2023-03-28 23:27:00",228,16.340,2
45013,"2023-03-28 23:28:00",229,16.200,2
45013,"2023-03-28 23:29:00",230,16.060,2
45013,"2023-03-28 23:30:00",231,15.920,2
45013,"2023-03-28 23:31:00",232,15.780,2
45013,"2023-03-28 23:32:00",233,15.640,2
45013,"2023-03-28 23:33:00",234,15.500,2
45013,"2023-03-28 23:34:00",235,15.360,2
45013,"2023-03-28 23:35:00",236,15.220,2
45013,"2023-03-28 23:36:00",237,15.080,2
45013,"2023-03-28 23:37:00",238,14.940,2
45013,"2023-03-28 23:38:00",239,14.800,2
45013,"2023-03-28 23:39:00",240,14.707,2
45013,"2023-03-28 23:40:00",241,14.614,2
45013,"2023-03-28 23:41:00",242,14.521,2
45013,"2023-03-28 23:42:00",243,14.428,2
45013,"2023-03-28 23:43:00",244,14.335,2
45013,"2023-03-28 23:44:00",245,14.242,2
45013,"2023-03-28 23:45:00",246,14.149,2
45013,"2023-03-28 23:46:00",247,14.056,2
45013,"2023-03-28 23:47:00",248,13.963,2
45013,"2023-03-28 23:48:00",249,13.870,2
45013,"2023-03-28 23:49:00",250,13.777,2
45013,"2023-03-28 23:50:00",251,13.684,2
45013,"2023-03-28 23:51:00",252,13.591,2
45013,"2023-03-28 23:52:00",253,13.498,2
45013,"2023-03-28 23:53:00",254,13.400,2
45013,"2023-03-28 23:54:00",255,13.360,2
45013,"2023-03-28 23:55:00",256,13.320,2
45013,"2023-03-28 23:56:00",257,13.280,2
45013,"2023-03-28 23:57:00",258,13.240,2
45013,"2023-03-28 23:58:00",259,13.200,2
45013,"2023-03-28 23:59:00",260,13.160,2
45013,"2023-03-29 00:00:00",261,13.120,2
45013,"2023-03-29 00:01:00",262,13.080,2
45013,"2023-03-29 00:02:00",263,13.040,2
45013,"2023-03-29 00:03:00",264,13.000,2
45013,"2023-03-29 00:04:00",265,12.960,2
45013,"2023-03-29 00:05:00",266,12.920,2
45013,"2023-03-29 00:06:00",267,12.880,2
45013,"2023-03-29 00:07:00",268,12.840,2
45013,"2023-03-29 00:08:00",269,12.800,2
45013,"2023-03-29 00:09:00",270,12.767,2
45013,"2023-03-29 00:10:00",271,12.734,2
45013,"2023-03-29 00:11:00",272,12.701,2
45013,"2023-03-29 00:12:00",273,12.668,2
45013,"2023-03-29 00:13:00",274,12.635,2
45013,"2023-03-29 00:14:00",275,12.602,2
45013,"2023-03-29 00:15:00",276,12.569,2
45013,"2023-03-29 00:16:00",277,12.536,2
45013,"2023-03-29 00:17:00",278,12.503,2
45013,"2023-03-29 00:18:00",279,12.470,2
45013,"2023-03-29 00:19:00",280,12.437,2
45013,"2023-03-29 00:20:00",281,12.404,2
45013,"2023-03-29 00:21:00",282,12.371,2
45013,"2023-03-29 00:22:00",283,12.338,2
45013,"2023-03-29 00:23:00",284,12.300,2
45013,"2023-03-29 00:24:00",285,12.300,2
45013,"2023-03-29 00:25:00",286,12.300,2
45013,"2023-03-29 00:26:00",287,12.300,2
45013,"2023-03-29 00:27:00",288,12.300,2
45013,"2023-03-29 00:28:00",289,12.300,2
45013,"2023-03-29 00:29:00",290,12.300,2
45013,"2023-03-29 00:30:00",291,12.300,2
45013,"2023-03-29 00:31:00",292,12.300,2
45013,"2023-03-29 00:32:00",293,12.300,2
45013,"2023-03-29 00:33:00",294,12.300,2
45013,"2023-03-29 00:34:00",295,12.300,2
45013,"2023-03-29 00:35:00",296,12.300,2
45013,"2023-03-29 00:36:00",297,12.300,2
45013,"2023-03-29 00:37:00",298,12.300,2
45013,"2023-03-29 00:38:00",299,12.300,2
45013,"2023-03-29 00:39:00",300,12.280,2
45013,"2023-03-29 00:40:00",301,12.260,2
45013,"2023-03-29 00:41:00",302,12.240,2
45013,"2023-03-29 00:42:00",303,12.220,2
45013,"2023-03-29 00:43:00",304,12.200,2
45013,"2023-03-29 00:44:00",305,12.180,2
45013,"2023-03-29 00:45:00",306,12.160,2
45013,"2023-03-29 00:46:00",307,12.140,2
45013,"2023-03-29 00:47:00",308,12.120,2
45013,"2023-03-29 00:48:00",309,12.100,2
45013,"2023-03-29 00:49:00",310,12.080,2
45013,"2023-03-29 00:50:00",311,12.060,2
45013,"2023-03-29 00:51:00",312,12.040,2
45013,"2023-03-29 00:52:00",313,12.020,2
45013,"2023-03-29 00:53:00",314,12.000,2
45013,"2023-03-29 00:54:00",315,11.953,2
45013,"2023-03-29 00:55:00",316,11.906,2
45013,"2023-03-29 00:56:00",317,11.859,2
45013,"2023-03-29 00:57:00",318,11.812,2
45013,"2023-03-29 00:58:00",319,11.765,2
45013,"2023-03-29 00:59:00",320,11.718,2
45013,"2023-03-29 01:00:00",321,11.671,2
45013,"2023-03-29 01:01:00",322,11.624,2
45013,"2023-03-29 01:02:00",323,11.577,2
45013,"2023-03-29 01:03:00",324,11.530,2
45013,"2023-03-29 01:04:00",325,11.483,2
45013,"2023-03-29 01:05:00",326,11.436,2
45013,"2023-03-29 01:06:00",327,11.389,2
45013,"2023-03-29 01:07:00",328,11.342,2
45013,"2023-03-29 01:08:00",329,11.300,2
45013,"2023-03-29 01:09:00",330,11.240,2
45013,"2023-03-29 01:10:00",331,11.180,2
45013,"2023-03-29 01:11:00",332,11.120,2
45013,"2023-03-29 01:12:00",333,11.060,2
45013,"2023-03-29 01:13:00",334,11.000,2
45013,"2023-03-29 01:14:00",335,10.940,2
45013,"2023-03-29 01:15:00",336,10.880,2
45013,"2023-03-29 01:16:00",337,10.820,2
45013,"2023-03-29 01:17:00",338,10.760,2
45013,"2023-03-29 01:18:00",339,10.700,2
45013,"2023-03-29 01:19:00",340,10.640,2
45013,"2023-03-29 01:20:00",341,10.580,2
45013,"2023-03-29 01:21:00",342,10.520,2
45013,"2023-03-29 01:22:00",343,10.460,2
45013,"2023-03-29 01:23:00",344,10.400,2
45013,"2023-03-29 01:24:00",345,10.353,2
45013,"2023-03-29 01:25:00",346,10.306,2
45013,"2023-03-29 01:26:00",347,10.259,2
45013,"2023-03-29 01:27:00",348,10.212,2
45013,"2023-03-29 01:28:00",349,10.165,2
45013,"2023-03-29 01:29:00",350,10.118,2
45013,"2023-03-29 01:30:00",351,10.071,2
45013,"2023-03-29 01:31:00",352,10.024,2
45013,"2023-03-29 01:32:00",353,9.977,2
45013,"2023-03-29 01:33:00",354,9.930,2
45013,"2023-03-29 01:34:00",355,9.883,2
45013,"2023-03-29 01:35:00",356,9.836,2
45013,"2023-03-29 01:36:00",357,9.789,2
45013,"2023-03-29 01:37:00",358,9.742,2
45013,"2023-03-29 01:38:00",359,9.700,2
45013,"2023-03-29 01:39:00",360,9.667,2
45013,"2023-03-29 01:40:00",361,9.634,2
45013,"2023-03-29 01:41:00",362,9.601,2
45013,"2023-03-29 01:42:00",363,9.568,2
45013,"2023-03-29 01:43:00",364,9.535,2
45013,"2023-03-29 01:44:00",365,9.502,2
45013,"2023-03-29 01:45:00",366,9.469,2
45013,"2023-03-29 01:46:00",367,9.436,2
45013,"2023-03-29 01:47:00",368,9.403,2
45013,"2023-03-29 01:48:00",369,9.370,2
45013,"2023-03-29 01:49:00",370,9.337,2
45013,"2023-03-29 01:50:00",371,9.304,2
45013,"2023-03-29 01:51:00",372,9.271,2
45013,"2023-03-29 01:52:00",373,9.238,2
45013,"2023-03-29 01:53:00",374,9.200,2
45013,"2023-03-29 01:54:00",375,9.173,2
45013,"2023-03-29 01:55:00",376,9.146,2
45013,"2023-03-29 01:56:00",377,9.119,2
45013,"2023-03-29 01:57:00",378,9.092,2
45013,"2023-03-29 01:58:00",379,9.065,2
45013,"2023-03-29 01:59:00",380,9.038,2
45013,"2023-03-29 02:00:00",381,9.011,2
45013,"2023-03-29 02:01:00",382,8.984,2
45013,"2023-03-29 02:02:00",383,8.957,2
45013,"2023-03-29 02:03:00",384,8.930,2
45013,"2023-03-29 02:04:00",385,8.903,2
45013,"2023-03-29 02:05:00",386,8.876,2
45013,"2023-03-29 02:06:00",387,8.849,2
45013,"2023-03-29 02:07:00",388,8.822,2
45013,"2023-03-29 02:08:00",389,8.800,2
45013,"2023-03-29 02:09:00",390,8.773,2
45013,"2023-03-29 02:10:00",391,8.746,2
45013,"2023-03-29 02:11:00",392,8.719,2
45013,"2023-03-29 02:12:00",393,8.692,2
45013,"2023-03-29 02:13:00",394,8.665,2
45013,"2023-03-29 02:14:00",395,8.638,2
45013,"2023-03-29 02:15:00",396,8.611,2
45013,"2023-03-29 02:16:00",397,8.584,2
45013,"2023-03-29 02:17:00",398,8.557,2
45013,"2023-03-29 02:18:00",399,8.530,2
45013,"2023-03-29 02:19:00",400,8.503,2
45013,"2023-03-29 02:20:00",401,8.476,2
45013,"2023-03-29 02:21:00",402,8.449,2
45013,"2023-03-29 02:22:00",403,8.422,2
45013,"2023-03-29 02:23:00",404,8.400,2
45013,"2023-03-29 02:24:00",405,8.360,2
45013,"2023-03-29 02:25:00",406,8.320,2
45013,"2023-03-29 02:26:00",407,8.280,2
45013,"2023-03-29 02:27:00",408,8.240,2
45013,"2023-03-29 02:28:00",409,8.200,2
45013,"2023-03-29 02:29:00",410,8.160,2
45013,"2023-03-29 02:30:00",411,8.120,2
45013,"2023-03-29 02:31:00",412,8.080,2
45013,"2023-03-29 02:32:00",413,8.040,2
45013,"2023-03-29 02:33:00",414,8.000,2
45013,"2023-03-29 02:34:00",415,7.960,2
45013,"2023-03-29 02:35:00",416,7.920,2
45013,"2023-03-29 02:36:00",417,7.880,2
45013,"2023-03-29 02:37:00",418,7.840,2
45013,"2023-03-29 02:38:00",419,7.800,2
45013,"2023-03-29 02:39:00",420,7.780,2
45013,"2023-03-29 02:40:00",421,7.760,2
45013,"2023-03-29 02:41:00",422,7.740,2
45013,"2023-03-29 02:42:00",423,7.720,2
45013,"2023-03-29 02:43:00",424,7.700,2
45013,"2023-03-29 02:44:00",425,7.680,2
45013,"2023-03-29 02:45:00",426,7.660,2
45013,"2023-03-29 02:46:00",427,7.640,2
45013,"2023-03-29 02:47:00",428,7.620,2
45013,"2023-03-29 02:48:00",429,7.600,2
45013,"2023-03-29 02:49:00",430,7.580,2
45013,"2023-03-29 02:50:00",431,7.560,2
45013,"2023-03-29 02:51:00",432,7.540,2
45013,"2023-03-29 02:52:00",433,7.520,2
45013,"2023-03-29 02:53:00",434,7.500,2
45013,"2023-03-29 02:54:00",435,7.493,2
45013,"2023-03-29 02:55:00",436,7.486,2
45013,"2023-03-29 02:56:00",437,7.479,2
45013,"2023-03-29 02:57:00",438,7.472,2
45013,"2023-03-29 02:58:00",439,7.465,2
45013,"2023-03-29 02:59:00",440,7.458,2
45013,"2023-03-29 03:00:00",441,7.451,2
45013,"2023-03-29 03:01:00",442,7.444,2
45013,"2023-03-29 03:02:00",443,7.437,2
45013,"2023-03-29 03:03:00",444,7.430,2
45013,"2023-03-29 03:04:00",445,7.423,2
45013,"2023-03-29 03:05:00",446,7.416,2
45013,"2023-03-29 03:06:00",447,7.409,2
45013,"2023-03-29 03:07:00",448,7.402,2
45013,"2023-03-29 03:08:00",449,7.400,2
45013,"2023-03-29 03:09:00",450,7.400,2
45013,"2023-03-29 03:10:00",451,7.400,2
45013,"2023-03-29 03:11:00",452,7.400,2
45013,"2023-03-29 03:12:00",453,7.400,2
45013,"2023-03-29 03:13:00",454,7.400,2
45013,"2023-03-29 03:14:00",455,7.400,2
45013,"2023-03-29 03:15:00",456,7.400,2
45013,"2023-03-29 03:16:00",457,7.400,2
45013,"2023-03-29 03:17:00",458,7.400,2
45013,"2023-03-29 03:18:00",459,7.400,2
45013,"2023-03-29 03:19:00",460,7.400,2
45013,"2023-03-29 03:20:00",461,7.400,2
45013,"2023-03-29 03:21:00",462,7.400,2
45013,"2023-03-29 03:22:00",463,7.400,2
45013,"2023-03-29 03:23:00",464,7.400,2
45013,"2023-03-29 03:24:00",465,7.393,2
45013,"2023-03-29 03:25:00",466,7.386,2
45013,"2023-03-29 03:26:00",467,7.379,2
45013,"2023-03-29 03:27:00",468,7.372,2
45013,"2023-03-29 03:28:00",469,7.365,2
45013,"2023-03-29 03:29:00",470,7.358,2
45013,"2023-03-29 03:30:00",471,7.351,2
45013,"2023-03-29 03:31:00",472,7.344,2
45013,"2023-03-29 03:32:00",473,7.337,2
45013,"2023-03-29 03:33:00",474,7.330,2
45013,"2023-03-29 03:34:00",475,7.323,2
45013,"2023-03-29 03:35:00",476,7.316,2
45013,"2023-03-29 03:36:00",477,7.309,2
45013,"2023-03-29 03:37:00",478,7.302,2
45013,"2023-03-29 03:38:00",479,7.300,2
45042,"2023-04-26 19:38:00",0,4.064,1
45042,"2023-04-26 19:39:00",1,4.097,1
45042,"2023-04-26 19:40:00",2,4.130,1
45042,"2023-04-26 19:41:00",3,4.163,1
45042,"2023-04-26 19:42:00",4,4.196,1
45042,"2023-04-26 19:43:00",5,4.229,1
45042,"2023-04-26 19:44:00",6,4.262,1
45042,"2023-04-26 19:45:00",7,4.300,1
45042,"2023-04-26 19:46:00",8,4.473,1
45042,"2023-04-26 19:47:00",9,4.646,1
45042,"2023-04-26 19:48:00",10,4.819,1
45042,"2023-04-26 19:49:00",11,4.992,1
45042,"2023-04-26 19:50:00",12,5.165,1
45042,"2023-04-26 19:51:00",13,5.338,1
45042,"2023-04-26 19:52:00",14,5.511,1
45042,"2023-04-26 19:53:00",15,5.684,1
45042,"2023-04-26 19:54:00",16,5.857,1
45042,"2023-04-26 19:55:00",17,6.030,1
45042,"2023-04-26 19:56:00",18,6.203,1
45042,"2023-04-26 19:57:00",19,6.376,1
45042,"2023-04-26 19:58:00",20,6.549,1
45042,"2023-04-26 19:59:00",21,6.722,1
45042,"2023-04-26 20:00:00",22,6.900,1
45042,"2023-04-26 20:01:00",23,7.020,1
45042,"2023-04-26 20:02:00",24,7.140,1
45042,"2023-04-26 20:03:00",25,7.260,1
45042,"2023-04-26 20:04:00",26,7.380,1
45042,"2023-04-26 20:05:00",27,7.500,1
45042,"2023-04-26 20:06:00",28,7.620,1
45042,"2023-04-26 20:07:00",29,7.740,1
45042,"2023-04-26 20:08:00",30,7.860,1
45042,"2023-04-26 20:09:00",31,7.980,1
45042,"2023-04-26 20:10:00",32,8.100,1
45042,"2023-04-26 20:11:00",33,8.220,1
45042,"2023-04-26 20:12:00",34,8.340,1
45042,"2023-04-26 20:13:00",35,8.460,1
45042,"2023-04-26 20:14:00",36,8.580,1
45042,"2023-04-26 20:15:00",37,8.700,1
45042,"2023-04-26 20:16:00",38,8.813,1
45042,"2023-04-26 20:17:00",39,8.926,1
45042,"2023-04-26 20:18:00",40,9.039,1
45042,"2023-04-26 20:19:00",41,9.152,1
45042,"2023-04-26 20:20:00",42,9.265,1
45042,"2023-04-26 20:21:00",43,9.378,1
45042,"2023-04-26 20:22:00",44,9.491,1
45042,"2023-04-26 20:23:00",45,9.604,1
45042,"2023-04-26 20:24:00",46,9.717,1
45042,"2023-04-26 20:25:00",47,9.830,1
45042,"2023-04-26 20:26:00",48,9.943,1
45042,"2023-04-26 20:27:00",49,10.056,1
45042,"2023-04-26 20:28:00",50,10.169,1
45042,"2023-04-26 20:29:00",51,10.282,1
45042,"2023-04-26 20:30:00",52,10.400,1
45042,"2023-04-26 20:31:00",53,10.440,1
45042,"2023-04-26 20:32:00",54,10.480,1
45042,"2023-04-26 20:33:00",55,10.520,1
45042,"2023-04-26 20:34:00",56,10.560,1
45042,"2023-04-26 20:35:00",57,10.600,1
45042,"2023-04-26 20:36:00",58,10.640,1
45042,"2023-04-26 20:37:00",59,10.680,1
45042,"2023-04-26 20:38:00",60,10.720,1
45042,"2023-04-26 20:39:00",61,10.760,1
45042,"2023-04-26 20:40:00",62,10.800,1
45042,"2023-04-26 20:41:00",63,10.840,1
45042,"2023-04-26 20:42:00",64,10.880,1
45042,"2023-04-26 20:43:00",65,10.920,1
45042,"2023-04-26 20:44:00",66,10.960,1
45042,"2023-04-26 20:45:00",67,11.000,1
45042,"2023-04-26 20:46:00",68,10.967,1
45042,"2023-04-26 20:47:00",69,10.934,1
45042,"2023-04-26 20:48:00",70,10.901,1
45042,"2023-04-26 20:49:00",71,10.868,1
45042,"2023-04-26 20:50:00",72,10.835,1
45042,"2023-04-26 20:51:00",73,10.802,1
45042,"2023-04-26 20:52:00",74,10.769,1
45042,"2023-04-26 20:53:00",75,10.736,1
45042,"2023-04-26 20:54:00",76,10.703,1
45042,"2023-04-26 20:55:00",77,10.670,1
45042,"2023-04-26 20:56:00",78,10.637,1
45042,"2023-04-26 20:57:00",79,10.604,1
45042,"2023-04-26 20:58:00",80,10.571,1
45042,"2023-04-26 20:59:00",81,10.538,1
45042,"2023-04-26 21:00:00",82,10.500,1
45042,"2023-04-26 21:01:00",83,10.447,1
45042,"2023-04-26 21:02:00",84,10.394,1
45042,"2023-04-26 21:03:00",85,10.341,1
45042,"2023-04-26 21:04:00",86,10.288,1
45042,"2023-04-26 21:05:00",87,10.235,1
45042,"2023-04-26 21:06:00",88,10.182,1
45042,"2023-04-26 21:07:00",89,10.129,1
45042,"2023-04-26 21:08:00",90,10.076,1
45042,"2023-04-26 21:09:00",91,10.023,1
45042,"2023-04-26 21:10:00",92,9.970,1
45042,"2023-04-26 21:11:00",93,9.917,1
45042,"2023-04-26 21:12:00",94,9.864,1
45042,"2023-04-26 21:13:00",95,9.811,1
45042,"2023-04-26 21:14:00",96,9.758,1
45042,"2023-04-26 21:15:00",97,9.705,1
45042,"2023-04-26 21:16:00",98,9.652,1
45042,"2023-04-26 21:17:00",99,9.600,1
45042,"2023-04-26 21:18:00",100,9.573,1
45042,"2023-04-26 21:19:00",101,9.546,1
45042,"2023-04-26 21:20:00",102,9.519,1
45042,"2023-04-26 21:21:00",103,9.492,1
45042,"2023-04-26 21:22:00",104,9.465,1
45042,"2023-04-26 21:23:00",105,9.438,1
45042,"2023-04-26 21:24:00",106,9.411,1
45042,"2023-04-26 21:25:00",107,9.384,1
45042,"2023-04-26 21:26:00",108,9.357,1
45042,"2023-04-26 21:27:00",109,9.330,1
45042,"2023-04-26 21:28:00",110,9.303,1
45042,"2023-04-26 21:29:00",111,9.276,1
45042,"2023-04-26 21:30:00",112,9.249,1
45042,"2023-04-26 21:31:00",113,9.222,1
45042,"2023-04-26 21:32:00",114,9.200,1
45042,"2023-04-26 21:33:00",115,9.207,1
45042,"2023-04-26 21:34:00",116,9.214,1
45042,"2023-04-26 21:35:00",117,9.221,1
45042,"2023-04-26 21:36:00",118,9.228,1
45042,"2023-04-26 21:37:00",119,9.235,1
45042,"2023-04-26 21:38:00",120,9.242,1
45042,"2023-04-26 21:39:00",121,9.249,1
45042,"2023-04-26 21:40:00",122,9.256,1
45042,"2023-04-26 21:41:00",123,9.263,1
45042,"2023-04-26 21:42:00",124,9.270,1
45042,"2023-04-26 21:43:00",125,9.277,1
45042,"2023-04-26 21:44:00",126,9.284,1
45042,"2023-04-26 21:45:00",127,9.291,1
45042,"2023-04-26 21:46:00",128,9.298,1
45042,"2023-04-26 21:47:00",129,9.300,1
45042,"2023-04-26 21:48:00",130,9.293,1
45042,"2023-04-26 21:49:00",131,9.286,1
45042,"2023-04-26 21:50:00",132,9.279,1
45042,"2023-04-26 21:51:00",133,9.272,1
45042,"2023-04-26 21:52:00",134,9.265,1
45042,"2023-04-26 21:53:00",135,9.258,1
45042,"2023-04-26 21:54:00",136,9.251,1
45042,"2023-04-26 21:55:00",137,9.244,1
45042,"2023-04-26 21:56:00",138,9.237,1
45042,"2023-04-26 21:57:00",139,9.230,1
45042,"2023-04-26 21:58:00",140,9.223,1
45042,"2023-04-26 21:59:00",141,9.216,1
45042,"2023-04-26 22:00:00",142,9.209,1
45042,"2023-04-26 22:01:00",143,9.202,1
45042,"2023-04-26 22:02:00",144,9.200,1
45042,"2023-04-26 22:03:00",145,9.187,1
45042,"2023-04-26 22:04:00",146,9.174,1
45042,"2023-04-26 22:05:00",147,9.161,1
45042,"2023-04-26 22:06:00",148,9.148,1
45042,"2023-04-26 22:07:00",149,9.135,1
45042,"2023-04-26 22:08:00",150,9.122,1
45042,"2023-04-26 22:09:00",151,9.109,1
45042,"2023-04-26 22:10:00",152,9.096,1
45042,"2023-04-26 22:11:00",153,9.083,1
45042,"2023-04-26 22:12:00",154,9.070,1
45042,"2023-04-26 22:13:00",155,9.057,1
45042,"2023-04-26 22:14:00",156,9.044,1
45042,"2023-04-26 22:15:00",157,9.031,1
45042,"2023-04-26 22:16:00",158,9.018,1
45042,"2023-04-26 22:17:00",159,9.000,1
45042,"2023-04-26 22:18:00",160,8.993,1
45042,"2023-04-26 22:19:00",161,8.986,1
45042,"2023-04-26 22:20:00",162,8.979,1
45042,"2023-04-26 22:21:00",163,8.972,1
45042,"2023-04-26 22:22:00",164,8.965,1
45042,"2023-04-26 22:23:00",165,8.958,1
45042,"2023-04-26 22:24:00",166,8.951,1
45042,"2023-04-26 22:25:00",167,8.944,1
45042,"2023-04-26 22:26:00",168,8.937,1
45042,"2023-04-26 22:27:00",169,8.930,1
45042,"2023-04-26 22:28:00",170,8.923,1
45042,"2023-04-26 22:29:00",171,8.916,1
45042,"2023-04-26 22:30:00",172,8.909,1
45042,"2023-04-26 22:31:00",173,8.902,1
45042,"2023-04-26 22:32:00",174,8.900,1
45042,"2023-04-26 22:33:00",175,8.867,1
45042,"2023-04-26 22:34:00",176,8.834,1
45042,"2023-04-26 22:35:00",177,8.801,1
45042,"2023-04-26 22:36:00",178,8.768,1
45042,"2023-04-26 22:37:00",179,8.735,1
45042,"2023-04-26 22:38:00",180,8.702,1
45042,"2023-04-26 22:39:00",181,8.669,1
45042,"2023-04-26 22:40:00",182,8.636,1
45042,"2023-04-26 22:41:00",183,8.603,1
45042,"2023-04-26 22:42:00",184,8.570,1
45042,"2023-04-26 22:43:00",185,8.537,1
45042,"2023-04-26 22:44:00",186,8.504,1
45042,"2023-04-26 22:45:00",187,8.471,1
45042,"2023-04-26 22:46:00",188,8.438,1
45042,"2023-04-26 22:47:00",189,8.400,1
45042,"2023-04-26 22:48:00",190,8.333,1
45042,"2023-04-26 22:49:00",191,8.266,1
45042,"2023-04-26 22:50:00",192,8.199,1
45042,"2023-04-26 22:51:00",193,8.132,1
45042,"2023-04-26 22:52:00",194,8.065,1
45042,"2023-04-26 22:53:00",195,7.998,1
45042,"2023-04-26 22:54:00",196,7.931,1
45042,"2023-04-26 22:55:00",197,7.864,1
45042,"2023-04-26 22:56:00",198,7.797,1
45042,"2023-04-26 22:57:00",199,7.730,1
45042,"2023-04-26 22:58:00",200,7.663,1
45042,"2023-04-26 22:59:00",201,7.596,1
45042,"2023-04-26 23:00:00",202,7.529,1
45042,"2023-04-26 23:01:00",203,7.462,1
45042,"2023-04-26 23:02:00",204,7.400,1
45042,"2023-04-26 23:03:00",205,7.327,1
45042,"2023-04-26 23:04:00",206,7.254,1
45042,"2023-04-26 23:05:00",207,7.181,1
45042,"2023-04-26 23:06:00",208,7.108,1
45042,"2023-04-26 23:07:00",209,7.035,1
45042,"2023-04-26 23:08:00",210,6.962,1
45042,"2023-04-26 23:09:00",211,6.889,1
45042,"2023-04-26 23:10:00",212,6.816,1
45042,"2023-04-26 23:11:00",213,6.743,1
45042,"2023-04-26 23:12:00",214,6.670,1
45042,"2023-04-26 23:13:00",215,6.597,1
45042,"2023-04-26 23:14:00",216,6.524,1
45042,"2023-04-26 23:15:00",217,6.451,1
45042,"2023-04-26 23:16:00",218,6.378,1
45042,"2023-04-26 23:17:00",219,6.300,1
45042,"2023-04-26 23:18:00",220,6.280,1
45042,"2023-04-26 23:19:00",221,6.260,1
45042,"2023-04-26 23:20:00",222,6.240,1
45042,"2023-04-26 23:21:00",223,6.220,1
45042,"2023-04-26 23:22:00",224,6.200,1
45042,"2023-04-26 23:23:00",225,6.180,1
45042,"2023-04-26 23:24:00",226,6.160,1
45042,"2023-04-26 23:25:00",227,6.140,1
45042,"2023-04-26 23:26:00",228,6.120,1
45042,"2023-04-26 23:27:00",229,6.100,1
45042,"2023-04-26 23:28:00",230,6.080,1
45042,"2023-04-26 23:29:00",231,6.060,1
45042,"2023-04-26 23:30:00",232,6.040,1
45042,"2023-04-26 23:31:00",233,6.020,1
45042,"2023-04-26 23:32:00",234,6.000,1
45042,"2023-04-26 23:33:00",235,6.033,1
45042,"2023-04-26 23:34:00",236,6.066,1
45042,"2023-04-26 23:35:00",237,6.099,1
45042,"2023-04-26 23:36:00",238,6.132,1
45042,"2023-04-26 23:37:00",239,6.165,1
45042,"2023-04-26 23:38:00",240,6.198,1
45042,"2023-04-26 23:39:00",241,6.231,1
45042,"2023-04-26 23:40:00",242,6.264,1
45042,"2023-04-26 23:41:00",243,6.297,1
45042,"2023-04-26 23:42:00",244,6.330,1
45042,"2023-04-26 23:43:00",245,6.363,1
45042,"2023-04-26 23:44:00",246,6.396,1
45042,"2023-04-26 23:45:00",247,6.429,1
45042,"2023-04-26 23:46:00",248,6.462,1
45042,"2023-04-26 23:47:00",249,6.500,1
45042,"2023-04-26 23:48:00",250,6.560,1
45042,"2023-04-26 23:49:00",251,6.620,1
45042,"2023-04-26 23:50:00",252,6.680,1
45042,"2023-04-26 23:51:00",253,6.740,1
45042,"2023-04-26 23:52:00",254,6.800,1
45042,"2023-04-26 23:53:00",255,6.860,1
45042,"2023-04-26 23:54:00",256,6.920,1
45042,"2023-04-26 23:55:00",257,6.980,1
45042,"2023-04-26 23:56:00",258,7.040,1
45042,"2023-04-26 23:57:00",259,7.100,1
45042,"2023-04-26 23:58:00",260,7.160,1
45042,"2023-04-26 23:59:00",261,7.220,1
45042,"2023-04-27 00:00:00",262,7.280,1
45042,"2023-04-27 00:01:00",263,7.340,1
45042,"2023-04-27 00:02:00",264,7.400,1
45042,"2023-04-27 00:03:00",265,7.453,1
45042,"2023-04-27 00:04:00",266,7.506,1
45042,"2023-04-27 00:05:00",267,7.559,1
45042,"2023-04-27 00:06:00",268,7.612,1
45042,"2023-04-27 00:07:00",269,7.665,1
45042,"2023-04-27 00:08:00",270,7.718,1
45042,"2023-04-27 00:09:00",271,7.771,1
45042,"2023-04-27 00:10:00",272,7.824,1
45042,"2023-04-27 00:11:00",273,7.877,1
45042,"2023-04-27 00:12:00",274,7.930,1
45042,"2023-04-27 00:13:00",275,7.983,1
45042,"2023-04-27 00:14:00",276,8.036,1
45042,"2023-04-27 00:15:00",277,8.089,1
45042,"2023-04-27 00:16:00",278,8.142,1
45042,"2023-04-27 00:17:00",279,8.200,1
45042,"2023-04-27 00:18:00",280,8.220,1
45042,"2023-04-27 00:19:00",281,8.240,1
45042,"2023-04-27 00:20:00",282,8.260,1
45042,"2023-04-27 00:21:00",283,8.280,1
45042,"2023-04-27 00:22:00",284,8.300,1
45042,"2023-04-27 00:23:00",285,8.320,1
45042,"2023-04-27 00:24:00",286,8.340,1
45042,"2023-04-27 00:25:00",287,8.360,1
45042,"2023-04-27 00:26:00",288,8.380,1
45042,"2023-04-27 00:27:00",289,8.400,1
45042,"2023-04-27 00:28:00",290,8.420,1
45042,"2023-04-27 00:29:00",291,8.440,1
45042,"2023-04-27 00:30:00",292,8.460,1
45042,"2023-04-27 00:31:00",293,8.480,1
45042,"2023-04-27 00:32:00",294,8.500,1
45042,"2023-04-27 00:33:00",295,8.487,1
45042,"2023-04-27 00:34:00",296,8.474,1
45042,"2023-04-27 00:35:00",297,8.461,1
45042,"2023-04-27 00:36:00",298,8.448,1
45042,"2023-04-27 00:37:00",299,8.435,1
45042,"2023-04-27 00:38:00",300,8.422,1
45042,"2023-04-27 00:39:00",301,8.409,1
45042,"2023-04-27 00:40:00",302,8.396,1
45042,"2023-04-27 00:41:00",303,8.383,1
45042,"2023-04-27 00:42:00",304,8.370,1
45042,"2023-04-27 00:43:00",305,8.357,1
45042,"2023-04-27 00:44:00",306,8.344,1
45042,"2023-04-27 00:45:00",307,8.331,1
45042,"2023-04-27 00:46:00",308,8.318,1
45042,"2023-04-27 00:47:00",309,8.300,1
45042,"2023-04-27 00:48:00",310,8.287,1
45042,"2023-04-27 00:49:00",311,8.274,1
45042,"2023-04-27 00:50:00",312,8.261,1
45042,"2023-04-27 00:51:00",313,8.248,1
45042,"2023-04-27 00:52:00",314,8.235,1
45042,"2023-04-27 00:53:00",315,8.222,1
45042,"2023-04-27 00:54:00",316,8.209,1
45042,"2023-04-27 00:55:00",317,8.196,1
45042,"2023-04-27 00:56:00",318,8.183,1
45042,"2023-04-27 00:57:00",319,8.170,1
45042,"2023-04-27 00:58:00",320,8.157,1
45042,"2023-04-27 00:59:00",321,8.144,1
45042,"2023-04-27 01:00:00",322,8.131,1
45042,"2023-04-27 01:01:00",323,8.118,1
45042,"2023-04-27 01:02:00",324,8.100,1
45042,"2023-04-27 01:03:00",325,8.087,1
45042,"2023-04-27 01:04:00",326,8.074,1
45042,"2023-04-27 01:05:00",327,8.061,1
45042,"2023-04-27 01:06:00",328,8.048,1
45042,"2023-04-27 01:07:00",329,8.035,1
45042,"2023-04-27 01:08:00",330,8.022,1
45042,"2023-04-27 01:09:00",331,8.009,1
45042,"2023-04-27 01:10:00",332,7.996,1
45042,"2023-04-27 01:11:00",333,7.983,1
45042,"2023-04-27 01:12:00",334,7.970,1
45042,"2023-04-27 01:13:00",335,7.957,1
45042,"2023-04-27 01:14:00",336,7.944,1
45042,"2023-04-27 01:15:00",337,7.931,1
45042,"2023-04-27 01:16:00",338,7.918,1
45042,"2023-04-27 01:17:00",339,7.900,1
45042,"2023-04-27 01:18:00",340,7.900,1
45042,"2023-04-27 01:19:00",341,7.900,1
45042,"2023-04-27 01:20:00",342,7.900,1
45042,"2023-04-27 01:21:00",343,7.900,1
45042,"2023-04-27 01:22:00",344,7.900,1
45042,"2023-04-27 01:23:00",345,7.900,1
45042,"2023-04-27 01:24:00",346,7.900,1
45042,"2023-04-27 01:25:00",347,7.900,1
45042,"2023-04-27 01:26:00",348,7.900,1
45042,"2023-04-27 01:27:00",349,7.900,1
45042,"2023-04-27 01:28:00",350,7.900,1
45042,"2023-04-27 01:29:00",351,7.900,1
45042,"2023-04-27 01:30:00",352,7.900,1
45042,"2023-04-27 01:31:00",353,7.900,1
45042,"2023-04-27 01:32:00",354,7.900,1
45042,"2023-04-27 01:33:00",355,7.913,1
45042,"2023-04-27 01:34:00",356,7.926,1
45042,"2023-04-27 01:35:00",357,7.939,1
45042,"2023-04-27 01:36:00",358,7.952,1
45042,"2023-04-27 01:37:00",359,7.965,1
45042,"2023-04-27 01:38:00",360,7.978,1
45042,"2023-04-27 01:39:00",361,7.991,1
45042,"2023-04-27 01:40:00",362,8.004,1
45042,"2023-04-27 01:41:00",363,8.017,1
45042,"2023-04-27 01:42:00",364,8.030,1
45042,"2023-04-27 01:43:00",365,8.043,1
45042,"2023-04-27 01:44:00",366,8.056,1
45042,"2023-04-27 01:45:00",367,8.069,1
45042,"2023-04-27 01:46:00",368,8.082,1
45042,"2023-04-27 01:47:00",369,8.100,1
45042,"2023-04-27 01:48:00",370,8.107,1
45042,"2023-04-27 01:49:00",371,8.114,1
45042,"2023-04-27 01:50:00",372,8.121,1
45042,"2023-04-27 01:51:00",373,8.128,1
45042,"2023-04-27 01:52:00",374,8.135,1
45042,"2023-04-27 01:53:00",375,8.142,1
45042,"2023-04-27 01:54:00",376,8.149,1
45042,"2023-04-27 01:55:00",377,8.156,1
45042,"2023-04-27 01:56:00",378,8.163,1
45042,"2023-04-27 01:57:00",379,8.170,1
45042,"2023-04-27 01:58:00",380,8.177,1
45042,"2023-04-27 01:59:00",381,8.184,1
45042,"2023-04-27 02:00:00",382,8.191,1
45042,"2023-04-27 02:01:00",383,8.198,1
45042,"2023-04-27 02:02:00",384,8.200,1
45042,"2023-04-27 02:03:00",385,8.213,1
45042,"2023-04-27 02:04:00",386,8.226,1
45042,"2023-04-27 02:05:00",387,8.239,1
45042,"2023-04-27 02:06:00",388,8.252,1
45042,"2023-04-27 02:07:00",389,8.265,1
45042,"2023-04-27 02:08:00",390,8.278,1
45042,"2023-04-27 02:09:00",391,8.291,1
45042,"2023-04-27 02:10:00",392,8.304,1
45042,"2023-04-27 02:11:00",393,8.317,1
45042,"2023-04-27 02:12:00",394,8.330,1
45042,"2023-04-27 02:13:00",395,8.343,1
45042,"2023-04-27 02:14:00",396,8.356,1
45042,"2023-04-27 02:15:00",397,8.369,1
45042,"2023-04-27 02:16:00",398,8.382,1
45042,"2023-04-27 02:17:00",399,8.400,1
45042,"2023-04-27 02:18:00",400,8.427,1
45042,"2023-04-27 02:19:00",401,8.454,1
45042,"2023-04-27 02:20:00",402,8.481,1
45042,"2023-04-27 02:21:00",403,8.508,1
45042,"2023-04-27 02:22:00",404,8.535,1
45042,"2023-04-27 02:23:00",405,8.562,1
45042,"2023-04-27 02:24:00",406,8.589,1
45042,"2023-04-27 02:25:00",407,8.616,1
45042,"2023-04-27 02:26:00",408,8.643,1
45042,"2023-04-27 02:27:00",409,8.670,1
45042,"2023-04-27 02:28:00",410,8.697,1
45042,"2023-04-27 02:29:00",411,8.724,1
45042,"2023-04-27 02:30:00",412,8.751,1
45042,"2023-04-27 02:31:00",413,8.778,1
45042,"2023-04-27 02:32:00",414,8.800,1
45042,"2023-04-27 02:33:00",415,8.813,1
45042,"2023-04-27 02:34:00",416,8.826,1
45042,"2023-04-27 02:35:00",417,8.839,1
45042,"2023-04-27 02:36:00",418,8.852,1
45042,"2023-04-27 02:37:00",419,8.865,1
45042,"2023-04-27 02:38:00",420,8.878,1
45042,"2023-04-27 02:39:00",421,8.891,1
45042,"2023-04-27 02:40:00",422,8.904,1
45042,"2023-04-27 02:41:00",423,8.917,1
45042,"2023-04-27 02:42:00",424,8.930,1
45042,"2023-04-27 02:43:00",425,8.943,1
45042,"2023-04-27 02:44:00",426,8.956,1
45042,"2023-04-27 02:45:00",427,8.969,1
45042,"2023-04-27 02:46:00",428,8.982,1
45042,"2023-04-27 02:47:00",429,9.000,1
45042,"2023-04-27 02:48:00",430,9.020,1
45042,"2023-04-27 02:49:00",431,9.040,1
45042,"2023-04-27 02:50:00",432,9.060,1
45042,"2023-04-27 02:51:00",433,9.080,1
45042,"2023-04-27 02:52:00",434,9.100,1
45042,"2023-04-27 02:53:00",435,9.120,1
45042,"2023-04-27 02:54:00",436,9.140,1
45042,"2023-04-27 02:55:00",437,9.160,1
45042,"2023-04-27 02:56:00",438,9.180,1
45042,"2023-04-27 02:57:00",439,9.200,1
45042,"2023-04-27 02:58:00",440,9.220,1
45042,"2023-04-27 02:59:00",441,9.240,1
45042,"2023-04-27 03:00:00",442,9.260,1
45042,"2023-04-27 03:01:00",443,9.280,1
45042,"2023-04-27 03:02:00",444,9.300,1
45042,"2023-04-27 03:03:00",445,9.353,1
45042,"2023-04-27 03:04:00",446,9.406,1
45042,"2023-04-27 03:05:00",447,9.459,1
45042,"2023-04-27 03:06:00",448,9.512,1
45042,"2023-04-27 03:07:00",449,9.565,1
45042,"2023-04-27 03:08:00",450,9.618,1
45042,"2023-04-27 03:09:00",451,9.671,1
45042,"2023-04-27 03:10:00",452,9.724,1
45042,"2023-04-27 03:11:00",453,9.777,1
45042,"2023-04-27 03:12:00",454,9.830,1
45042,"2023-04-27 03:13:00",455,9.883,1
45042,"2023-04-27 03:14:00",456,9.936,1
45042,"2023-04-27 03:15:00",457,9.989,1
45042,"2023-04-27 03:16:00",458,10.042,1
45042,"2023-04-27 03:17:00",459,10.100,1
45042,"2023-04-27 03:18:00",460,10.153,1
45042,"2023-04-27 03:19:00",461,10.206,1
45042,"2023-04-27 03:20:00",462,10.259,1
45042,"2023-04-27 03:21:00",463,10.312,1
45042,"2023-04-27 03:22:00",464,10.365,1
45042,"2023-04-27 03:23:00",465,10.418,1
45042,"2023-04-27 03:24:00",466,10.471,1
45042,"2023-04-27 03:25:00",467,10.524,1
45042,"2023-04-27 03:26:00",468,10.577,1
45042,"2023-04-27 03:27:00",469,10.630,1
45042,"2023-04-27 03:28:00",470,10.683,1
45042,"2023-04-27 03:29:00",471,10.736,1
45042,"2023-04-27 03:30:00",472,10.789,1
45042,"2023-04-27 03:31:00",473,10.842,1
45042,"2023-04-27 03:32:00",474,10.900,1
45042,"2023-04-27 03:33:00",475,10.940,1
45042,"2023-04-27 03:34:00",476,10.980,1
45042,"2023-04-27 03:35:00",477,11.020,1
45042,"2023-04-27 03:36:00",478,11.060,1
45042,"2023-04-27 03:37:00",479,11.100,1
45049,"2023-05-03 20:18:00",0,6.440,0
45049,"2023-05-03 20:19:00",1,6.520,0
45049,"2023-05-03 20:20:00",2,6.600,0
45049,"2023-05-03 20:21:00",3,6.680,0
45049,"2023-05-03 20:22:00",4,6.760,0
45049,"2023-05-03 20:23:00",5,6.840,0
45049,"2023-05-03 20:24:00",6,6.920,0
45049,"2023-05-03 20:25:00",7,7.000,0
45049,"2023-05-03 20:26:00",8,7.193,0
45049,"2023-05-03 20:27:00",9,7.386,0
45049,"2023-05-03 20:28:00",10,7.579,0
45049,"2023-05-03 20:29:00",11,7.772,0
45049,"2023-05-03 20:30:00",12,7.965,0
45049,"2023-05-03 20:31:00",13,8.158,0
45049,"2023-05-03 20:32:00",14,8.351,0
45049,"2023-05-03 20:33:00",15,8.544,0
45049,"2023-05-03 20:34:00",16,8.737,0
45049,"2023-05-03 20:35:00",17,8.930,0
45049,"2023-05-03 20:36:00",18,9.123,0
45049,"2023-05-03 20:37:00",19,9.316,0
45049,"2023-05-03 20:38:00",20,9.509,0
45049,"2023-05-03 20:39:00",21,9.702,0
45049,"2023-05-03 20:40:00",22,9.900,0
45049,"2023-05-03 20:41:00",23,10.040,0
45049,"2023-05-03 20:42:00",24,10.180,0
45049,"2023-05-03 20:43:00",25,10.320,0
45049,"2023-05-03 20:44:00",26,10.460,0
45049,"2023-05-03 20:45:00",27,10.600,0
45049,"2023-05-03 20:46:00",28,10.740,0
45049,"2023-05-03 20:47:00",29,10.880,0
45049,"2023-05-03 20:48:00",30,11.020,0
45049,"2023-05-03 20:49:00",31,11.160,0
45049,"2023-05-03 20:50:00",32,11.300,0
45049,"2023-05-03 20:51:00",33,11.440,0
45049,"2023-05-03 20:52:00",34,11.580,0
45049,"2023-05-03 20:53:00",35,11.720,0
45049,"2023-05-03 20:54:00",36,11.860,0
45049,"2023-05-03 20:55:00",37,12.000,0
45049,"2023-05-03 20:56:00",38,12.127,0
45049,"2023-05-03 20:57:00",39,12.254,0
45049,"2023-05-03 20:58:00",40,12.381,0
45049,"2023-05-03 20:59:00",41,12.508,0
45049,"2023-05-03 21:00:00",42,12.635,0
45049,"2023-05-03 21:01:00",43,12.762,0
45049,"2023-05-03 21:02:00",44,12.889,0
45049,"2023-05-03 21:03:00",45,13.016,0
45049,"2023-05-03 21:04:00",46,13.143,0
45049,"2023-05-03 21:05:00",47,13.270,0
45049,"2023-05-03 21:06:00",48,13.397,0
45049,"2023-05-03 21:07:00",49,13.524,0
45049,"2023-05-03 21:08:00",50,13.651,0
45049,"2023-05-03 21:09:00",51,13.778,0
45049,"2023-05-03 21:10:00",52,13.900,0
45049,"2023-05-03 21:11:00",53,13.947,0
45049,"2023-05-03 21:12:00",54,13.994,0
45049,"2023-05-03 21:13:00",55,14.041,0
45049,"2023-05-03 21:14:00",56,14.088,0
45049,"2023-05-03 21:15:00",57,14.135,0
45049,"2023-05-03 21:16:00",58,14.182,0
45049,"2023-05-03 21:17:00",59,14.229,0
45049,"2023-05-03 21:18:00",60,14.276,0
45049,"2023-05-03 21:19:00",61,14.323,0
45049,"2023-05-03 21:20:00",62,14.370,0
45049,"2023-05-03 21:21:00",63,14.417,0
45049,"2023-05-03 21:22:00",64,14.464,0
45049,"2023-05-03 21:23:00",65,14.511,0
45049,"2023-05-03 21:24:00",66,14.558,0
45049,"2023-05-03 21:25:00",67,14.600,0
45049,"2023-05-03 21:26:00",68,14.653,0
45049,"2023-05-03 21:27:00",69,14.706,0
45049,"2023-05-03 21:28:00",70,14.759,0
45049,"2023-05-03 21:29:00",71,14.812,0
45049,"2023-05-03 21:30:00",72,14.865,0
45049,"2023-05-03 21:31:00",73,14.918,0
45049,"2023-05-03 21:32:00",74,14.971,0
45049,"2023-05-03 21:33:00",75,15.024,0
45049,"2023-05-03 21:34:00",76,15.077,0
45049,"2023-05-03 21:35:00",77,15.130,0
45049,"2023-05-03 21:36:00",78,15.183,0
45049,"2023-05-03 21:37:00",79,15.236,0
45049,"2023-05-03 21:38:00",80,15.289,0
45049,"2023-05-03 21:39:00",81,15.342,0
45049,"2023-05-03 21:40:00",82,15.400,0
45049,"2023-05-03 21:41:00",83,15.453,0
45049,"2023-05-03 21:42:00",84,15.506,0
45049,"2023-05-03 21:43:00",85,15.559,0
45049,"2023-05-03 21:44:00",86,15.612,0
45049,"2023-05-03 21:45:00",87,15.665,0
45049,"2023-05-03 21:46:00",88,15.718,0
45049,"2023-05-03 21:47:00",89,15.771,0
45049,"2023-05-03 21:48:00",90,15.824,0
45049,"2023-05-03 21:49:00",91,15.877,0
45049,"2023-05-03 21:50:00",92,15.930,0
45049,"2023-05-03 21:51:00",93,15.983,0
45049,"2023-05-03 21:52:00",94,16.036,0
45049,"2023-05-03 21:53:00",95,16.089,0
45049,"2023-05-03 21:54:00",96,16.142,0
45049,"2023-05-03 21:55:00",97,16.200,0
45049,"2023-05-03 21:56:00",98,16.240,0
45049,"2023-05-03 21:57:00",99,16.280,0
45049,"2023-05-03 21:58:00",100,16.320,0
45049,"2023-05-03 21:59:00",101,16.360,0
45049,"2023-05-03 22:00:00",102,16.400,0
45049,"2023-05-03 22:01:00",103,16.440,0
45049,"2023-05-03 22:02:00",104,16.480,0
45049,"2023-05-03 22:03:00",105,16.520,0
45049,"2023-05-03 22:04:00",106,16.560,0
45049,"2023-05-03 22:05:00",107,16.600,0
45049,"2023-05-03 22:06:00",108,16.640,0
45049,"2023-05-03 22:07:00",109,16.680,0
45049,"2023-05-03 22:08:00",110,16.720,0
45049,"2023-05-03 22:09:00",111,16.760,0
45049,"2023-05-03 22:10:00",112,16.800,0
45049,"2023-05-03 22:11:00",113,16.835,0
45049,"2023-05-03 22:12:00",114,16.870,0
45049,"2023-05-03 22:13:00",115,16.905,0
45049,"2023-05-03 22:14:00",116,16.940,0
45049,"2023-05-03 22:15:00",117,16.975,0
45049,"2023-05-03 22:16:00",118,17.010,0
45049,"2023-05-03 22:17:00",119,17.045,0
45049,"2023-05-03 22:18:00",120,17.080,0
45049,"2023-05-03 22:19:00",121,17.115,0
45049,"2023-05-03 22:20:00",122,17.150,0
45049,"2023-05-03 22:21:00",123,17.185,0
45049,"2023-05-03 22:22:00",124,17.220,0
45049,"2023-05-03 22:23:00",125,17.255,0
45049,"2023-05-03 22:24:00",126,17.290,0
45049,"2023-05-03 22:25:00",127,17.325,0
45049,"2023-05-03 22:26:00",128,17.360,0
45049,"2023-05-03 22:27:00",129,17.400,0
45049,"2023-05-03 22:28:00",130,17.347,0
45049,"2023-05-03 22:29:00",131,17.294,0
45049,"2023-05-03 22:30:00",132,17.241,0
45049,"2023-05-03 22:31:00",133,17.188,0
45049,"2023-05-03 22:32:00",134,17.135,0
45049,"2023-05-03 22:33:00",135,17.082,0
45049,"2023-05-03 22:34:00",136,17.029,0
45049,"2023-05-03 22:35:00",137,16.976,0
45049,"2023-05-03 22:36:00",138,16.923,0
45049,"2023-05-03 22:37:00",139,16.870,0
45049,"2023-05-03 22:38:00",140,16.817,0
45049,"2023-05-03 22:39:00",141,16.764,0
45049,"2023-05-03 22:40:00",142,16.711,0
45049,"2023-05-03 22:41:00",143,16.658,0
45049,"2023-05-03 22:42:00",144,16.600,0
45049,"2023-05-03 22:43:00",145,16.520,0
45049,"2023-05-03 22:44:00",146,16.440,0
45049,"2023-05-03 22:45:00",147,16.360,0
45049,"2023-05-03 22:46:00",148,16.280,0
45049,"2023-05-03 22:47:00",149,16.200,0
45049,"2023-05-03 22:48:00",150,16.120,0
45049,"2023-05-03 22:49:00",151,16.040,0
45049,"2023-05-03 22:50:00",152,15.960,0
45049,"2023-05-03 22:51:00",153,15.880,0
45049,"2023-05-03 22:52:00",154,15.800,0
45049,"2023-05-03 22:53:00",155,15.720,0
45049,"2023-05-03 22:54:00",156,15.640,0
45049,"2023-05-03 22:55:00",157,15.560,0
45049,"2023-05-03 22:56:00",158,15.480,0
45049,"2023-05-03 22:57:00",159,15.400,0
45049,"2023-05-03 22:58:00",160,15.353,0
45049,"2023-05-03 22:59:00",161,15.306,0
45049,"2023-05-03 23:00:00",162,15.259,0
45049,"2023-05-03 23:01:00",163,15.212,0
45049,"2023-05-03 23:02:00",164,15.165,0
45049,"2023-05-03 23:03:00",165,15.118,0
45049,"2023-05-03 23:04:00",166,15.071,0
45049,"2023-05-03 23:05:00",167,15.024,0
45049,"2023-05-03 23:06:00",168,14.977,0
45049,"2023-05-03 23:07:00",169,14.930,0
45049,"2023-05-03 23:08:00",170,14.883,0
45049,"2023-05-03 23:09:00",171,14.836,0
45049,"2023-05-03 23:10:00",172,14.789,0
45049,"2023-05-03 23:11:00",173,14.742,0
45049,"2023-05-03 23:12:00",174,14.700,0
45049,"2023-05-03 23:13:00",175,14.613,0
45049,"2023-05-03 23:14:00",176,14.526,0
45049,"2023-05-03 23:15:00",177,14.439,0
45049,"2023-05-03 23:16:00",178,14.352,0
45049,"2023-05-03 23:17:00",179,14.265,0
45049,"2023-05-03 23:18:00",180,14.178,0
45049,"2023-05-03 23:19:00",181,14.091,0
45049,"2023-05-03 23:20:00",182,14.004,0
45049,"2023-05-03 23:21:00",183,13.917,0
45049,"2023-05-03 23:22:00",184,13.830,0
45049,"2023-05-03 23:23:00",185,13.743,0
45049,"2023-05-03 23:24:00",186,13.656,0
45049,"2023-05-03 23:25:00",187,13.569,0
45049,"2023-05-03 23:26:00",188,13.482,0
45049,"2023-05-03 23:27:00",189,13.400,0
45049,"2023-05-03 23:28:00",190,13.293,0
45049,"2023-05-03 23:29:00",191,13.186,0
45049,"2023-05-03 23:30:00",192,13.079,0
45049,"2023-05-03 23:31:00",193,12.972,0
45049,"2023-05-03 23:32:00",194,12.865,0
45049,"2023-05-03 23:33:00",195,12.758,0
45049,"2023-05-03 23:34:00",196,12.651,0
45049,"2023-05-03 23:35:00",197,12.544,0
45049,"2023-05-03 23:36:00",198,12.437,0
45049,"2023-05-03 23:37:00",199,12.330,0
45049,"2023-05-03 23:38:00",200,12.223,0
45049,"2023-05-03 23:39:00",201,12.116,0
45049,"2023-05-03 23:40:00",202,12.009,0
45049,"2023-05-03 23:41:00",203,11.902,0
45049,"2023-05-03 23:42:00",204,11.800,0
45049,"2023-05-03 23:43:00",205,11.760,0
45049,"2023-05-03 23:44:00",206,11.720,0
45049,"2023-05-03 23:45:00",207,11.680,0
45049,"2023-05-03 23:46:00",208,11.640,0
45049,"2023-05-03 23:47:00",209,11.600,0
45049,"2023-05-03 23:48:00",210,11.560,0
45049,"2023-05-03 23:49:00",211,11.520,0
45049,"2023-05-03 23:50:00",212,11.480,0
45049,"2023-05-03 23:51:00",213,11.440,0
45049,"2023-05-03 23:52:00",214,11.400,0
45049,"2023-05-03 23:53:00",215,11.360,0
45049,"2023-05-03 23:54:00",216,11.320,0
45049,"2023-05-03 23:55:00",217,11.280,0
45049,"2023-05-03 23:56:00",218,11.240,0
45049,"2023-05-03 23:57:00",219,11.200,0
45049,"2023-05-03 23:58:00",220,11.180,0
45049,"2023-05-03 23:59:00",221,11.160,0
45049,"2023-05-04 00:00:00",222,11.140,0
45049,"2023-05-04 00:01:00",223,11.120,0
45049,"2023-05-04 00:02:00",224,11.100,0
45049,"2023-05-04 00:03:00",225,11.080,0
45049,"2023-05-04 00:04:00",226,11.060,0
45049,"2023-05-04 00:05:00",227,11.040,0
45049,"2023-05-04 00:06:00",228,11.020,0
45049,"2023-05-04 00:07:00",229,11.000,0
45049,"2023-05-04 00:08:00",230,10.980,0
45049,"2023-05-04 00:09:00",231,10.960,0
45049,"2023-05-04 00:10:00",232,10.940,0
45049,"2023-05-04 00:11:00",233,10.920,0
45049,"2023-05-04 00:12:00",234,10.900,0
45049,"2023-05-04 00:13:00",235,10.880,0
45049,"2023-05-04 00:14:00",236,10.860,0
45049,"2023-05-04 00:15:00",237,10.840,0
45049,"2023-05-04 00:16:00",238,10.820,0
45049,"2023-05-04 00:17:00",239,10.800,0
45049,"2023-05-04 00:18:00",240,10.780,0
45049,"2023-05-04 00:19:00",241,10.760,0
45049,"2023-05-04 00:20:00",242,10.740,0
45049,"2023-05-04 00:21:00",243,10.720,0
45049,"2023-05-04 00:22:00",244,10.700,0
45049,"2023-05-04 00:23:00",245,10.680,0
45049,"2023-05-04 00:24:00",246,10.660,0
45049,"2023-05-04 00:25:00",247,10.640,0
45049,"2023-05-04 00:26:00",248,10.620,0
45049,"2023-05-04 00:27:00",249,10.600,0
45049,"2023-05-04 00:28:00",250,10.580,0
45049,"2023-05-04 00:29:00",251,10.560,0
45049,"2023-05-04 00:30:00",252,10.540,0
45049,"2023-05-04 00:31:00",253,10.520,0
45049,"2023-05-04 00:32:00",254,10.500,0
45049,"2023-05-04 00:33:00",255,10.480,0
45049,"2023-05-04 00:34:00",256,10.460,0
45049,"2023-05-04 00:35:00",257,10.440,0
45049,"2023-05-04 00:36:00",258,10.420,0
45049,"2023-05-04 00:37:00",259,10.400,0
45049,"2023-05-04 00:38:00",260,10.380,0
45049,"2023-05-04 00:39:00",261,10.360,0
45049,"2023-05-04 00:40:00",262,10.340,0
45049,"2023-05-04 00:41:00",263,10.320,0
45049,"2023-05-04 00:42:00",264,10.300,0
45049,"2023-05-04 00:43:00",265,10.267,0
45049,"2023-05-04 00:44:00",266,10.234,0
45049,"2023-05-04 00:45:00",267,10.201,0
45049,"2023-05-04 00:46:00",268,10.168,0
45049,"2023-05-04 00:47:00",269,10.135,0
45049,"2023-05-04 00:48:00",270,10.102,0
45049,"2023-05-04 00:49:00",271,10.069,0
45049,"2023-05-04 00:50:00",272,10.036,0
45049,"2023-05-04 00:51:00",273,10.003,0
45049,"2023-05-04 00:52:00",274,9.970,0
45049,"2023-05-04 00:53:00",275,9.937,0
45049,"2023-05-04 00:54:00",276,9.904,0
45049,"2023-05-04 00:55:00",277,9.871,0
45049,"2023-05-04 00:56:00",278,9.838,0
45049,"2023-05-04 00:57:00",279,9.800,0
45049,"2023-05-04 00:58:00",280,9.753,0
45049,"2023-05-04 00:59:00",281,9.706,0
45049,"2023-05-04 01:00:00",282,9.659,0
45049,"2023-05-04 01:01:00",283,9.612,0
45049,"2023-05-04 01:02:00",284,9.565,0
45049,"2023-05-04 01:03:00",285,9.518,0
45049,"2023-05-04 01:04:00",286,9.471,0
45049,"2023-05-04 01:05:00",287,9.424,0
45049,"2023-05-04 01:06:00",288,9.377,0
45049,"2023-05-04 01:07:00",289,9.330,0
45049,"2023-05-04 01:08:00",290,9.283,0
45049,"2023-05-04 01:09:00",291,9.236,0
45049,"2023-05-04 01:10:00",292,9.189,0
45049,"2023-05-04 01:11:00",293,9.142,0
45049,"2023-05-04 01:12:00",294,9.100,0
45049,"2023-05-04 01:13:00",295,9.040,0
45049,"2023-05-04 01:14:00",296,8.980,0
45049,"2023-05-04 01:15:00",297,8.920,0
45049,"2023-05-04 01:16:00",298,8.860,0
45049,"2023-05-04 01:17:00",299,8.800,0
45049,"2023-05-04 01:18:00",300,8.740,0
45049,"2023-05-04 01:19:00",301,8.680,0
45049,"2023-05-04 01:20:00",302,8.620,0
45049,"2023-05-04 01:21:00",303,8.560,0
45049,"2023-05-04 01:22:00",304,8.500,0
45049,"2023-05-04 01:23:00",305,8.440,0
45049,"2023-05-04 01:24:00",306,8.380,0
45049,"2023-05-04 01:25:00",307,8.320,0
45049,"2023-05-04 01:26:00",308,8.260,0
45049,"2023-05-04 01:27:00",309,8.200,0
45049,"2023-05-04 01:28:00",310,8.200,0
45049,"2023-05-04 01:29:00",311,8.200,0
45049,"2023-05-04 01:30:00",312,8.200,0
45049,"2023-05-04 01:31:00",313,8.200,0
45049,"2023-05-04 01:32:00",314,8.200,0
45049,"2023-05-04 01:33:00",315,8.200,0
45049,"2023-05-04 01:34:00",316,8.200,0
45049,"2023-05-04 01:35:00",317,8.200,0
45049,"2023-05-04 01:36:00",318,8.200,0
45049,"2023-05-04 01:37:00",319,8.200,0
45049,"2023-05-04 01:38:00",320,8.200,0
45049,"2023-05-04 01:39:00",321,8.200,0
45049,"2023-05-04 01:40:00",322,8.200,0
45049,"2023-05-04 01:41:00",323,8.200,0
45049,"2023-05-04 01:42:00",324,8.200,0
45049,"2023-05-04 01:43:00",325,8.233,0
45049,"2023-05-04 01:44:00",326,8.266,0
45049,"2023-05-04 01:45:00",327,8.299,0
45049,"2023-05-04 01:46:00",328,8.332,0
45049,"2023-05-04 01:47:00",329,8.365,0
45049,"2023-05-04 01:48:00",330,8.398,0
45049,"2023-05-04 01:49:00",331,8.431,0
45049,"2023-05-04 01:50:00",332,8.464,0
45049,"2023-05-04 01:51:00",333,8.497,0
45049,"2023-05-04 01:52:00",334,8.530,0
45049,"2023-05-04 01:53:00",335,8.563,0
45049,"2023-05-04 01:54:00",336,8.596,0
45049,"2023-05-04 01:55:00",337,8.629,0
45049,"2023-05-04 01:56:00",338,8.662,0
45049,"2023-05-04 01:57:00",339,8.700,0
45049,"2023-05-04 01:58:00",340,8.700,0
45049,"2023-05-04 01:59:00",341,8.700,0
45049,"2023-05-04 02:00:00",342,8.700,0
45049,"2023-05-04 02:01:00",343,8.700,0
45049,"2023-05-04 02:02:00",344,8.700,0
45049,"2023-05-04 02:03:00",345,8.700,0
45049,"2023-05-04 02:04:00",346,8.700,0
45049,"2023-05-04 02:05:00",347,8.700,0
45049,"2023-05-04 02:06:00",348,8.700,0
45049,"2023-05-04 02:07:00",349,8.700,0
45049,"2023-05-04 02:08:00",350,8.700,0
45049,"2023-05-04 02:09:00",351,8.700,0
45049,"2023-05-04 02:10:00",352,8.700,0
45049,"2023-05-04 02:11:00",353,8.700,0
45049,"2023-05-04 02:12:00",354,8.700,0
45049,"2023-05-04 02:13:00",355,8.687,0
45049,"2023-05-04 02:14:00",356,8.674,0
45049,"2023-05-04 02:15:00",357,8.661,0
45049,"2023-05-04 02:16:00",358,8.648,0
45049,"2023-05-04 02:17:00",359,8.635,0
45049,"2023-05-04 02:18:00",360,8.622,0
45049,"2023-05-04 02:19:00",361,8.609,0
45049,"2023-05-04 02:20:00",362,8.596,0
45049,"2023-05-04 02:21:00",363,8.583,0
45049,"2023-05-04 02:22:00",364,8.570,0
45049,"2023-05-04 02:23:00",365,8.557,0
45049,"2023-05-04 02:24:00",366,8.544,0
45049,"2023-05-04 02:25:00",367,8.531,0
45049,"2023-05-04 02:26:00",368,8.518,0
45049,"2023-05-04 02:27:00",369,8.500,0
45049,"2023-05-04 02:28:00",370,8.480,0
45049,"2023-05-04 02:29:00",371,8.460,0
45049,"2023-05-04 02:30:00",372,8.440,0
45049,"2023-05-04 02:31:00",373,8.420,0
45049,"2023-05-04 02:32:00",374,8.400,0
45049,"2023-05-04 02:33:00",375,8.380,0
45049,"2023-05-04 02:34:00",376,8.360,0
45049,"2023-05-04 02:35:00",377,8.340,0
45049,"2023-05-04 02:36:00",378,8.320,0
45049,"2023-05-04 02:37:00",379,8.300,0
45049,"2023-05-04 02:38:00",380,8.280,0
45049,"2023-05-04 02:39:00",381,8.260,0
45049,"2023-05-04 02:40:00",382,8.240,0
45049,"2023-05-04 02:41:00",383,8.220,0
45049,"2023-05-04 02:42:00",384,8.200,0
45049,"2023-05-04 02:43:00",385,8.180,0
45049,"2023-05-04 02:44:00",386,8.160,0
45049,"2023-05-04 02:45:00",387,8.140,0
45049,"2023-05-04 02:46:00",388,8.120,0
45049,"2023-05-04 02:47:00",389,8.100,0
45049,"2023-05-04 02:48:00",390,8.080,0
45049,"2023-05-04 02:49:00",391,8.060,0
45049,"2023-05-04 02:50:00",392,8.040,0
45049,"2023-05-04 02:51:00",393,8.020,0
45049,"2023-05-04 02:52:00",394,8.000,0
45049,"2023-05-04 02:53:00",395,7.980,0
45049,"2023-05-04 02:54:00",396,7.960,0
45049,"2023-05-04 02:55:00",397,7.940,0
45049,"2023-05-04 02:56:00",398,7.920,0
45049,"2023-05-04 02:57:00",399,7.900,0
45049,"2023-05-04 02:58:00",400,7.893,0
45049,"2023-05-04 02:59:00",401,7.886,0
45049,"2023-05-04 03:00:00",402,7.879,0
45049,"2023-05-04 03:01:00",403,7.872,0
45049,"2023-05-04 03:02:00",404,7.865,0
45049,"2023-05-04 03:03:00",405,7.858,0
45049,"2023-05-04 03:04:00",406,7.851,0
45049,"2023-05-04 03:05:00",407,7.844,0
45049,"2023-05-04 03:06:00",408,7.837,0
45049,"2023-05-04 03:07:00",409,7.830,0
45049,"2023-05-04 03:08:00",410,7.823,0
45049,"2023-05-04 03:09:00",411,7.816,0
45049,"2023-05-04 03:10:00",412,7.809,0
45049,"2023-05-04 03:11:00",413,7.802,0
45049,"2023-05-04 03:12:00",414,7.800,0
45049,"2023-05-04 03:13:00",415,7.787,0
45049,"2023-05-04 03:14:00",416,7.774,0
45049,"2023-05-04 03:15:00",417,7.761,0
45049,"2023-05-04 03:16:00",418,7.748,0
45049,"2023-05-04 03:17:00",419,7.735,0
45049,"2023-05-04 03:18:00",420,7.722,0
45049,"2023-05-04 03:19:00",421,7.709,0
45049,"2023-05-04 03:20:00",422,7.696,0
45049,"2023-05-04 03:21:00",423,7.683,0
45049,"2023-05-04 03:22:00",424,7.670,0
45049,"2023-05-04 03:23:00",425,7.657,0
45049,"2023-05-04 03:24:00",426,7.644,0
45049,"2023-05-04 03:25:00",427,7.631,0
45049,"2023-05-04 03:26:00",428,7.618,0
45049,"2023-05-04 03:27:00",429,7.600,0
45049,"2023-05-04 03:28:00",430,7.593,0
45049,"2023-05-04 03:29:00",431,7.586,0
45049,"2023-05-04 03:30:00",432,7.579,0
45049,"2023-05-04 03:31:00",433,7.572,0
45049,"2023-05-04 03:32:00",434,7.565,0
45049,"2023-05-04 03:33:00",435,7.558,0
45049,"2023-05-04 03:34:00",436,7.551,0
45049,"2023-05-04 03:35:00",437,7.544,0
45049,"2023-05-04 03:36:00",438,7.537,0
45049,"2023-05-04 03:37:00",439,7.530,0
45049,"2023-05-04 03:38:00",440,7.523,0
45049,"2023-05-04 03:39:00",441,7.516,0
45049,"2023-05-04 03:40:00",442,7.509,0
45049,"2023-05-04 03:41:00",443,7.502,0
45049,"2023-05-04 03:42:00",444,7.500,0
45049,"2023-05-04 03:43:00",445,7.520,0
45049,"2023-05-04 03:44:00",446,7.540,0
45049,"2023-05-04 03:45:00",447,7.560,0
45049,"2023-05-04 03:46:00",448,7.580,0
45049,"2023-05-04 03:47:00",449,7.600,0
45049,"2023-05-04 03:48:00",450,7.620,0
45049,"2023-05-04 03:49:00",451,7.640,0
45049,"2023-05-04 03:50:00",452,7.660,0
45049,"2023-05-04 03:51:00",453,7.680,0
45049,"2023-05-04 03:52:00",454,7.700,0
45049,"2023-05-04 03:53:00",455,7.720,0
45049,"2023-05-04 03:54:00",456,7.740,0
45049,"2023-05-04 03:55:00",457,7.760,0
45049,"2023-05-04 03:56:00",458,7.780,0
45049,"2023-05-04 03:57:00",459,7.800,0
45049,"2023-05-04 03:58:00",460,7.820,0
45049,"2023-05-04 03:59:00",461,7.840,0
45049,"2023-05-04 04:00:00",462,7.860,0
45049,"2023-05-04 04:01:00",463,7.880,0
45049,"2023-05-04 04:02:00",464,7.900,0
45049,"2023-05-04 04:03:00",465,7.920,0
45049,"2023-05-04 04:04:00",466,7.940,0
45049,"2023-05-04 04:05:00",467,7.960,0
45049,"2023-05-04 04:06:00",468,7.980,0
45049,"2023-05-04 04:07:00",469,8.000,0
45049,"2023-05-04 04:08:00",470,8.020,0
45049,"2023-05-04 04:09:00",471,8.040,0
45049,"2023-05-04 04:10:00",472,8.060,0
45049,"2023-05-04 04:11:00",473,8.080,0
45049,"2023-05-04 04:12:00",474,8.100,0
45049,"2023-05-04 04:13:00",475,8.120,0
45049,"2023-05-04 04:14:00",476,8.140,0
45049,"2023-05-04 04:15:00",477,8.160,0
45049,"2023-05-04 04:16:00",478,8.180,0
45049,"2023-05-04 04:17:00",479,8.200,0
45202,"2023-10-03 19:26:00",0,4.646,1
45202,"2023-10-03 19:27:00",1,4.719,1
45202,"2023-10-03 19:28:00",2,4.792,1
45202,"2023-10-03 19:29:00",3,4.865,1
45202,"2023-10-03 19:30:00",4,4.938,1
45202,"2023-10-03 19:31:00",5,5.011,1
45202,"2023-10-03 19:32:00",6,5.084,1
45202,"2023-10-03 19:33:00",7,5.157,1
45202,"2023-10-03 19:34:00",8,5.230,1
45202,"2023-10-03 19:35:00",9,5.303,1
45202,"2023-10-03 19:36:00",10,5.376,1
45202,"2023-10-03 19:37:00",11,5.449,1
45202,"2023-10-03 19:38:00",12,5.522,1
45202,"2023-10-03 19:39:00",13,5.600,1
45202,"2023-10-03 19:40:00",14,5.740,1
45202,"2023-10-03 19:41:00",15,5.880,1
45202,"2023-10-03 19:42:00",16,6.020,1
45202,"2023-10-03 19:43:00",17,6.160,1
45202,"2023-10-03 19:44:00",18,6.300,1
45202,"2023-10-03 19:45:00",19,6.440,1
45202,"2023-10-03 19:46:00",20,6.580,1
45202,"2023-10-03 19:47:00",21,6.720,1
45202,"2023-10-03 19:48:00",22,6.860,1
45202,"2023-10-03 19:49:00",23,7.000,1
45202,"2023-10-03 19:50:00",24,7.140,1
45202,"2023-10-03 19:51:00",25,7.280,1
45202,"2023-10-03 19:52:00",26,7.420,1
45202,"2023-10-03 19:53:00",27,7.560,1
45202,"2023-10-03 19:54:00",28,7.700,1
45202,"2023-10-03 19:55:00",29,7.833,1
45202,"2023-10-03 19:56:00",30,7.966,1
45202,"2023-10-03 19:57:00",31,8.099,1
45202,"2023-10-03 19:58:00",32,8.232,1
45202,"2023-10-03 19:59:00",33,8.365,1
45202,"2023-10-03 20:00:00",34,8.498,1
45202,"2023-10-03 20:01:00",35,8.631,1
45202,"2023-10-03 20:02:00",36,8.764,1
45202,"2023-10-03 20:03:00",37,8.897,1
45202,"2023-10-03 20:04:00",38,9.030,1
45202,"2023-10-03 20:05:00",39,9.163,1
45202,"2023-10-03 20:06:00",40,9.296,1
45202,"2023-10-03 20:07:00",41,9.429,1
45202,"2023-10-03 20:08:00",42,9.562,1
45202,"2023-10-03 20:09:00",43,9.700,1
45202,"2023-10-03 20:10:00",44,9.807,1
45202,"2023-10-03 20:11:00",45,9.914,1
45202,"2023-10-03 20:12:00",46,10.021,1
45202,"2023-10-03 20:13:00",47,10.128,1
45202,"2023-10-03 20:14:00",48,10.235,1
45202,"2023-10-03 20:15:00",49,10.342,1
45202,"2023-10-03 20:16:00",50,10.449,1
45202,"2023-10-03 20:17:00",51,10.556,1
45202,"2023-10-03 20:18:00",52,10.663,1
45202,"2023-10-03 20:19:00",53,10.770,1
45202,"2023-10-03 20:20:00",54,10.877,1
45202,"2023-10-03 20:21:00",55,10.984,1
45202,"2023-10-03 20:22:00",56,11.091,1
45202,"2023-10-03 20:23:00",57,11.198,1
45202,"2023-10-03 20:24:00",58,11.300,1
45202,"2023-10-03 20:25:00",59,11.420,1
45202,"2023-10-03 20:26:00",60,11.540,1
45202,"2023-10-03 20:27:00",61,11.660,1
45202,"2023-10-03 20:28:00",62,11.780,1
45202,"2023-10-03 20:29:00",63,11.900,1
45202,"2023-10-03 20:30:00",64,12.020,1
45202,"2023-10-03 20:31:00",65,12.140,1
45202,"2023-10-03 20:32:00",66,12.260,1
45202,"2023-10-03 20:33:00",67,12.380,1
45202,"2023-10-03 20:34:00",68,12.500,1
45202,"2023-10-03 20:35:00",69,12.620,1
45202,"2023-10-03 20:36:00",70,12.740,1
45202,"2023-10-03 20:37:00",71,12.860,1
45202,"2023-10-03 20:38:00",72,12.980,1
45202,"2023-10-03 20:39:00",73,13.100,1
45202,"2023-10-03 20:40:00",74,13.173,1
45202,"2023-10-03 20:41:00",75,13.246,1
45202,"2023-10-03 20:42:00",76,13.319,1
45202,"2023-10-03 20:43:00",77,13.392,1
45202,"2023-10-03 20:44:00",78,13.465,1
45202,"2023-10-03 20:45:00",79,13.538,1
45202,"2023-10-03 20:46:00",80,13.611,1
45202,"2023-10-03 20:47:00",81,13.684,1
45202,"2023-10-03 20:48:00",82,13.757,1
45202,"2023-10-03 20:49:00",83,13.830,1
45202,"2023-10-03 20:50:00",84,13.903,1
45202,"2023-10-03 20:51:00",85,13.976,1
45202,"2023-10-03 20:52:00",86,14.049,1
45202,"2023-10-03 20:53:00",87,14.122,1
45202,"2023-10-03 20:54:00",88,14.200,1
45202,"2023-10-03 20:55:00",89,14.263,1
45202,"2023-10-03 20:56:00",90,14.326,1
45202,"2023-10-03 20:57:00",91,14.389,1
45202,"2023-10-03 20:58:00",92,14.452,1
45202,"2023-10-03 20:59:00",93,14.515,1
45202,"2023-10-03 21:00:00",94,14.578,1
45202,"2023-10-03 21:01:00",95,14.641,1
45202,"2023-10-03 21:02:00",96,14.704,1
45202,"2023-10-03 21:03:00",97,14.767,1
45202,"2023-10-03 21:04:00",98,14.830,1
45202,"2023-10-03 21:05:00",99,14.893,1
45202,"2023-10-03 21:06:00",100,14.956,1
45202,"2023-10-03 21:07:00",101,15.019,1
45202,"2023-10-03 21:08:00",102,15.082,1
45202,"2023-10-03 21:09:00",103,15.145,1
45202,"2023-10-03 21:10:00",104,15.200,1
45202,"2023-10-03 21:11:00",105,15.247,1
45202,"2023-10-03 21:12:00",106,15.294,1
45202,"2023-10-03 21:13:00",107,15.341,1
45202,"2023-10-03 21:14:00",108,15.388,1
45202,"2023-10-03 21:15:00",109,15.435,1
45202,"2023-10-03 21:16:00",110,15.482,1
45202,"2023-10-03 21:17:00",111,15.529,1
45202,"2023-10-03 21:18:00",112,15.576,1
45202,"2023-10-03 21:19:00",113,15.623,1
45202,"2023-10-03 21:20:00",114,15.670,1
45202,"2023-10-03 21:21:00",115,15.717,1
45202,"2023-10-03 21:22:00",116,15.764,1
45202,"2023-10-03 21:23:00",117,15.811,1
45202,"2023-10-03 21:24:00",118,15.858,1
45202,"2023-10-03 21:25:00",119,15.900,1
45202,"2023-10-03 21:26:00",120,15.853,1
45202,"2023-10-03 21:27:00",121,15.806,1
45202,"2023-10-03 21:28:00",122,15.759,1
45202,"2023-10-03 21:29:00",123,15.712,1
45202,"2023-10-03 21:30:00",124,15.665,1
45202,"2023-10-03 21:31:00",125,15.618,1
45202,"2023-10-03 21:32:00",126,15.571,1
45202,"2023-10-03 21:33:00",127,15.524,1
45202,"2023-10-03 21:34:00",128,15.477,1
45202,"2023-10-03 21:35:00",129,15.430,1
45202,"2023-10-03 21:36:00",130,15.383,1
45202,"2023-10-03 21:37:00",131,15.336,1
45202,"2023-10-03 21:38:00",132,15.289,1
45202,"2023-10-03 21:39:00",133,15.242,1
45202,"2023-10-03 21:40:00",134,15.200,1
45202,"2023-10-03 21:41:00",135,15.113,1
45202,"2023-10-03 21:42:00",136,15.026,1
45202,"2023-10-03 21:43:00",137,14.939,1
45202,"2023-10-03 21:44:00",138,14.852,1
45202,"2023-10-03 21:45:00",139,14.765,1
45202,"2023-10-03 21:46:00",140,14.678,1
45202,"2023-10-03 21:47:00",141,14.591,1
45202,"2023-10-03 21:48:00",142,14.504,1
45202,"2023-10-03 21:49:00",143,14.417,1
45202,"2023-10-03 21:50:00",144,14.330,1
45202,"2023-10-03 21:51:00",145,14.243,1
45202,"2023-10-03 21:52:00",146,14.156,1
45202,"2023-10-03 21:53:00",147,14.069,1
45202,"2023-10-03 21:54:00",148,13.982,1
45202,"2023-10-03 21:55:00",149,13.900,1
45202,"2023-10-03 21:56:00",150,13.827,1
45202,"2023-10-03 21:57:00",151,13.754,1
45202,"2023-10-03 21:58:00",152,13.681,1
45202,"2023-10-03 21:59:00",153,13.608,1
45202,"2023-10-03 22:00:00",154,13.535,1
45202,"2023-10-03 22:01:00",155,13.462,1
45202,"2023-10-03 22:02:00",156,13.389,1
45202,"2023-10-03 22:03:00",157,13.316,1
45202,"2023-10-03 22:04:00",158,13.243,1
45202,"2023-10-03 22:05:00",159,13.170,1
45202,"2023-10-03 22:06:00",160,13.097,1
45202,"2023-10-03 22:07:00",161,13.024,1
45202,"2023-10-03 22:08:00",162,12.951,1
45202,"2023-10-03 22:09:00",163,12.878,1
45202,"2023-10-03 22:10:00",164,12.800,1
45202,"2023-10-03 22:11:00",165,12.760,1
45202,"2023-10-03 22:12:00",166,12.720,1
45202,"2023-10-03 22:13:00",167,12.680,1
45202,"2023-10-03 22:14:00",168,12.640,1
45202,"2023-10-03 22:15:00",169,12.600,1
45202,"2023-10-03 22:16:00",170,12.560,1
45202,"2023-10-03 22:17:00",171,12.520,1
45202,"2023-10-03 22:18:00",172,12.480,1
45202,"2023-10-03 22:19:00",173,12.440,1
45202,"2023-10-03 22:20:00",174,12.400,1
45202,"2023-10-03 22:21:00",175,12.360,1
45202,"2023-10-03 22:22:00",176,12.320,1
45202,"2023-10-03 22:23:00",177,12.280,1
45202,"2023-10-03 22:24:00",178,12.240,1
45202,"2023-10-03 22:25:00",179,12.200,1
45202,"2023-10-03 22:26:00",180,12.233,1
45202,"2023-10-03 22:27:00",181,12.266,1
45202,"2023-10-03 22:28:00",182,12.299,1
45202,"2023-10-03 22:29:00",183,12.332,1
45202,"2023-10-03 22:30:00",184,12.365,1
45202,"2023-10-03 22:31:00",185,12.398,1
45202,"2023-10-03 22:32:00",186,12.431,1
45202,"2023-10-03 22:33:00",187,12.464,1
45202,"2023-10-03 22:34:00",188,12.497,1
45202,"2023-10-03 22:35:00",189,12.530,1
45202,"2023-10-03 22:36:00",190,12.563,1
45202,"2023-10-03 22:37:00",191,12.596,1
45202,"2023-10-03 22:38:00",192,12.629,1
45202,"2023-10-03 22:39:00",193,12.662,1
45202,"2023-10-03 22:40:00",194,12.695,1
45202,"2023-10-03 22:41:00",195,12.728,1
45202,"2023-10-03 22:42:00",196,12.761,1
45202,"2023-10-03 22:43:00",197,12.800,1
45202,"2023-10-03 22:44:00",198,12.800,1
45202,"2023-10-03 22:45:00",199,12.800,1
45202,"2023-10-03 22:46:00",200,12.800,1
45202,"2023-10-03 22:47:00",201,12.800,1
45202,"2023-10-03 22:48:00",202,12.800,1
45202,"2023-10-03 22:49:00",203,12.800,1
45202,"2023-10-03 22:50:00",204,12.800,1
45202,"2023-10-03 22:51:00",205,12.800,1
45202,"2023-10-03 22:52:00",206,12.800,1
45202,"2023-10-03 22:53:00",207,12.800,1
45202,"2023-10-03 22:54:00",208,12.800,1
45202,"2023-10-03 22:55:00",209,12.800,1
45202,"2023-10-03 22:56:00",210,12.800,1
45202,"2023-10-03 22:57:00",211,12.800,1
45202,"2023-10-03 22:58:00",212,12.800,1
45202,"2023-10-03 22:59:00",213,12.727,1
45202,"2023-10-03 23:00:00",214,12.654,1
45202,"2023-10-03 23:01:00",215,12.581,1
45202,"2023-10-03 23:02:00",216,12.508,1
45202,"2023-10-03 23:03:00",217,12.435,1
45202,"2023-10-03 23:04:00",218,12.362,1
45202,"2023-10-03 23:05:00",219,12.289,1
45202,"2023-10-03 23:06:00",220,12.216,1
45202,"2023-10-03 23:07:00",221,12.143,1
45202,"2023-10-03 23:08:00",222,12.070,1
45202,"2023-10-03 23:09:00",223,11.997,1
45202,"2023-10-03 23:10:00",224,11.924,1
45202,"2023-10-03 23:11:00",225,11.851,1
45202,"2023-10-03 23:12:00",226,11.778,1
45202,"2023-10-03 23:13:00",227,11.700,1
45202,"2023-10-03 23:14:00",228,11.640,1
45202,"2023-10-03 23:15:00",229,11.580,1
45202,"2023-10-03 23:16:00",230,11.520,1
45202,"2023-10-03 23:17:00",231,11.460,1
45202,"2023-10-03 23:18:00",232,11.400,1
45202,"2023-10-03 23:19:00",233,11.340,1
45202,"2023-10-03 23:20:00",234,11.280,1
45202,"2023-10-03 23:21:00",235,11.220,1
45202,"2023-10-03 23:22:00",236,11.160,1
45202,"2023-10-03 23:23:00",237,11.100,1
45202,"2023-10-03 23:24:00",238,11.040,1
45202,"2023-10-03 23:25:00",239,10.980,1
45202,"2023-10-03 23:26:00",240,10.920,1
45202,"2023-10-03 23:27:00",241,10.860,1
45202,"2023-10-03 23:28:00",242,10.800,1
45202,"2023-10-03 23:29:00",243,10.740,1
45202,"2023-10-03 23:30:00",244,10.680,1
45202,"2023-10-03 23:31:00",245,10.620,1
45202,"2023-10-03 23:32:00",246,10.560,1
45202,"2023-10-03 23:33:00",247,10.500,1
45202,"2023-10-03 23:34:00",248,10.440,1
45202,"2023-10-03 23:35:00",249,10.380,1
45202,"2023-10-03 23:36:00",250,10.320,1
45202,"2023-10-03 23:37:00",251,10.260,1
45202,"2023-10-03 23:38:00",252,10.200,1
45202,"2023-10-03 23:39:00",253,10.140,1
45202,"2023-10-03 23:40:00",254,10.080,1
45202,"2023-10-03 23:41:00",255,10.020,1
45202,"2023-10-03 23:42:00",256,9.960,1
45202,"2023-10-03 23:43:00",257,9.900,1
45202,"2023-10-03 23:44:00",258,9.847,1
45202,"2023-10-03 23:45:00",259,9.794,1
45202,"2023-10-03 23:46:00",260,9.741,1
45202,"2023-10-03 23:47:00",261,9.688,1
45202,"2023-10-03 23:48:00",262,9.635,1
45202,"2023-10-03 23:49:00",263,9.582,1
45202,"2023-10-03 23:50:00",264,9.529,1
45202,"2023-10-03 23:51:00",265,9.476,1
45202,"2023-10-03 23:52:00",266,9.423,1
45202,"2023-10-03 23:53:00",267,9.370,1
45202,"2023-10-03 23:54:00",268,9.317,1
45202,"2023-10-03 23:55:00",269,9.264,1
45202,"2023-10-03 23:56:00",270,9.211,1
45202,"2023-10-03 23:57:00",271,9.158,1
45202,"2023-10-03 23:58:00",272,9.100,1
45202,"2023-10-03 23:59:00",273,9.040,1
45202,"2023-10-04 00:00:00",274,8.980,1
45202,"2023-10-04 00:01:00",275,8.920,1
45202,"2023-10-04 00:02:00",276,8.860,1
45202,"2023-10-04 00:03:00",277,8.800,1
45202,"2023-10-04 00:04:00",278,8.740,1
45202,"2023-10-04 00:05:00",279,8.680,1
45202,"2023-10-04 00:06:00",280,8.620,1
45202,"2023-10-04 00:07:00",281,8.560,1
45202,"2023-10-04 00:08:00",282,8.500,1
45202,"2023-10-04 00:09:00",283,8.440,1
45202,"2023-10-04 00:10:00",284,8.380,1
45202,"2023-10-04 00:11:00",285,8.320,1
45202,"2023-10-04 00:12:00",286,8.260,1
45202,"2023-10-04 00:13:00",287,8.200,1
45202,"2023-10-04 00:14:00",288,8.133,1
45202,"2023-10-04 00:15:00",289,8.066,1
45202,"2023-10-04 00:16:00",290,7.999,1
45202,"2023-10-04 00:17:00",291,7.932,1
45202,"2023-10-04 00:18:00",292,7.865,1
45202,"2023-10-04 00:19:00",293,7.798,1
45202,"2023-10-04 00:20:00",294,7.731,1
45202,"2023-10-04 00:21:00",295,7.664,1
45202,"2023-10-04 00:22:00",296,7.597,1
45202,"2023-10-04 00:23:00",297,7.530,1
45202,"2023-10-04 00:24:00",298,7.463,1
45202,"2023-10-04 00:25:00",299,7.396,1
45202,"2023-10-04 00:26:00",300,7.329,1
45202,"2023-10-04 00:27:00",301,7.262,1
45202,"2023-10-04 00:28:00",302,7.200,1
45202,"2023-10-04 00:29:00",303,7.133,1
45202,"2023-10-04 00:30:00",304,7.066,1
45202,"2023-10-04 00:31:00",305,6.999,1
45202,"2023-10-04 00:32:00",306,6.932,1
45202,"2023-10-04 00:33:00",307,6.865,1
45202,"2023-10-04 00:34:00",308,6.798,1
45202,"2023-10-04 00:35:00",309,6.731,1
45202,"2023-10-04 00:36:00",310,6.664,1
45202,"2023-10-04 00:37:00",311,6.597,1
45202,"2023-10-04 00:38:00",312,6.530,1
45202,"2023-10-04 00:39:00",313,6.463,1
45202,"2023-10-04 00:40:00",314,6.396,1
45202,"2023-10-04 00:41:00",315,6.329,1
45202,"2023-10-04 00:42:00",316,6.262,1
45202,"2023-10-04 00:43:00",317,6.200,1
45202,"2023-10-04 00:44:00",318,6.180,1
45202,"2023-10-04 00:45:00",319,6.160,1
45202,"2023-10-04 00:46:00",320,6.140,1
45202,"2023-10-04 00:47:00",321,6.120,1
45202,"2023-10-04 00:48:00",322,6.100,1
45202,"2023-10-04 00:49:00",323,6.080,1
45202,"2023-10-04 00:50:00",324,6.060,1
45202,"2023-10-04 00:51:00",325,6.040,1
45202,"2023-10-04 00:52:00",326,6.020,1
45202,"2023-10-04 00:53:00",327,6.000,1
45202,"2023-10-04 00:54:00",328,5.980,1
45202,"2023-10-04 00:55:00",329,5.960,1
45202,"2023-10-04 00:56:00",330,5.940,1
45202,"2023-10-04 00:57:00",331,5.920,1
45202,"2023-10-04 00:58:00",332,5.900,1
45202,"2023-10-04 00:59:00",333,5.900,1
45202,"2023-10-04 01:00:00",334,5.900,1
45202,"2023-10-04 01:01:00",335,5.900,1
45202,"2023-10-04 01:02:00",336,5.900,1
45202,"2023-10-04 01:03:00",337,5.900,1
45202,"2023-10-04 01:04:00",338,5.900,1
45202,"2023-10-04 01:05:00",339,5.900,1
45202,"2023-10-04 01:06:00",340,5.900,1
45202,"2023-10-04 01:07:00",341,5.900,1
45202,"2023-10-04 01:08:00",342,5.900,1
45202,"2023-10-04 01:09:00",343,5.900,1
45202,"2023-10-04 01:10:00",344,5.900,1
45202,"2023-10-04 01:11:00",345,5.900,1
45202,"2023-10-04 01:12:00",346,5.900,1
45202,"2023-10-04 01:13:00",347,5.900,1
45202,"2023-10-04 01:14:00",348,5.940,1
45202,"2023-10-04 01:15:00",349,5.980,1
45202,"2023-10-04 01:16:00",350,6.020,1
45202,"2023-10-04 01:17:00",351,6.060,1
45202,"2023-10-04 01:18:00",352,6.100,1
45202,"2023-10-04 01:19:00",353,6.140,1
45202,"2023-10-04 01:20:00",354,6.180,1
45202,"2023-10-04 01:21:00",355,6.220,1
45202,"2023-10-04 01:22:00",356,6.260,1
45202,"2023-10-04 01:23:00",357,6.300,1
45202,"2023-10-04 01:24:00",358,6.340,1
45202,"2023-10-04 01:25:00",359,6.380,1
45202,"2023-10-04 01:26:00",360,6.420,1
45202,"2023-10-04 01:27:00",361,6.460,1
45202,"2023-10-04 01:28:00",362,6.500,1
45202,"2023-10-04 01:29:00",363,6.547,1
45202,"2023-10-04 01:30:00",364,6.594,1
45202,"2023-10-04 01:31:00",365,6.641,1
45202,"2023-10-04 01:32:00",366,6.688,1
45202,"2023-10-04 01:33:00",367,6.735,1
45202,"2023-10-04 01:34:00",368,6.782,1
45202,"2023-10-04 01:35:00",369,6.829,1
45202,"2023-10-04 01:36:00",370,6.876,1
45202,"2023-10-04 01:37:00",371,6.923,1
45202,"2023-10-04 01:38:00",372,6.970,1
45202,"2023-10-04 01:39:00",373,7.017,1
45202,"2023-10-04 01:40:00",374,7.064,1
45202,"2023-10-04 01:41:00",375,7.111,1
45202,"2023-10-04 01:42:00",376,7.158,1
45202,"2023-10-04 01:43:00",377,7.200,1
45202,"2023-10-04 01:44:00",378,7.187,1
45202,"2023-10-04 01:45:00",379,7.174,1
45202,"2023-10-04 01:46:00",380,7.161,1
45202,"2023-10-04 01:47:00",381,7.148,1
45202,"2023-10-04 01:48:00",382,7.135,1
45202,"2023-10-04 01:49:00",383,7.122,1
45202,"2023-10-04 01:50:00",384,7.109,1
45202,"2023-10-04 01:51:00",385,7.096,1
45202,"2023-10-04 01:52:00",386,7.083,1
45202,"2023-10-04 01:53:00",387,7.070,1
45202,"2023-10-04 01:54:00",388,7.057,1
45202,"2023-10-04 01:55:00",389,7.044,1
45202,"2023-10-04 01:56:00",390,7.031,1
45202,"2023-10-04 01:57:00",391,7.018,1
45202,"2023-10-04 01:58:00",392,7.000,1
45202,"2023-10-04 01:59:00",393,6.993,1
45202,"2023-10-04 02:00:00",394,6.986,1
45202,"2023-10-04 02:01:00",395,6.979,1
45202,"2023-10-04 02:02:00",396,6.972,1
45202,"2023-10-04 02:03:00",397,6.965,1
45202,"2023-10-04 02:04:00",398,6.958,1
45202,"2023-10-04 02:05:00",399,6.951,1
45202,"2023-10-04 02:06:00",400,6.944,1
45202,"2023-10-04 02:07:00",401,6.937,1
45202,"2023-10-04 02:08:00",402,6.930,1
45202,"2023-10-04 02:09:00",403,6.923,1
45202,"2023-10-04 02:10:00",404,6.916,1
45202,"2023-10-04 02:11:00",405,6.909,1
45202,"2023-10-04 02:12:00",406,6.902,1
45202,"2023-10-04 02:13:00",407,6.900,1
45202,"2023-10-04 02:14:00",408,6.900,1
45202,"2023-10-04 02:15:00",409,6.900,1
45202,"2023-10-04 02:16:00",410,6.900,1
45202,"2023-10-04 02:17:00",411,6.900,1
45202,"2023-10-04 02:18:00",412,6.900,1
45202,"2023-10-04 02:19:00",413,6.900,1
45202,"2023-10-04 02:20:00",414,6.900,1
45202,"2023-10-04 02:21:00",415,6.900,1
45202,"2023-10-04 02:22:00",416,6.900,1
45202,"2023-10-04 02:23:00",417,6.900,1
45202,"2023-10-04 02:24:00",418,6.900,1
45202,"2023-10-04 02:25:00",419,6.900,1
45202,"2023-10-04 02:26:00",420,6.900,1
45202,"2023-10-04 02:27:00",421,6.900,1
45202,"2023-10-04 02:28:00",422,6.900,1
45202,"2023-10-04 02:29:00",423,6.887,1
45202,"2023-10-04 02:30:00",424,6.874,1
45202,"2023-10-04 02:31:00",425,6.861,1
45202,"2023-10-04 02:32:00",426,6.848,1
45202,"2023-10-04 02:33:00",427,6.835,1
45202,"2023-10-04 02:34:00",428,6.822,1
45202,"2023-10-04 02:35:00",429,6.809,1
45202,"2023-10-04 02:36:00",430,6.796,1
45202,"2023-10-04 02:37:00",431,6.783,1
45202,"2023-10-04 02:38:00",432,6.770,1
45202,"2023-10-04 02:39:00",433,6.757,1
45202,"2023-10-04 02:40:00",434,6.744,1
45202,"2023-10-04 02:41:00",435,6.731,1
45202,"2023-10-04 02:42:00",436,6.718,1
45202,"2023-10-04 02:43:00",437,6.700,1
45202,"2023-10-04 02:44:00",438,6.680,1
45202,"2023-10-04 02:45:00",439,6.660,1
45202,"2023-10-04 02:46:00",440,6.640,1
45202,"2023-10-04 02:47:00",441,6.620,1
45202,"2023-10-04 02:48:00",442,6.600,1
45202,"2023-10-04 02:49:00",443,6.580,1
45202,"2023-10-04 02:50:00",444,6.560,1
45202,"2023-10-04 02:51:00",445,6.540,1
45202,"2023-10-04 02:52:00",446,6.520,1
45202,"2023-10-04 02:53:00",447,6.500,1
45202,"2023-10-04 02:54:00",448,6.480,1
45202,"2023-10-04 02:55:00",449,6.460,1
45202,"2023-10-04 02:56:00",450,6.440,1
45202,"2023-10-04 02:57:00",451,6.420,1
45202,"2023-10-04 02:58:00",452,6.400,1
45202,"2023-10-04 02:59:00",453,6.387,1
45202,"2023-10-04 03:00:00",454,6.374,1
45202,"2023-10-04 03:01:00",455,6.361,1
45202,"2023-10-04 03:02:00",456,6.348,1
45202,"2023-10-04 03:03:00",457,6.335,1
45202,"2023-10-04 03:04:00",458,6.322,1
45202,"2023-10-04 03:05:00",459,6.309,1
45202,"2023-10-04 03:06:00",460,6.296,1
45202,"2023-10-04 03:07:00",461,6.283,1
45202,"2023-10-04 03:08:00",462,6.270,1
45202,"2023-10-04 03:09:00",463,6.257,1
45202,"2023-10-04 03:10:00",464,6.244,1
45202,"2023-10-04 03:11:00",465,6.231,1
45202,"2023-10-04 03:12:00",466,6.218,1
45202,"2023-10-04 03:13:00",467,6.200,1
45202,"2023-10-04 03:14:00",468,6.180,1
45202,"2023-10-04 03:15:00",469,6.160,1
45202,"2023-10-04 03:16:00",470,6.140,1
45202,"2023-10-04 03:17:00",471,6.120,1
45202,"2023-10-04 03:18:00",472,6.100,1
45202,"2023-10-04 03:19:00",473,6.080,1
45202,"2023-10-04 03:20:00",474,6.060,1
45202,"2023-10-04 03:21:00",475,6.040,1
45202,"2023-10-04 03:22:00",476,6.020,1
45202,"2023-10-04 03:23:00",477,6.000,1
45202,"2023-10-04 03:24:00",478,5.980,1
45202,"2023-10-04 03:25:00",479,5.960,1
45208,"2023-10-09 19:38:00",0,4.335,1
45208,"2023-10-09 19:39:00",1,4.402,1
45208,"2023-10-09 19:40:00",2,4.469,1
45208,"2023-10-09 19:41:00",3,4.536,1
45208,"2023-10-09 19:42:00",4,4.603,1
45208,"2023-10-09 19:43:00",5,4.670,1
45208,"2023-10-09 19:44:00",6,4.737,1
45208,"2023-10-09 19:45:00",7,4.804,1
45208,"2023-10-09 19:46:00",8,4.871,1
45208,"2023-10-09 19:47:00",9,4.938,1
45208,"2023-10-09 19:48:00",10,5.000,1
45208,"2023-10-09 19:49:00",11,5.127,1
45208,"2023-10-09 19:50:00",12,5.254,1
45208,"2023-10-09 19:51:00",13,5.381,1
45208,"2023-10-09 19:52:00",14,5.508,1
45208,"2023-10-09 19:53:00",15,5.635,1
45208,"2023-10-09 19:54:00",16,5.762,1
45208,"2023-10-09 19:55:00",17,5.889,1
45208,"2023-10-09 19:56:00",18,6.016,1
45208,"2023-10-09 19:57:00",19,6.143,1
45208,"2023-10-09 19:58:00",20,6.270,1
45208,"2023-10-09 19:59:00",21,6.397,1
45208,"2023-10-09 20:00:00",22,6.524,1
45208,"2023-10-09 20:01:00",23,6.651,1
45208,"2023-10-09 20:02:00",24,6.778,1
45208,"2023-10-09 20:03:00",25,6.900,1
45208,"2023-10-09 20:04:00",26,7.020,1
45208,"2023-10-09 20:05:00",27,7.140,1
45208,"2023-10-09 20:06:00",28,7.260,1
45208,"2023-10-09 20:07:00",29,7.380,1
45208,"2023-10-09 20:08:00",30,7.500,1
45208,"2023-10-09 20:09:00",31,7.620,1
45208,"2023-10-09 20:10:00",32,7.740,1
45208,"2023-10-09 20:11:00",33,7.860,1
45208,"2023-10-09 20:12:00",34,7.980,1
45208,"2023-10-09 20:13:00",35,8.100,1
45208,"2023-10-09 20:14:00",36,8.220,1
45208,"2023-10-09 20:15:00",37,8.340,1
45208,"2023-10-09 20:16:00",38,8.460,1
45208,"2023-10-09 20:17:00",39,8.580,1
45208,"2023-10-09 20:18:00",40,8.700,1
45208,"2023-10-09 20:19:00",41,8.753,1
45208,"2023-10-09 20:20:00",42,8.806,1
45208,"2023-10-09 20:21:00",43,8.859,1
45208,"2023-10-09 20:22:00",44,8.912,1
45208,"2023-10-09 20:23:00",45,8.965,1
45208,"2023-10-09 20:24:00",46,9.018,1
45208,"2023-10-09 20:25:00",47,9.071,1
45208,"2023-10-09 20:26:00",48,9.124,1
45208,"2023-10-09 20:27:00",49,9.177,1
45208,"2023-10-09 20:28:00",50,9.230,1
45208,"2023-10-09 20:29:00",51,9.283,1
45208,"2023-10-09 20:30:00",52,9.336,1
45208,"2023-10-09 20:31:00",53,9.389,1
45208,"2023-10-09 20:32:00",54,9.442,1
45208,"2023-10-09 20:33:00",55,9.500,1
45208,"2023-10-09 20:34:00",56,9.540,1
45208,"2023-10-09 20:35:00",57,9.580,1
45208,"2023-10-09 20:36:00",58,9.620,1
45208,"2023-10-09 20:37:00",59,9.660,1
45208,"2023-10-09 20:38:00",60,9.700,1
45208,"2023-10-09 20:39:00",61,9.740,1
45208,"2023-10-09 20:40:00",62,9.780,1
45208,"2023-10-09 20:41:00",63,9.820,1
45208,"2023-10-09 20:42:00",64,9.860,1
45208,"2023-10-09 20:43:00",65,9.900,1
45208,"2023-10-09 20:44:00",66,9.940,1
45208,"2023-10-09 20:45:00",67,9.980,1
45208,"2023-10-09 20:46:00",68,10.020,1
45208,"2023-10-09 20:47:00",69,10.060,1
45208,"2023-10-09 20:48:00",70,10.100,1
45208,"2023-10-09 20:49:00",71,10.069,1
45208,"2023-10-09 20:50:00",72,10.038,1
45208,"2023-10-09 20:51:00",73,10.007,1
45208,"2023-10-09 20:52:00",74,9.976,1
45208,"2023-10-09 20:53:00",75,9.945,1
45208,"2023-10-09 20:54:00",76,9.914,1
45208,"2023-10-09 20:55:00",77,9.883,1
45208,"2023-10-09 20:56:00",78,9.852,1
45208,"2023-10-09 20:57:00",79,9.821,1
45208,"2023-10-09 20:58:00",80,9.790,1
45208,"2023-10-09 20:59:00",81,9.759,1
45208,"2023-10-09 21:00:00",82,9.728,1
45208,"2023-10-09 21:01:00",83,9.697,1
45208,"2023-10-09 21:02:00",84,9.666,1
45208,"2023-10-09 21:03:00",85,9.635,1
45208,"2023-10-09 21:04:00",86,9.600,1
45208,"2023-10-09 21:05:00",87,9.544,1
45208,"2023-10-09 21:06:00",88,9.488,1
45208,"2023-10-09 21:07:00",89,9.432,1
45208,"2023-10-09 21:08:00",90,9.376,1
45208,"2023-10-09 21:09:00",91,9.320,1
45208,"2023-10-09 21:10:00",92,9.264,1
45208,"2023-10-09 21:11:00",93,9.208,1
45208,"2023-10-09 21:12:00",94,9.152,1
45208,"2023-10-09 21:13:00",95,9.096,1
45208,"2023-10-09 21:14:00",96,9.040,1
45208,"2023-10-09 21:15:00",97,8.984,1
45208,"2023-10-09 21:16:00",98,8.928,1
45208,"2023-10-09 21:17:00",99,8.872,1
45208,"2023-10-09 21:18:00",100,8.816,1
45208,"2023-10-09 21:19:00",101,8.760,1
45208,"2023-10-09 21:20:00",102,8.704,1
45208,"2023-10-09 21:21:00",103,8.648,1
45208,"2023-10-09 21:22:00",104,8.600,1
45208,"2023-10-09 21:23:00",105,8.600,1
45208,"2023-10-09 21:24:00",106,8.600,1
45208,"2023-10-09 21:25:00",107,8.600,1
45208,"2023-10-09 21:26:00",108,8.600,1
45208,"2023-10-09 21:27:00",109,8.600,1
45208,"2023-10-09 21:28:00",110,8.600,1
45208,"2023-10-09 21:29:00",111,8.600,1
45208,"2023-10-09 21:30:00",112,8.600,1
45208,"2023-10-09 21:31:00",113,8.600,1
45208,"2023-10-09 21:32:00",114,8.600,1
45208,"2023-10-09 21:33:00",115,8.600,1
45208,"2023-10-09 21:34:00",116,8.600,1
45208,"2023-10-09 21:35:00",117,8.600,1
45208,"2023-10-09 21:36:00",118,8.600,1
45208,"2023-10-09 21:37:00",119,8.600,1
45208,"2023-10-09 21:38:00",120,8.600,1
45208,"2023-10-09 21:39:00",121,8.600,1
45208,"2023-10-09 21:40:00",122,8.600,1
45208,"2023-10-09 21:41:00",123,8.600,1
45208,"2023-10-09 21:42:00",124,8.600,1
45208,"2023-10-09 21:43:00",125,8.600,1
45208,"2023-10-09 21:44:00",126,8.600,1
45208,"2023-10-09 21:45:00",127,8.600,1
45208,"2023-10-09 21:46:00",128,8.600,1
45208,"2023-10-09 21:47:00",129,8.600,1
45208,"2023-10-09 21:48:00",130,8.600,1
45208,"2023-10-09 21:49:00",131,8.600,1
45208,"2023-10-09 21:50:00",132,8.600,1
45208,"2023-10-09 21:51:00",133,8.600,1
45208,"2023-10-09 21:52:00",134,8.600,1
45208,"2023-10-09 21:53:00",135,8.580,1
45208,"2023-10-09 21:54:00",136,8.560,1
45208,"2023-10-09 21:55:00",137,8.540,1
45208,"2023-10-09 21:56:00",138,8.520,1
45208,"2023-10-09 21:57:00",139,8.500,1
45208,"2023-10-09 21:58:00",140,8.480,1
45208,"2023-10-09 21:59:00",141,8.460,1
45208,"2023-10-09 22:00:00",142,8.440,1
45208,"2023-10-09 22:01:00",143,8.420,1
45208,"2023-10-09 22:02:00",144,8.400,1
45208,"2023-10-09 22:03:00",145,8.380,1
45208,"2023-10-09 22:04:00",146,8.360,1
45208,"2023-10-09 22:05:00",147,8.340,1
45208,"2023-10-09 22:06:00",148,8.320,1
45208,"2023-10-09 22:07:00",149,8.300,1
45208,"2023-10-09 22:08:00",150,8.313,1
45208,"2023-10-09 22:09:00",151,8.326,1
45208,"2023-10-09 22:10:00",152,8.339,1
45208,"2023-10-09 22:11:00",153,8.352,1
45208,"2023-10-09 22:12:00",154,8.365,1
45208,"2023-10-09 22:13:00",155,8.378,1
45208,"2023-10-09 22:14:00",156,8.391,1
45208,"2023-10-09 22:15:00",157,8.404,1
45208,"2023-10-09 22:16:00",158,8.417,1
45208,"2023-10-09 22:17:00",159,8.430,1
45208,"2023-10-09 22:18:00",160,8.443,1
45208,"2023-10-09 22:19:00",161,8.456,1
45208,"2023-10-09 22:20:00",162,8.469,1
45208,"2023-10-09 22:21:00",163,8.482,1
45208,"2023-10-09 22:22:00",164,8.500,1
45208,"2023-10-09 22:23:00",165,8.547,1
45208,"2023-10-09 22:24:00",166,8.594,1
45208,"2023-10-09 22:25:00",167,8.641,1
45208,"2023-10-09 22:26:00",168,8.688,1
45208,"2023-10-09 22:27:00",169,8.735,1
45208,"2023-10-09 22:28:00",170,8.782,1
45208,"2023-10-09 22:29:00",171,8.829,1
45208,"2023-10-09 22:30:00",172,8.876,1
45208,"2023-10-09 22:31:00",173,8.923,1
45208,"2023-10-09 22:32:00",174,8.970,1
45208,"2023-10-09 22:33:00",175,9.017,1
45208,"2023-10-09 22:34:00",176,9.064,1
45208,"2023-10-09 22:35:00",177,9.111,1
45208,"2023-10-09 22:36:00",178,9.158,1
45208,"2023-10-09 22:37:00",179,9.200,1
45208,"2023-10-09 22:38:00",180,9.160,1
45208,"2023-10-09 22:39:00",181,9.120,1
45208,"2023-10-09 22:40:00",182,9.080,1
45208,"2023-10-09 22:41:00",183,9.040,1
45208,"2023-10-09 22:42:00",184,9.000,1
45208,"2023-10-09 22:43:00",185,8.960,1
45208,"2023-10-09 22:44:00",186,8.920,1
45208,"2023-10-09 22:45:00",187,8.880,1
45208,"2023-10-09 22:46:00",188,8.840,1
45208,"2023-10-09 22:47:00",189,8.800,1
45208,"2023-10-09 22:48:00",190,8.760,1
45208,"2023-10-09 22:49:00",191,8.720,1
45208,"2023-10-09 22:50:00",192,8.680,1
45208,"2023-10-09 22:51:00",193,8.640,1
45208,"2023-10-09 22:52:00",194,8.600,1
45208,"2023-10-09 22:53:00",195,8.487,1
45208,"2023-10-09 22:54:00",196,8.374,1
45208,"2023-10-09 22:55:00",197,8.261,1
45208,"2023-10-09 22:56:00",198,8.148,1
45208,"2023-10-09 22:57:00",199,8.035,1
45208,"2023-10-09 22:58:00",200,7.922,1
45208,"2023-10-09 22:59:00",201,7.809,1
45208,"2023-10-09 23:00:00",202,7.696,1
45208,"2023-10-09 23:01:00",203,7.583,1
45208,"2023-10-09 23:02:00",204,7.470,1
45208,"2023-10-09 23:03:00",205,7.357,1
45208,"2023-10-09 23:04:00",206,7.244,1
45208,"2023-10-09 23:05:00",207,7.131,1
45208,"2023-10-09 23:06:00",208,7.018,1
45208,"2023-10-09 23:07:00",209,6.900,1
45208,"2023-10-09 23:08:00",210,6.827,1
45208,"2023-10-09 23:09:00",211,6.754,1
45208,"2023-10-09 23:10:00",212,6.681,1
45208,"2023-10-09 23:11:00",213,6.608,1
45208,"2023-10-09 23:12:00",214,6.535,1
45208,"2023-10-09 23:13:00",215,6.462,1
45208,"2023-10-09 23:14:00",216,6.389,1
45208,"2023-10-09 23:15:00",217,6.316,1
45208,"2023-10-09 23:16:00",218,6.243,1
45208,"2023-10-09 23:17:00",219,6.170,1
45208,"2023-10-09 23:18:00",220,6.097,1
45208,"2023-10-09 23:19:00",221,6.024,1
45208,"2023-10-09 23:20:00",222,5.951,1
45208,"2023-10-09 23:21:00",223,5.878,1
45208,"2023-10-09 23:22:00",224,5.800,1
45208,"2023-10-09 23:23:00",225,5.780,1
45208,"2023-10-09 23:24:00",226,5.760,1
45208,"2023-10-09 23:25:00",227,5.740,1
45208,"2023-10-09 23:26:00",228,5.720,1
45208,"2023-10-09 23:27:00",229,5.700,1
45208,"2023-10-09 23:28:00",230,5.680,1
45208,"2023-10-09 23:29:00",231,5.660,1
45208,"2023-10-09 23:30:00",232,5.640,1
45208,"2023-10-09 23:31:00",233,5.620,1
45208,"2023-10-09 23:32:00",234,5.600,1
45208,"2023-10-09 23:33:00",235,5.580,1
45208,"2023-10-09 23:34:00",236,5.560,1
45208,"2023-10-09 23:35:00",237,5.540,1
45208,"2023-10-09 23:36:00",238,5.520,1
45208,"2023-10-09 23:37:00",239,5.500,1
45208,"2023-10-09 23:38:00",240,5.487,1
45208,"2023-10-09 23:39:00",241,5.474,1
45208,"2023-10-09 23:40:00",242,5.461,1
45208,"2023-10-09 23:41:00",243,5.448,1
45208,"2023-10-09 23:42:00",244,5.435,1
45208,"2023-10-09 23:43:00",245,5.422,1
45208,"2023-10-09 23:44:00",246,5.409,1
45208,"2023-10-09 23:45:00",247,5.396,1
45208,"2023-10-09 23:46:00",248,5.383,1
45208,"2023-10-09 23:47:00",249,5.370,1
45208,"2023-10-09 23:48:00",250,5.357,1
45208,"2023-10-09 23:49:00",251,5.344,1
45208,"2023-10-09 23:50:00",252,5.331,1
45208,"2023-10-09 23:51:00",253,5.318,1
45208,"2023-10-09 23:52:00",254,5.300,1
45208,"2023-10-09 23:53:00",255,5.273,1
45208,"2023-10-09 23:54:00",256,5.246,1
45208,"2023-10-09 23:55:00",257,5.219,1
45208,"2023-10-09 23:56:00",258,5.192,1
45208,"2023-10-09 23:57:00",259,5.165,1
45208,"2023-10-09 23:58:00",260,5.138,1
45208,"2023-10-09 23:59:00",261,5.111,1
45208,"2023-10-10 00:00:00",262,5.084,1
45208,"2023-10-10 00:01:00",263,5.057,1
45208,"2023-10-10 00:02:00",264,5.030,1
45208,"2023-10-10 00:03:00",265,5.003,1
45208,"2023-10-10 00:04:00",266,4.976,1
45208,"2023-10-10 00:05:00",267,4.949,1
45208,"2023-10-10 00:06:00",268,4.922,1
45208,"2023-10-10 00:07:00",269,4.900,1
45208,"2023-10-10 00:08:00",270,4.867,1
45208,"2023-10-10 00:09:00",271,4.834,1
45208,"2023-10-10 00:10:00",272,4.801,1
45208,"2023-10-10 00:11:00",273,4.768,1
45208,"2023-10-10 00:12:00",274,4.735,1
45208,"2023-10-10 00:13:00",275,4.702,1
45208,"2023-10-10 00:14:00",276,4.669,1
45208,"2023-10-10 00:15:00",277,4.636,1
45208,"2023-10-10 00:16:00",278,4.603,1
45208,"2023-10-10 00:17:00",279,4.570,1
45208,"2023-10-10 00:18:00",280,4.537,1
45208,"2023-10-10 00:19:00",281,4.504,1
45208,"2023-10-10 00:20:00",282,4.471,1
45208,"2023-10-10 00:21:00",283,4.438,1
45208,"2023-10-10 00:22:00",284,4.400,1
45208,"2023-10-10 00:23:00",285,4.387,1
45208,"2023-10-10 00:24:00",286,4.374,1
45208,"2023-10-10 00:25:00",287,4.361,1
45208,"2023-10-10 00:26:00",288,4.348,1
45208,"2023-10-10 00:27:00",289,4.335,1
45208,"2023-10-10 00:28:00",290,4.322,1
45208,"2023-10-10 00:29:00",291,4.309,1
45208,"2023-10-10 00:30:00",292,4.296,1
45208,"2023-10-10 00:31:00",293,4.283,1
45208,"2023-10-10 00:32:00",294,4.270,1
45208,"2023-10-10 00:33:00",295,4.257,1
45208,"2023-10-10 00:34:00",296,4.244,1
45208,"2023-10-10 00:35:00",297,4.231,1
45208,"2023-10-10 00:36:00",298,4.218,1
45208,"2023-10-10 00:37:00",299,4.200,1
45208,"2023-10-10 00:38:00",300,4.193,1
45208,"2023-10-10 00:39:00",301,4.186,1
45208,"2023-10-10 00:40:00",302,4.179,1
45208,"2023-10-10 00:41:00",303,4.172,1
45208,"2023-10-10 00:42:00",304,4.165,1
45208,"2023-10-10 00:43:00",305,4.158,1
45208,"2023-10-10 00:44:00",306,4.151,1
45208,"2023-10-10 00:45:00",307,4.144,1
45208,"2023-10-10 00:46:00",308,4.137,1
45208,"2023-10-10 00:47:00",309,4.130,1
45208,"2023-10-10 00:48:00",310,4.123,1
45208,"2023-10-10 00:49:00",311,4.116,1
45208,"2023-10-10 00:50:00",312,4.109,1
45208,"2023-10-10 00:51:00",313,4.102,1
45208,"2023-10-10 00:52:00",314,4.100,1
45208,"2023-10-10 00:53:00",315,4.080,1
45208,"2023-10-10 00:54:00",316,4.060,1
45208,"2023-10-10 00:55:00",317,4.040,1
45208,"2023-10-10 00:56:00",318,4.020,1
45208,"2023-10-10 00:57:00",319,4.000,1
45208,"2023-10-10 00:58:00",320,3.980,1
45208,"2023-10-10 00:59:00",321,3.960,1
45208,"2023-10-10 01:00:00",322,3.940,1
45208,"2023-10-10 01:01:00",323,3.920,1
45208,"2023-10-10 01:02:00",324,3.900,1
45208,"2023-10-10 01:03:00",325,3.880,1
45208,"2023-10-10 01:04:00",326,3.860,1
45208,"2023-10-10 01:05:00",327,3.840,1
45208,"2023-10-10 01:06:00",328,3.820,1
45208,"2023-10-10 01:07:00",329,3.800,1
45208,"2023-10-10 01:08:00",330,3.773,1
45208,"2023-10-10 01:09:00",331,3.746,1
45208,"2023-10-10 01:10:00",332,3.719,1
45208,"2023-10-10 01:11:00",333,3.692,1
45208,"2023-10-10 01:12:00",334,3.665,1
45208,"2023-10-10 01:13:00",335,3.638,1
45208,"2023-10-10 01:14:00",336,3.611,1
45208,"2023-10-10 01:15:00",337,3.584,1
45208,"2023-10-10 01:16:00",338,3.557,1
45208,"2023-10-10 01:17:00",339,3.530,1
45208,"2023-10-10 01:18:00",340,3.503,1
45208,"2023-10-10 01:19:00",341,3.476,1
45208,"2023-10-10 01:20:00",342,3.449,1
45208,"2023-10-10 01:21:00",343,3.422,1
45208,"2023-10-10 01:22:00",344,3.400,1
45208,"2023-10-10 01:23:00",345,3.380,1
45208,"2023-10-10 01:24:00",346,3.360,1
45208,"2023-10-10 01:25:00",347,3.340,1
45208,"2023-10-10 01:26:00",348,3.320,1
45208,"2023-10-10 01:27:00",349,3.300,1
45208,"2023-10-10 01:28:00",350,3.280,1
45208,"2023-10-10 01:29:00",351,3.260,1
45208,"2023-10-10 01:30:00",352,3.240,1
45208,"2023-10-10 01:31:00",353,3.220,1
45208,"2023-10-10 01:32:00",354,3.200,1
45208,"2023-10-10 01:33:00",355,3.180,1
45208,"2023-10-10 01:34:00",356,3.160,1
45208,"2023-10-10 01:35:00",357,3.140,1
45208,"2023-10-10 01:36:00",358,3.120,1
45208,"2023-10-10 01:37:00",359,3.100,1
45208,"2023-10-10 01:38:00",360,3.100,1
45208,"2023-10-10 01:39:00",361,3.100,1
45208,"2023-10-10 01:40:00",362,3.100,1
45208,"2023-10-10 01:41:00",363,3.100,1
45208,"2023-10-10 01:42:00",364,3.100,1
45208,"2023-10-10 01:43:00",365,3.100,1
45208,"2023-10-10 01:44:00",366,3.100,1
45208,"2023-10-10 01:45:00",367,3.100,1
45208,"2023-10-10 01:46:00",368,3.100,1
45208,"2023-10-10 01:47:00",369,3.100,1
45208,"2023-10-10 01:48:00",370,3.100,1
45208,"2023-10-10 01:49:00",371,3.100,1
45208,"2023-10-10 01:50:00",372,3.100,1
45208,"2023-10-10 01:51:00",373,3.100,1
45208,"2023-10-10 01:52:00",374,3.100,1
45208,"2023-10-10 01:53:00",375,3.106,1
45208,"2023-10-10 01:54:00",376,3.112,1
45208,"2023-10-10 01:55:00",377,3.118,1
45208,"2023-10-10 01:56:00",378,3.124,1
45208,"2023-10-10 01:57:00",379,3.130,1
45208,"2023-10-10 01:58:00",380,3.136,1
45208,"2023-10-10 01:59:00",381,3.142,1
45208,"2023-10-10 02:00:00",382,3.148,1
45208,"2023-10-10 02:01:00",383,3.154,1
45208,"2023-10-10 02:02:00",384,3.160,1
45208,"2023-10-10 02:03:00",385,3.166,1
45208,"2023-10-10 02:04:00",386,3.172,1
45208,"2023-10-10 02:05:00",387,3.178,1
45208,"2023-10-10 02:06:00",388,3.184,1
45208,"2023-10-10 02:07:00",389,3.190,1
45208,"2023-10-10 02:08:00",390,3.200,1
45208,"2023-10-10 02:09:00",391,3.267,1
45208,"2023-10-10 02:10:00",392,3.334,1
45208,"2023-10-10 02:11:00",393,3.401,1
45208,"2023-10-10 02:12:00",394,3.468,1
45208,"2023-10-10 02:13:00",395,3.535,1
45208,"2023-10-10 02:14:00",396,3.602,1
45208,"2023-10-10 02:15:00",397,3.669,1
45208,"2023-10-10 02:16:00",398,3.736,1
45208,"2023-10-10 02:17:00",399,3.803,1
45208,"2023-10-10 02:18:00",400,3.870,1
45208,"2023-10-10 02:19:00",401,3.937,1
45208,"2023-10-10 02:20:00",402,4.004,1
45208,"2023-10-10 02:21:00",403,4.071,1
45208,"2023-10-10 02:22:00",404,4.138,1
45208,"2023-10-10 02:23:00",405,4.200,1
45208,"2023-10-10 02:24:00",406,4.373,1
45208,"2023-10-10 02:25:00",407,4.546,1
45208,"2023-10-10 02:26:00",408,4.719,1
45208,"2023-10-10 02:27:00",409,4.892,1
45208,"2023-10-10 02:28:00",410,5.065,1
45208,"2023-10-10 02:29:00",411,5.238,1
45208,"2023-10-10 02:30:00",412,5.411,1
45208,"2023-10-10 02:31:00",413,5.584,1
45208,"2023-10-10 02:32:00",414,5.757,1
45208,"2023-10-10 02:33:00",415,5.930,1
45208,"2023-10-10 02:34:00",416,6.103,1
45208,"2023-10-10 02:35:00",417,6.276,1
45208,"2023-10-10 02:36:00",418,6.449,1
45208,"2023-10-10 02:37:00",419,6.622,1
45208,"2023-10-10 02:38:00",420,6.800,1
45208,"2023-10-10 02:39:00",421,6.973,1
45208,"2023-10-10 02:40:00",422,7.146,1
45208,"2023-10-10 02:41:00",423,7.319,1
45208,"2023-10-10 02:42:00",424,7.492,1
45208,"2023-10-10 02:43:00",425,7.665,1
45208,"2023-10-10 02:44:00",426,7.838,1
45208,"2023-10-10 02:45:00",427,8.011,1
45208,"2023-10-10 02:46:00",428,8.184,1
45208,"2023-10-10 02:47:00",429,8.357,1
45208,"2023-10-10 02:48:00",430,8.530,1
45208,"2023-10-10 02:49:00",431,8.703,1
45208,"2023-10-10 02:50:00",432,8.876,1
45208,"2023-10-10 02:51:00",433,9.049,1
45208,"2023-10-10 02:52:00",434,9.222,1
45208,"2023-10-10 02:53:00",435,9.400,1
45208,"2023-10-10 02:54:00",436,9.407,1
45208,"2023-10-10 02:55:00",437,9.414,1
45208,"2023-10-10 02:56:00",438,9.421,1
45208,"2023-10-10 02:57:00",439,9.428,1
45208,"2023-10-10 02:58:00",440,9.435,1
45208,"2023-10-10 02:59:00",441,9.442,1
45208,"2023-10-10 03:00:00",442,9.449,1
45208,"2023-10-10 03:01:00",443,9.456,1
45208,"2023-10-10 03:02:00",444,9.463,1
45208,"2023-10-10 03:03:00",445,9.470,1
45208,"2023-10-10 03:04:00",446,9.477,1
45208,"2023-10-10 03:05:00",447,9.484,1
45208,"2023-10-10 03:06:00",448,9.491,1
45208,"2023-10-10 03:07:00",449,9.498,1
45208,"2023-10-10 03:08:00",450,9.500,1
45208,"2023-10-10 03:09:00",451,9.413,1
45208,"2023-10-10 03:10:00",452,9.326,1
45208,"2023-10-10 03:11:00",453,9.239,1
45208,"2023-10-10 03:12:00",454,9.152,1
45208,"2023-10-10 03:13:00",455,9.065,1
45208,"2023-10-10 03:14:00",456,8.978,1
45208,"2023-10-10 03:15:00",457,8.891,1
45208,"2023-10-10 03:16:00",458,8.804,1
45208,"2023-10-10 03:17:00",459,8.717,1
45208,"2023-10-10 03:18:00",460,8.630,1
45208,"2023-10-10 03:19:00",461,8.543,1
45208,"2023-10-10 03:20:00",462,8.456,1
45208,"2023-10-10 03:21:00",463,8.369,1
45208,"2023-10-10 03:22:00",464,8.282,1
45208,"2023-10-10 03:23:00",465,8.200,1
45208,"2023-10-10 03:24:00",466,8.167,1
45208,"2023-10-10 03:25:00",467,8.134,1
45208,"2023-10-10 03:26:00",468,8.101,1
45208,"2023-10-10 03:27:00",469,8.068,1
45208,"2023-10-10 03:28:00",470,8.035,1
45208,"2023-10-10 03:29:00",471,8.002,1
45208,"2023-10-10 03:30:00",472,7.969,1
45208,"2023-10-10 03:31:00",473,7.936,1
45208,"2023-10-10 03:32:00",474,7.903,1
45208,"2023-10-10 03:33:00",475,7.870,1
45208,"2023-10-10 03:34:00",476,7.837,1
45208,"2023-10-10 03:35:00",477,7.804,1
45208,"2023-10-10 03:36:00",478,7.771,1
45208,"2023-10-10 03:37:00",479,7.738,1
45215,"2023-10-16 18:54:00",0,3.109,1
45215,"2023-10-16 18:55:00",1,3.096,1
45215,"2023-10-16 18:56:00",2,3.083,1
45215,"2023-10-16 18:57:00",3,3.070,1
45215,"2023-10-16 18:58:00",4,3.057,1
45215,"2023-10-16 18:59:00",5,3.044,1
45215,"2023-10-16 19:00:00",6,3.031,1
45215,"2023-10-16 19:01:00",7,3.018,1
45215,"2023-10-16 19:02:00",8,3.000,1
45215,"2023-10-16 19:03:00",9,3.120,1
45215,"2023-10-16 19:04:00",10,3.240,1
45215,"2023-10-16 19:05:00",11,3.360,1
45215,"2023-10-16 19:06:00",12,3.480,1
45215,"2023-10-16 19:07:00",13,3.600,1
45215,"2023-10-16 19:08:00",14,3.720,1
45215,"2023-10-16 19:09:00",15,3.840,1
45215,"2023-10-16 19:10:00",16,3.960,1
45215,"2023-10-16 19:11:00",17,4.080,1
45215,"2023-10-16 19:12:00",18,4.200,1
45215,"2023-10-16 19:13:00",19,4.320,1
45215,"2023-10-16 19:14:00",20,4.440,1
45215,"2023-10-16 19:15:00",21,4.560,1
45215,"2023-10-16 19:16:00",22,4.680,1
45215,"2023-10-16 19:17:00",23,4.800,1
45215,"2023-10-16 19:18:00",24,4.960,1
45215,"2023-10-16 19:19:00",25,5.120,1
45215,"2023-10-16 19:20:00",26,5.280,1
45215,"2023-10-16 19:21:00",27,5.440,1
45215,"2023-10-16 19:22:00",28,5.600,1
45215,"2023-10-16 19:23:00",29,5.760,1
45215,"2023-10-16 19:24:00",30,5.920,1
45215,"2023-10-16 19:25:00",31,6.080,1
45215,"2023-10-16 19:26:00",32,6.240,1
45215,"2023-10-16 19:27:00",33,6.400,1
45215,"2023-10-16 19:28:00",34,6.560,1
45215,"2023-10-16 19:29:00",35,6.720,1
45215,"2023-10-16 19:30:00",36,6.880,1
45215,"2023-10-16 19:31:00",37,7.040,1
45215,"2023-10-16 19:32:00",38,7.200,1
45215,"2023-10-16 19:33:00",39,7.293,1
45215,"2023-10-16 19:34:00",40,7.386,1
45215,"2023-10-16 19:35:00",41,7.479,1
45215,"2023-10-16 19:36:00",42,7.572,1
45215,"2023-10-16 19:37:00",43,7.665,1
45215,"2023-10-16 19:38:00",44,7.758,1
45215,"2023-10-16 19:39:00",45,7.851,1
45215,"2023-10-16 19:40:00",46,7.944,1
45215,"2023-10-16 19:41:00",47,8.037,1
45215,"2023-10-16 19:42:00",48,8.130,1
45215,"2023-10-16 19:43:00",49,8.223,1
45215,"2023-10-16 19:44:00",50,8.316,1
45215,"2023-10-16 19:45:00",51,8.409,1
45215,"2023-10-16 19:46:00",52,8.502,1
45215,"2023-10-16 19:47:00",53,8.600,1
45215,"2023-10-16 19:48:00",54,8.650,1
45215,"2023-10-16 19:49:00",55,8.700,1
45215,"2023-10-16 19:50:00",56,8.750,1
45215,"2023-10-16 19:51:00",57,8.800,1
45215,"2023-10-16 19:52:00",58,8.850,1
45215,"2023-10-16 19:53:00",59,8.900,1
45215,"2023-10-16 19:54:00",60,8.950,1
45215,"2023-10-16 19:55:00",61,9.000,1
45215,"2023-10-16 19:56:00",62,9.050,1
45215,"2023-10-16 19:57:00",63,9.100,1
45215,"2023-10-16 19:58:00",64,9.150,1
45215,"2023-10-16 19:59:00",65,9.200,1
45215,"2023-10-16 20:00:00",66,9.250,1
45215,"2023-10-16 20:01:00",67,9.300,1
45215,"2023-10-16 20:02:00",68,9.350,1
45215,"2023-10-16 20:03:00",69,9.400,1
45215,"2023-10-16 20:04:00",70,9.421,1
45215,"2023-10-16 20:05:00",71,9.442,1
45215,"2023-10-16 20:06:00",72,9.463,1
45215,"2023-10-16 20:07:00",73,9.484,1
45215,"2023-10-16 20:08:00",74,9.505,1
45215,"2023-10-16 20:09:00",75,9.526,1
45215,"2023-10-16 20:10:00",76,9.547,1
45215,"2023-10-16 20:11:00",77,9.568,1
45215,"2023-10-16 20:12:00",78,9.589,1
45215,"2023-10-16 20:13:00",79,9.610,1
45215,"2023-10-16 20:14:00",80,9.631,1
45215,"2023-10-16 20:15:00",81,9.652,1
45215,"2023-10-16 20:16:00",82,9.673,1
45215,"2023-10-16 20:17:00",83,9.700,1
45215,"2023-10-16 20:18:00",84,9.713,1
45215,"2023-10-16 20:19:00",85,9.726,1
45215,"2023-10-16 20:20:00",86,9.739,1
45215,"2023-10-16 20:21:00",87,9.752,1
45215,"2023-10-16 20:22:00",88,9.765,1
45215,"2023-10-16 20:23:00",89,9.778,1
45215,"2023-10-16 20:24:00",90,9.791,1
45215,"2023-10-16 20:25:00",91,9.804,1
45215,"2023-10-16 20:26:00",92,9.817,1
45215,"2023-10-16 20:27:00",93,9.830,1
45215,"2023-10-16 20:28:00",94,9.843,1
45215,"2023-10-16 20:29:00",95,9.856,1
45215,"2023-10-16 20:30:00",96,9.869,1
45215,"2023-10-16 20:31:00",97,9.882,1
45215,"2023-10-16 20:32:00",98,9.895,1
45215,"2023-10-16 20:33:00",99,9.900,1
45215,"2023-10-16 20:34:00",100,9.912,1
45215,"2023-10-16 20:35:00",101,9.924,1
45215,"2023-10-16 20:36:00",102,9.936,1
45215,"2023-10-16 20:37:00",103,9.948,1
45215,"2023-10-16 20:38:00",104,9.960,1
45215,"2023-10-16 20:39:00",105,9.972,1
45215,"2023-10-16 20:40:00",106,9.984,1
45215,"2023-10-16 20:41:00",107,9.996,1
45215,"2023-10-16 20:42:00",108,10.008,1
45215,"2023-10-16 20:43:00",109,10.020,1
45215,"2023-10-16 20:44:00",110,10.032,1
45215,"2023-10-16 20:45:00",111,10.044,1
45215,"2023-10-16 20:46:00",112,10.056,1
45215,"2023-10-16 20:47:00",113,10.068,1
45215,"2023-10-16 20:48:00",114,10.080,1
45215,"2023-10-16 20:49:00",115,10.092,1
45215,"2023-10-16 20:50:00",116,10.104,1
45215,"2023-10-16 20:51:00",117,10.116,1
45215,"2023-10-16 20:52:00",118,10.128,1
45215,"2023-10-16 20:53:00",119,10.140,1
45215,"2023-10-16 20:54:00",120,10.152,1
45215,"2023-10-16 20:55:00",121,10.164,1
45215,"2023-10-16 20:56:00",122,10.176,1
45215,"2023-10-16 20:57:00",123,10.188,1
45215,"2023-10-16 20:58:00",124,10.200,1
45215,"2023-10-16 20:59:00",125,10.212,1
45215,"2023-10-16 21:00:00",126,10.224,1
45215,"2023-10-16 21:01:00",127,10.236,1
45215,"2023-10-16 21:02:00",128,10.248,1
45215,"2023-10-16 21:03:00",129,10.260,1
45215,"2023-10-16 21:04:00",130,10.272,1
45215,"2023-10-16 21:05:00",131,10.284,1
45215,"2023-10-16 21:06:00",132,10.296,1
45215,"2023-10-16 21:07:00",133,10.300,1
45215,"2023-10-16 21:08:00",134,10.267,1
45215,"2023-10-16 21:09:00",135,10.234,1
45215,"2023-10-16 21:10:00",136,10.201,1
45215,"2023-10-16 21:11:00",137,10.168,1
45215,"2023-10-16 21:12:00",138,10.135,1
45215,"2023-10-16 21:13:00",139,10.102,1
45215,"2023-10-16 21:14:00",140,10.069,1
45215,"2023-10-16 21:15:00",141,10.036,1
45215,"2023-10-16 21:16:00",142,10.003,1
45215,"2023-10-16 21:17:00",143,9.970,1
45215,"2023-10-16 21:18:00",144,9.937,1
45215,"2023-10-16 21:19:00",145,9.904,1
45215,"2023-10-16 21:20:00",146,9.871,1
45215,"2023-10-16 21:21:00",147,9.838,1
45215,"2023-10-16 21:22:00",148,9.800,1
45215,"2023-10-16 21:23:00",149,9.793,1
45215,"2023-10-16 21:24:00",150,9.786,1
45215,"2023-10-16 21:25:00",151,9.779,1
45215,"2023-10-16 21:26:00",152,9.772,1
45215,"2023-10-16 21:27:00",153,9.765,1
45215,"2023-10-16 21:28:00",154,9.758,1
45215,"2023-10-16 21:29:00",155,9.751,1
45215,"2023-10-16 21:30:00",156,9.744,1
45215,"2023-10-16 21:31:00",157,9.737,1
45215,"2023-10-16 21:32:00",158,9.730,1
45215,"2023-10-16 21:33:00",159,9.723,1
45215,"2023-10-16 21:34:00",160,9.716,1
45215,"2023-10-16 21:35:00",161,9.709,1
45215,"2023-10-16 21:36:00",162,9.702,1
45215,"2023-10-16 21:37:00",163,9.700,1
45215,"2023-10-16 21:38:00",164,9.633,1
45215,"2023-10-16 21:39:00",165,9.566,1
45215,"2023-10-16 21:40:00",166,9.499,1
45215,"2023-10-16 21:41:00",167,9.432,1
45215,"2023-10-16 21:42:00",168,9.365,1
45215,"2023-10-16 21:43:00",169,9.298,1
45215,"2023-10-16 21:44:00",170,9.231,1
45215,"2023-10-16 21:45:00",171,9.164,1
45215,"2023-10-16 21:46:00",172,9.097,1
45215,"2023-10-16 21:47:00",173,9.030,1
45215,"2023-10-16 21:48:00",174,8.963,1
45215,"2023-10-16 21:49:00",175,8.896,1
45215,"2023-10-16 21:50:00",176,8.829,1
45215,"2023-10-16 21:51:00",177,8.762,1
45215,"2023-10-16 21:52:00",178,8.700,1
45215,"2023-10-16 21:53:00",179,8.607,1
45215,"2023-10-16 21:54:00",180,8.514,1
45215,"2023-10-16 21:55:00",181,8.421,1
45215,"2023-10-16 21:56:00",182,8.328,1
45215,"2023-10-16 21:57:00",183,8.235,1
45215,"2023-10-16 21:58:00",184,8.142,1
45215,"2023-10-16 21:59:00",185,8.049,1
45215,"2023-10-16 22:00:00",186,7.956,1
45215,"2023-10-16 22:01:00",187,7.863,1
45215,"2023-10-16 22:02:00",188,7.770,1
45215,"2023-10-16 22:03:00",189,7.677,1
45215,"2023-10-16 22:04:00",190,7.584,1
45215,"2023-10-16 22:05:00",191,7.491,1
45215,"2023-10-16 22:06:00",192,7.398,1
45215,"2023-10-16 22:07:00",193,7.300,1
45215,"2023-10-16 22:08:00",194,7.220,1
45215,"2023-10-16 22:09:00",195,7.140,1
45215,"2023-10-16 22:10:00",196,7.060,1
45215,"2023-10-16 22:11:00",197,6.980,1
45215,"2023-10-16 22:12:00",198,6.900,1
45215,"2023-10-16 22:13:00",199,6.820,1
45215,"2023-10-16 22:14:00",200,6.740,1
45215,"2023-10-16 22:15:00",201,6.660,1
45215,"2023-10-16 22:16:00",202,6.580,1
45215,"2023-10-16 22:17:00",203,6.500,1
45215,"2023-10-16 22:18:00",204,6.420,1
45215,"2023-10-16 22:19:00",205,6.340,1
45215,"2023-10-16 22:20:00",206,6.260,1
45215,"2023-10-16 22:21:00",207,6.180,1
45215,"2023-10-16 22:22:00",208,6.100,1
45215,"2023-10-16 22:23:00",209,6.067,1
45215,"2023-10-16 22:24:00",210,6.034,1
45215,"2023-10-16 22:25:00",211,6.001,1
45215,"2023-10-16 22:26:00",212,5.968,1
45215,"2023-10-16 22:27:00",213,5.935,1
45215,"2023-10-16 22:28:00",214,5.902,1
45215,"2023-10-16 22:29:00",215,5.869,1
45215,"2023-10-16 22:30:00",216,5.836,1
45215,"2023-10-16 22:31:00",217,5.803,1
45215,"2023-10-16 22:32:00",218,5.770,1
45215,"2023-10-16 22:33:00",219,5.737,1
45215,"2023-10-16 22:34:00",220,5.704,1
45215,"2023-10-16 22:35:00",221,5.671,1
45215,"2023-10-16 22:36:00",222,5.638,1
45215,"2023-10-16 22:37:00",223,5.600,1
45215,"2023-10-16 22:38:00",224,5.620,1
45215,"2023-10-16 22:39:00",225,5.640,1
45215,"2023-10-16 22:40:00",226,5.660,1
45215,"2023-10-16 22:41:00",227,5.680,1
45215,"2023-10-16 22:42:00",228,5.700,1
45215,"2023-10-16 22:43:00",229,5.720,1
45215,"2023-10-16 22:44:00",230,5.740,1
45215,"2023-10-16 22:45:00",231,5.760,1
45215,"2023-10-16 22:46:00",232,5.780,1
45215,"2023-10-16 22:47:00",233,5.800,1
45215,"2023-10-16 22:48:00",234,5.820,1
45215,"2023-10-16 22:49:00",235,5.840,1
45215,"2023-10-16 22:50:00",236,5.860,1
45215,"2023-10-16 22:51:00",237,5.880,1
45215,"2023-10-16 22:52:00",238,5.900,1
45215,"2023-10-16 22:53:00",239,5.933,1
45215,"2023-10-16 22:54:00",240,5.966,1
45215,"2023-10-16 22:55:00",241,5.999,1
45215,"2023-10-16 22:56:00",242,6.032,1
45215,"2023-10-16 22:57:00",243,6.065,1
45215,"2023-10-16 22:58:00",244,6.098,1
45215,"2023-10-16 22:59:00",245,6.131,1
45215,"2023-10-16 23:00:00",246,6.164,1
45215,"2023-10-16 23:01:00",247,6.197,1
45215,"2023-10-16 23:02:00",248,6.230,1
45215,"2023-10-16 23:03:00",249,6.263,1
45215,"2023-10-16 23:04:00",250,6.296,1
45215,"2023-10-16 23:05:00",251,6.329,1
45215,"2023-10-16 23:06:00",252,6.362,1
45215,"2023-10-16 23:07:00",253,6.400,1
45215,"2023-10-16 23:08:00",254,6.387,1
45215,"2023-10-16 23:09:00",255,6.374,1
45215,"2023-10-16 23:10:00",256,6.361,1
45215,"2023-10-16 23:11:00",257,6.348,1
45215,"2023-10-16 23:12:00",258,6.335,1
45215,"2023-10-16 23:13:00",259,6.322,1
45215,"2023-10-16 23:14:00",260,6.309,1
45215,"2023-10-16 23:15:00",261,6.296,1
45215,"2023-10-16 23:16:00",262,6.283,1
45215,"2023-10-16 23:17:00",263,6.270,1
45215,"2023-10-16 23:18:00",264,6.257,1
45215,"2023-10-16 23:19:00",265,6.244,1
45215,"2023-10-16 23:20:00",266,6.231,1
45215,"2023-10-16 23:21:00",267,6.218,1
45215,"2023-10-16 23:22:00",268,6.200,1
45215,"2023-10-16 23:23:00",269,6.173,1
45215,"2023-10-16 23:24:00",270,6.146,1
45215,"2023-10-16 23:25:00",271,6.119,1
45215,"2023-10-16 23:26:00",272,6.092,1
45215,"2023-10-16 23:27:00",273,6.065,1
45215,"2023-10-16 23:28:00",274,6.038,1
45215,"2023-10-16 23:29:00",275,6.011,1
45215,"2023-10-16 23:30:00",276,5.984,1
45215,"2023-10-16 23:31:00",277,5.957,1
45215,"2023-10-16 23:32:00",278,5.930,1
45215,"2023-10-16 23:33:00",279,5.903,1
45215,"2023-10-16 23:34:00",280,5.876,1
45215,"2023-10-16 23:35:00",281,5.849,1
45215,"2023-10-16 23:36:00",282,5.822,1
45215,"2023-10-16 23:37:00",283,5.800,1
45215,"2023-10-16 23:38:00",284,5.780,1
45215,"2023-10-16 23:39:00",285,5.760,1
45215,"2023-10-16 23:40:00",286,5.740,1
45215,"2023-10-16 23:41:00",287,5.720,1
45215,"2023-10-16 23:42:00",288,5.700,1
45215,"2023-10-16 23:43:00",289,5.680,1
45215,"2023-10-16 23:44:00",290,5.660,1
45215,"2023-10-16 23:45:00",291,5.640,1
45215,"2023-10-16 23:46:00",292,5.620,1
45215,"2023-10-16 23:47:00",293,5.600,1
45215,"2023-10-16 23:48:00",294,5.580,1
45215,"2023-10-16 23:49:00",295,5.560,1
45215,"2023-10-16 23:50:00",296,5.540,1
45215,"2023-10-16 23:51:00",297,5.520,1
45215,"2023-10-16 23:52:00",298,5.500,1
45215,"2023-10-16 23:53:00",299,5.473,1
45215,"2023-10-16 23:54:00",300,5.446,1
45215,"2023-10-16 23:55:00",301,5.419,1
45215,"2023-10-16 23:56:00",302,5.392,1
45215,"2023-10-16 23:57:00",303,5.365,1
45215,"2023-10-16 23:58:00",304,5.338,1
45215,"2023-10-16 23:59:00",305,5.311,1
45215,"2023-10-17 00:00:00",306,5.284,1
45215,"2023-10-17 00:01:00",307,5.257,1
45215,"2023-10-17 00:02:00",308,5.230,1
45215,"2023-10-17 00:03:00",309,5.203,1
45215,"2023-10-17 00:04:00",310,5.176,1
45215,"2023-10-17 00:05:00",311,5.149,1
45215,"2023-10-17 00:06:00",312,5.122,1
45215,"2023-10-17 00:07:00",313,5.100,1
45215,"2023-10-17 00:08:00",314,5.073,1
45215,"2023-10-17 00:09:00",315,5.046,1
45215,"2023-10-17 00:10:00",316,5.019,1
45215,"2023-10-17 00:11:00",317,4.992,1
45215,"2023-10-17 00:12:00",318,4.965,1
45215,"2023-10-17 00:13:00",319,4.938,1
45215,"2023-10-17 00:14:00",320,4.911,1
45215,"2023-10-17 00:15:00",321,4.884,1
45215,"2023-10-17 00:16:00",322,4.857,1
45215,"2023-10-17 00:17:00",323,4.830,1
45215,"2023-10-17 00:18:00",324,4.803,1
45215,"2023-10-17 00:19:00",325,4.776,1
45215,"2023-10-17 00:20:00",326,4.749,1
45215,"2023-10-17 00:21:00",327,4.722,1
45215,"2023-10-17 00:22:00",328,4.700,1
45215,"2023-10-17 00:23:00",329,4.667,1
45215,"2023-10-17 00:24:00",330,4.634,1
45215,"2023-10-17 00:25:00",331,4.601,1
45215,"2023-10-17 00:26:00",332,4.568,1
45215,"2023-10-17 00:27:00",333,4.535,1
45215,"2023-10-17 00:28:00",334,4.502,1
45215,"2023-10-17 00:29:00",335,4.469,1
45215,"2023-10-17 00:30:00",336,4.436,1
45215,"2023-10-17 00:31:00",337,4.403,1
45215,"2023-10-17 00:32:00",338,4.370,1
45215,"2023-10-17 00:33:00",339,4.337,1
45215,"2023-10-17 00:34:00",340,4.304,1
45215,"2023-10-17 00:35:00",341,4.271,1
45215,"2023-10-17 00:36:00",342,4.238,1
45215,"2023-10-17 00:37:00",343,4.200,1
45215,"2023-10-17 00:38:00",344,4.180,1
45215,"2023-10-17 00:39:00",345,4.160,1
45215,"2023-10-17 00:40:00",346,4.140,1
45215,"2023-10-17 00:41:00",347,4.120,1
45215,"2023-10-17 00:42:00",348,4.100,1
45215,"2023-10-17 00:43:00",349,4.080,1
45215,"2023-10-17 00:44:00",350,4.060,1
45215,"2023-10-17 00:45:00",351,4.040,1
45215,"2023-10-17 00:46:00",352,4.020,1
45215,"2023-10-17 00:47:00",353,4.000,1
45215,"2023-10-17 00:48:00",354,3.980,1
45215,"2023-10-17 00:49:00",355,3.960,1
45215,"2023-10-17 00:50:00",356,3.940,1
45215,"2023-10-17 00:51:00",357,3.920,1
45215,"2023-10-17 00:52:00",358,3.900,1
45215,"2023-10-17 00:53:00",359,3.933,1
45215,"2023-10-17 00:54:00",360,3.966,1
45215,"2023-10-17 00:55:00",361,3.999,1
45215,"2023-10-17 00:56:00",362,4.032,1
45215,"2023-10-17 00:57:00",363,4.065,1
45215,"2023-10-17 00:58:00",364,4.098,1
45215,"2023-10-17 00:59:00",365,4.131,1
45215,"2023-10-17 01:00:00",366,4.164,1
45215,"2023-10-17 01:01:00",367,4.197,1
45215,"2023-10-17 01:02:00",368,4.230,1
45215,"2023-10-17 01:03:00",369,4.263,1
45215,"2023-10-17 01:04:00",370,4.296,1
45215,"2023-10-17 01:05:00",371,4.329,1
45215,"2023-10-17 01:06:00",372,4.362,1
45215,"2023-10-17 01:07:00",373,4.400,1
45215,"2023-10-17 01:08:00",374,4.420,1
45215,"2023-10-17 01:09:00",375,4.440,1
45215,"2023-10-17 01:10:00",376,4.460,1
45215,"2023-10-17 01:11:00",377,4.480,1
45215,"2023-10-17 01:12:00",378,4.500,1
45215,"2023-10-17 01:13:00",379,4.520,1
45215,"2023-10-17 01:14:00",380,4.540,1
45215,"2023-10-17 01:15:00",381,4.560,1
45215,"2023-10-17 01:16:00",382,4.580,1
45215,"2023-10-17 01:17:00",383,4.600,1
45215,"2023-10-17 01:18:00",384,4.620,1
45215,"2023-10-17 01:19:00",385,4.640,1
45215,"2023-10-17 01:20:00",386,4.660,1
45215,"2023-10-17 01:21:00",387,4.680,1
45215,"2023-10-17 01:22:00",388,4.700,1
45215,"2023-10-17 01:23:00",389,4.693,1
45215,"2023-10-17 01:24:00",390,4.686,1
45215,"2023-10-17 01:25:00",391,4.679,1
45215,"2023-10-17 01:26:00",392,4.672,1
45215,"2023-10-17 01:27:00",393,4.665,1
45215,"2023-10-17 01:28:00",394,4.658,1
45215,"2023-10-17 01:29:00",395,4.651,1
45215,"2023-10-17 01:30:00",396,4.644,1
45215,"2023-10-17 01:31:00",397,4.637,1
45215,"2023-10-17 01:32:00",398,4.630,1
45215,"2023-10-17 01:33:00",399,4.623,1
45215,"2023-10-17 01:34:00",400,4.616,1
45215,"2023-10-17 01:35:00",401,4.609,1
45215,"2023-10-17 01:36:00",402,4.602,1
45215,"2023-10-17 01:37:00",403,4.600,1
45215,"2023-10-17 01:38:00",404,4.587,1
45215,"2023-10-17 01:39:00",405,4.574,1
45215,"2023-10-17 01:40:00",406,4.561,1
45215,"2023-10-17 01:41:00",407,4.548,1
45215,"2023-10-17 01:42:00",408,4.535,1
45215,"2023-10-17 01:43:00",409,4.522,1
45215,"2023-10-17 01:44:00",410,4.509,1
45215,"2023-10-17 01:45:00",411,4.496,1
45215,"2023-10-17 01:46:00",412,4.483,1
45215,"2023-10-17 01:47:00",413,4.470,1
45215,"2023-10-17 01:48:00",414,4.457,1
45215,"2023-10-17 01:49:00",415,4.444,1
45215,"2023-10-17 01:50:00",416,4.431,1
45215,"2023-10-17 01:51:00",417,4.418,1
45215,"2023-10-17 01:52:00",418,4.400,1
45215,"2023-10-17 01:53:00",419,4.387,1
45215,"2023-10-17 01:54:00",420,4.374,1
45215,"2023-10-17 01:55:00",421,4.361,1
45215,"2023-10-17 01:56:00",422,4.348,1
45215,"2023-10-17 01:57:00",423,4.335,1
45215,"2023-10-17 01:58:00",424,4.322,1
45215,"2023-10-17 01:59:00",425,4.309,1
45215,"2023-10-17 02:00:00",426,4.296,1
45215,"2023-10-17 02:01:00",427,4.283,1
45215,"2023-10-17 02:02:00",428,4.270,1
45215,"2023-10-17 02:03:00",429,4.257,1
45215,"2023-10-17 02:04:00",430,4.244,1
45215,"2023-10-17 02:05:00",431,4.231,1
45215,"2023-10-17 02:06:00",432,4.218,1
45215,"2023-10-17 02:07:00",433,4.200,1
45215,"2023-10-17 02:08:00",434,4.180,1
45215,"2023-10-17 02:09:00",435,4.160,1
45215,"2023-10-17 02:10:00",436,4.140,1
45215,"2023-10-17 02:11:00",437,4.120,1
45215,"2023-10-17 02:12:00",438,4.100,1
45215,"2023-10-17 02:13:00",439,4.080,1
45215,"2023-10-17 02:14:00",440,4.060,1
45215,"2023-10-17 02:15:00",441,4.040,1
45215,"2023-10-17 02:16:00",442,4.020,1
45215,"2023-10-17 02:17:00",443,4.000,1
45215,"2023-10-17 02:18:00",444,3.980,1
45215,"2023-10-17 02:19:00",445,3.960,1
45215,"2023-10-17 02:20:00",446,3.940,1
45215,"2023-10-17 02:21:00",447,3.920,1
45215,"2023-10-17 02:22:00",448,3.900,1
45215,"2023-10-17 02:23:00",449,3.887,1
45215,"2023-10-17 02:24:00",450,3.874,1
45215,"2023-10-17 02:25:00",451,3.861,1
45215,"2023-10-17 02:26:00",452,3.848,1
45215,"2023-10-17 02:27:00",453,3.835,1
45215,"2023-10-17 02:28:00",454,3.822,1
45215,"2023-10-17 02:29:00",455,3.809,1
45215,"2023-10-17 02:30:00",456,3.796,1
45215,"2023-10-17 02:31:00",457,3.783,1
45215,"2023-10-17 02:32:00",458,3.770,1
45215,"2023-10-17 02:33:00",459,3.757,1
45215,"2023-10-17 02:34:00",460,3.744,1
45215,"2023-10-17 02:35:00",461,3.731,1
45215,"2023-10-17 02:36:00",462,3.718,1
45215,"2023-10-17 02:37:00",463,3.700,1
45215,"2023-10-17 02:38:00",464,3.700,1
45215,"2023-10-17 02:39:00",465,3.700,1
45215,"2023-10-17 02:40:00",466,3.700,1
45215,"2023-10-17 02:41:00",467,3.700,1
45215,"2023-10-17 02:42:00",468,3.700,1
45215,"2023-10-17 02:43:00",469,3.700,1
45215,"2023-10-17 02:44:00",470,3.700,1
45215,"2023-10-17 02:45:00",471,3.700,1
45215,"2023-10-17 02:46:00",472,3.700,1
45215,"2023-10-17 02:47:00",473,3.700,1
45215,"2023-10-17 02:48:00",474,3.700,1
45215,"2023-10-17 02:49:00",475,3.700,1
45215,"2023-10-17 02:50:00",476,3.700,1
45215,"2023-10-17 02:51:00",477,3.700,1
45215,"2023-10-17 02:52:00",478,3.700,1
45215,"2023-10-17 02:53:00",479,3.700,1
45216,"2023-10-17 19:25:00",0,6.800,1
45216,"2023-10-17 19:26:00",1,6.760,1
45216,"2023-10-17 19:27:00",2,6.720,1
45216,"2023-10-17 19:28:00",3,6.680,1
45216,"2023-10-17 19:29:00",4,6.640,1
45216,"2023-10-17 19:30:00",5,6.600,1
45216,"2023-10-17 19:31:00",6,6.633,1
45216,"2023-10-17 19:32:00",7,6.666,1
45216,"2023-10-17 19:33:00",8,6.699,1
45216,"2023-10-17 19:34:00",9,6.732,1
45216,"2023-10-17 19:35:00",10,6.765,1
45216,"2023-10-17 19:36:00",11,6.798,1
45216,"2023-10-17 19:37:00",12,6.831,1
45216,"2023-10-17 19:38:00",13,6.864,1
45216,"2023-10-17 19:39:00",14,6.897,1
45216,"2023-10-17 19:40:00",15,6.930,1
45216,"2023-10-17 19:41:00",16,6.963,1
45216,"2023-10-17 19:42:00",17,6.996,1
45216,"2023-10-17 19:43:00",18,7.029,1
45216,"2023-10-17 19:44:00",19,7.062,1
45216,"2023-10-17 19:45:00",20,7.100,1
45216,"2023-10-17 19:46:00",21,7.207,1
45216,"2023-10-17 19:47:00",22,7.314,1
45216,"2023-10-17 19:48:00",23,7.421,1
45216,"2023-10-17 19:49:00",24,7.528,1
45216,"2023-10-17 19:50:00",25,7.635,1
45216,"2023-10-17 19:51:00",26,7.742,1
45216,"2023-10-17 19:52:00",27,7.849,1
45216,"2023-10-17 19:53:00",28,7.956,1
45216,"2023-10-17 19:54:00",29,8.063,1
45216,"2023-10-17 19:55:00",30,8.170,1
45216,"2023-10-17 19:56:00",31,8.277,1
45216,"2023-10-17 19:57:00",32,8.384,1
45216,"2023-10-17 19:58:00",33,8.491,1
45216,"2023-10-17 19:59:00",34,8.598,1
45216,"2023-10-17 20:00:00",35,8.700,1
45216,"2023-10-17 20:01:00",36,8.825,1
45216,"2023-10-17 20:02:00",37,8.950,1
45216,"2023-10-17 20:03:00",38,9.075,1
45216,"2023-10-17 20:04:00",39,9.200,1
45216,"2023-10-17 20:05:00",40,9.325,1
45216,"2023-10-17 20:06:00",41,9.450,1
45216,"2023-10-17 20:07:00",42,9.575,1
45216,"2023-10-17 20:08:00",43,9.700,1
45216,"2023-10-17 20:09:00",44,9.825,1
45216,"2023-10-17 20:10:00",45,9.950,1
45216,"2023-10-17 20:11:00",46,10.075,1
45216,"2023-10-17 20:12:00",47,10.200,1
45216,"2023-10-17 20:13:00",48,10.325,1
45216,"2023-10-17 20:14:00",49,10.450,1
45216,"2023-10-17 20:15:00",50,10.575,1
45216,"2023-10-17 20:16:00",51,10.700,1
45216,"2023-10-17 20:17:00",52,10.773,1
45216,"2023-10-17 20:18:00",53,10.846,1
45216,"2023-10-17 20:19:00",54,10.919,1
45216,"2023-10-17 20:20:00",55,10.992,1
45216,"2023-10-17 20:21:00",56,11.065,1
45216,"2023-10-17 20:22:00",57,11.138,1
45216,"2023-10-17 20:23:00",58,11.211,1
45216,"2023-10-17 20:24:00",59,11.284,1
45216,"2023-10-17 20:25:00",60,11.357,1
45216,"2023-10-17 20:26:00",61,11.430,1
45216,"2023-10-17 20:27:00",62,11.503,1
45216,"2023-10-17 20:28:00",63,11.576,1
45216,"2023-10-17 20:29:00",64,11.649,1
45216,"2023-10-17 20:30:00",65,11.722,1
45216,"2023-10-17 20:31:00",66,11.800,1
45216,"2023-10-17 20:32:00",67,11.873,1
45216,"2023-10-17 20:33:00",68,11.946,1
45216,"2023-10-17 20:34:00",69,12.019,1
45216,"2023-10-17 20:35:00",70,12.092,1
45216,"2023-10-17 20:36:00",71,12.165,1
45216,"2023-10-17 20:37:00",72,12.238,1
45216,"2023-10-17 20:38:00",73,12.311,1
45216,"2023-10-17 20:39:00",74,12.384,1
45216,"2023-10-17 20:40:00",75,12.457,1
45216,"2023-10-17 20:41:00",76,12.530,1
45216,"2023-10-17 20:42:00",77,12.603,1
45216,"2023-10-17 20:43:00",78,12.676,1
45216,"2023-10-17 20:44:00",79,12.749,1
45216,"2023-10-17 20:45:00",80,12.822,1
45216,"2023-10-17 20:46:00",81,12.900,1
45216,"2023-10-17 20:47:00",82,12.987,1
45216,"2023-10-17 20:48:00",83,13.074,1
45216,"2023-10-17 20:49:00",84,13.161,1
45216,"2023-10-17 20:50:00",85,13.248,1
45216,"2023-10-17 20:51:00",86,13.335,1
45216,"2023-10-17 20:52:00",87,13.422,1
45216,"2023-10-17 20:53:00",88,13.509,1
45216,"2023-10-17 20:54:00",89,13.596,1
45216,"2023-10-17 20:55:00",90,13.683,1
45216,"2023-10-17 20:56:00",91,13.770,1
45216,"2023-10-17 20:57:00",92,13.857,1
45216,"2023-10-17 20:58:00",93,13.944,1
45216,"2023-10-17 20:59:00",94,14.031,1
45216,"2023-10-17 21:00:00",95,14.118,1
45216,"2023-10-17 21:01:00",96,14.200,1
45216,"2023-10-17 21:02:00",97,14.227,1
45216,"2023-10-17 21:03:00",98,14.254,1
45216,"2023-10-17 21:04:00",99,14.281,1
45216,"2023-10-17 21:05:00",100,14.308,1
45216,"2023-10-17 21:06:00",101,14.335,1
45216,"2023-10-17 21:07:00",102,14.362,1
45216,"2023-10-17 21:08:00",103,14.389,1
45216,"2023-10-17 21:09:00",104,14.416,1
45216,"2023-10-17 21:10:00",105,14.443,1
45216,"2023-10-17 21:11:00",106,14.470,1
45216,"2023-10-17 21:12:00",107,14.497,1
45216,"2023-10-17 21:13:00",108,14.524,1
45216,"2023-10-17 21:14:00",109,14.551,1
45216,"2023-10-17 21:15:00",110,14.578,1
45216,"2023-10-17 21:16:00",111,14.600,1
45216,"2023-10-17 21:17:00",112,14.642,1
45216,"2023-10-17 21:18:00",113,14.684,1
45216,"2023-10-17 21:19:00",114,14.726,1
45216,"2023-10-17 21:20:00",115,14.768,1
45216,"2023-10-17 21:21:00",116,14.810,1
45216,"2023-10-17 21:22:00",117,14.852,1
45216,"2023-10-17 21:23:00",118,14.894,1
45216,"2023-10-17 21:24:00",119,14.936,1
45216,"2023-10-17 21:25:00",120,14.978,1
45216,"2023-10-17 21:26:00",121,15.020,1
45216,"2023-10-17 21:27:00",122,15.062,1
45216,"2023-10-17 21:28:00",123,15.104,1
45216,"2023-10-17 21:29:00",124,15.146,1
45216,"2023-10-17 21:30:00",125,15.188,1
45216,"2023-10-17 21:31:00",126,15.230,1
45216,"2023-10-17 21:32:00",127,15.272,1
45216,"2023-10-17 21:33:00",128,15.314,1
45216,"2023-10-17 21:34:00",129,15.356,1
45216,"2023-10-17 21:35:00",130,15.400,1
45216,"2023-10-17 21:36:00",131,15.400,1
45216,"2023-10-17 21:37:00",132,15.400,1
45216,"2023-10-17 21:38:00",133,15.400,1
45216,"2023-10-17 21:39:00",134,15.400,1
45216,"2023-10-17 21:40:00",135,15.400,1
45216,"2023-10-17 21:41:00",136,15.400,1
45216,"2023-10-17 21:42:00",137,15.400,1
45216,"2023-10-17 21:43:00",138,15.400,1
45216,"2023-10-17 21:44:00",139,15.400,1
45216,"2023-10-17 21:45:00",140,15.400,1
45216,"2023-10-17 21:46:00",141,15.400,1
45216,"2023-10-17 21:47:00",142,15.400,1
45216,"2023-10-17 21:48:00",143,15.400,1
45216,"2023-10-17 21:49:00",144,15.400,1
45216,"2023-10-17 21:50:00",145,15.400,1
45216,"2023-10-17 21:51:00",146,15.373,1
45216,"2023-10-17 21:52:00",147,15.346,1
45216,"2023-10-17 21:53:00",148,15.319,1
45216,"2023-10-17 21:54:00",149,15.292,1
45216,"2023-10-17 21:55:00",150,15.265,1
45216,"2023-10-17 21:56:00",151,15.238,1
45216,"2023-10-17 21:57:00",152,15.211,1
45216,"2023-10-17 21:58:00",153,15.184,1
45216,"2023-10-17 21:59:00",154,15.157,1
45216,"2023-10-17 22:00:00",155,15.130,1
45216,"2023-10-17 22:01:00",156,15.103,1
45216,"2023-10-17 22:02:00",157,15.076,1
45216,"2023-10-17 22:03:00",158,15.049,1
45216,"2023-10-17 22:04:00",159,15.022,1
45216,"2023-10-17 22:05:00",160,15.000,1
45216,"2023-10-17 22:06:00",161,14.980,1
45216,"2023-10-17 22:07:00",162,14.960,1
45216,"2023-10-17 22:08:00",163,14.940,1
45216,"2023-10-17 22:09:00",164,14.920,1
45216,"2023-10-17 22:10:00",165,14.900,1
45216,"2023-10-17 22:11:00",166,14.880,1
45216,"2023-10-17 22:12:00",167,14.860,1
45216,"2023-10-17 22:13:00",168,14.840,1
45216,"2023-10-17 22:14:00",169,14.820,1
45216,"2023-10-17 22:15:00",170,14.800,1
45216,"2023-10-17 22:16:00",171,14.780,1
45216,"2023-10-17 22:17:00",172,14.760,1
45216,"2023-10-17 22:18:00",173,14.740,1
45216,"2023-10-17 22:19:00",174,14.720,1
45216,"2023-10-17 22:20:00",175,14.700,1
45216,"2023-10-17 22:21:00",176,14.667,1
45216,"2023-10-17 22:22:00",177,14.634,1
45216,"2023-10-17 22:23:00",178,14.601,1
45216,"2023-10-17 22:24:00",179,14.568,1
45216,"2023-10-17 22:25:00",180,14.535,1
45216,"2023-10-17 22:26:00",181,14.502,1
45216,"2023-10-17 22:27:00",182,14.469,1
45216,"2023-10-17 22:28:00",183,14.436,1
45216,"2023-10-17 22:29:00",184,14.403,1
45216,"2023-10-17 22:30:00",185,14.370,1
45216,"2023-10-17 22:31:00",186,14.337,1
45216,"2023-10-17 22:32:00",187,14.304,1
45216,"2023-10-17 22:33:00",188,14.271,1
45216,"2023-10-17 22:34:00",189,14.238,1
45216,"2023-10-17 22:35:00",190,14.200,1
45216,"2023-10-17 22:36:00",191,14.133,1
45216,"2023-10-17 22:37:00",192,14.066,1
45216,"2023-10-17 22:38:00",193,13.999,1
45216,"2023-10-17 22:39:00",194,13.932,1
45216,"2023-10-17 22:40:00",195,13.865,1
45216,"2023-10-17 22:41:00",196,13.798,1
45216,"2023-10-17 22:42:00",197,13.731,1
45216,"2023-10-17 22:43:00",198,13.664,1
45216,"2023-10-17 22:44:00",199,13.597,1
45216,"2023-10-17 22:45:00",200,13.530,1
45216,"2023-10-17 22:46:00",201,13.463,1
45216,"2023-10-17 22:47:00",202,13.396,1
45216,"2023-10-17 22:48:00",203,13.329,1
45216,"2023-10-17 22:49:00",204,13.262,1
45216,"2023-10-17 22:50:00",205,13.200,1
45216,"2023-10-17 22:51:00",206,13.113,1
45216,"2023-10-17 22:52:00",207,13.026,1
45216,"2023-10-17 22:53:00",208,12.939,1
45216,"2023-10-17 22:54:00",209,12.852,1
45216,"2023-10-17 22:55:00",210,12.765,1
45216,"2023-10-17 22:56:00",211,12.678,1
45216,"2023-10-17 22:57:00",212,12.591,1
45216,"2023-10-17 22:58:00",213,12.504,1
45216,"2023-10-17 22:59:00",214,12.417,1
45216,"2023-10-17 23:00:00",215,12.330,1
45216,"2023-10-17 23:01:00",216,12.243,1
45216,"2023-10-17 23:02:00",217,12.156,1
45216,"2023-10-17 23:03:00",218,12.069,1
45216,"2023-10-17 23:04:00",219,11.982,1
45216,"2023-10-17 23:05:00",220,11.900,1
45216,"2023-10-17 23:06:00",221,11.853,1
45216,"2023-10-17 23:07:00",222,11.806,1
45216,"2023-10-17 23:08:00",223,11.759,1
45216,"2023-10-17 23:09:00",224,11.712,1
45216,"2023-10-17 23:10:00",225,11.665,1
45216,"2023-10-17 23:11:00",226,11.618,1
45216,"2023-10-17 23:12:00",227,11.571,1
45216,"2023-10-17 23:13:00",228,11.524,1
45216,"2023-10-17 23:14:00",229,11.477,1
45216,"2023-10-17 23:15:00",230,11.430,1
45216,"2023-10-17 23:16:00",231,11.383,1
45216,"2023-10-17 23:17:00",232,11.336,1
45216,"2023-10-17 23:18:00",233,11.289,1
45216,"2023-10-17 23:19:00",234,11.242,1
45216,"2023-10-17 23:20:00",235,11.200,1
45216,"2023-10-17 23:21:00",236,11.200,1
45216,"2023-10-17 23:22:00",237,11.200,1
45216,"2023-10-17 23:23:00",238,11.200,1
45216,"2023-10-17 23:24:00",239,11.200,1
45216,"2023-10-17 23:25:00",240,11.200,1
45216,"2023-10-17 23:26:00",241,11.200,1
45216,"2023-10-17 23:27:00",242,11.200,1
45216,"2023-10-17 23:28:00",243,11.200,1
45216,"2023-10-17 23:29:00",244,11.200,1
45216,"2023-10-17 23:30:00",245,11.200,1
45216,"2023-10-17 23:31:00",246,11.200,1
45216,"2023-10-17 23:32:00",247,11.200,1
45216,"2023-10-17 23:33:00",248,11.200,1
45216,"2023-10-17 23:34:00",249,11.200,1
45216,"2023-10-17 23:35:00",250,11.200,1
45216,"2023-10-17 23:36:00",251,11.167,1
45216,"2023-10-17 23:37:00",252,11.134,1
45216,"2023-10-17 23:38:00",253,11.101,1
45216,"2023-10-17 23:39:00",254,11.068,1
45216,"2023-10-17 23:40:00",255,11.035,1
45216,"2023-10-17 23:41:00",256,11.002,1
45216,"2023-10-17 23:42:00",257,10.969,1
45216,"2023-10-17 23:43:00",258,10.936,1
45216,"2023-10-17 23:44:00",259,10.903,1
45216,"2023-10-17 23:45:00",260,10.870,1
45216,"2023-10-17 23:46:00",261,10.837,1
45216,"2023-10-17 23:47:00",262,10.804,1
45216,"2023-10-17 23:48:00",263,10.771,1
45216,"2023-10-17 23:49:00",264,10.738,1
45216,"2023-10-17 23:50:00",265,10.700,1
45216,"2023-10-17 23:51:00",266,10.667,1
45216,"2023-10-17 23:52:00",267,10.634,1
45216,"2023-10-17 23:53:00",268,10.601,1
45216,"2023-10-17 23:54:00",269,10.568,1
45216,"2023-10-17 23:55:00",270,10.535,1
45216,"2023-10-17 23:56:00",271,10.502,1
45216,"2023-10-17 23:57:00",272,10.469,1
45216,"2023-10-17 23:58:00",273,10.436,1
45216,"2023-10-17 23:59:00",274,10.403,1
45216,"2023-10-18 00:00:00",275,10.370,1
45216,"2023-10-18 00:01:00",276,10.337,1
45216,"2023-10-18 00:02:00",277,10.304,1
45216,"2023-10-18 00:03:00",278,10.271,1
45216,"2023-10-18 00:04:00",279,10.238,1
45216,"2023-10-18 00:05:00",280,10.200,1
45216,"2023-10-18 00:06:00",281,10.173,1
45216,"2023-10-18 00:07:00",282,10.146,1
45216,"2023-10-18 00:08:00",283,10.119,1
45216,"2023-10-18 00:09:00",284,10.092,1
45216,"2023-10-18 00:10:00",285,10.065,1
45216,"2023-10-18 00:11:00",286,10.038,1
45216,"2023-10-18 00:12:00",287,10.011,1
45216,"2023-10-18 00:13:00",288,9.984,1
45216,"2023-10-18 00:14:00",289,9.957,1
45216,"2023-10-18 00:15:00",290,9.930,1
45216,"2023-10-18 00:16:00",291,9.903,1
45216,"2023-10-18 00:17:00",292,9.876,1
45216,"2023-10-18 00:18:00",293,9.849,1
45216,"2023-10-18 00:19:00",294,9.822,1
45216,"2023-10-18 00:20:00",295,9.800,1
45216,"2023-10-18 00:21:00",296,9.773,1
45216,"2023-10-18 00:22:00",297,9.746,1
45216,"2023-10-18 00:23:00",298,9.719,1
45216,"2023-10-18 00:24:00",299,9.692,1
45216,"2023-10-18 00:25:00",300,9.665,1
45216,"2023-10-18 00:26:00",301,9.638,1
45216,"2023-10-18 00:27:00",302,9.611,1
45216,"2023-10-18 00:28:00",303,9.584,1
45216,"2023-10-18 00:29:00",304,9.557,1
45216,"2023-10-18 00:30:00",305,9.530,1
45216,"2023-10-18 00:31:00",306,9.503,1
45216,"2023-10-18 00:32:00",307,9.476,1
45216,"2023-10-18 00:33:00",308,9.449,1
45216,"2023-10-18 00:34:00",309,9.422,1
45216,"2023-10-18 00:35:00",310,9.400,1
45216,"2023-10-18 00:36:00",311,9.387,1
45216,"2023-10-18 00:37:00",312,9.374,1
45216,"2023-10-18 00:38:00",313,9.361,1
45216,"2023-10-18 00:39:00",314,9.348,1
45216,"2023-10-18 00:40:00",315,9.335,1
45216,"2023-10-18 00:41:00",316,9.322,1
45216,"2023-10-18 00:42:00",317,9.309,1
45216,"2023-10-18 00:43:00",318,9.296,1
45216,"2023-10-18 00:44:00",319,9.283,1
45216,"2023-10-18 00:45:00",320,9.270,1
45216,"2023-10-18 00:46:00",321,9.257,1
45216,"2023-10-18 00:47:00",322,9.244,1
45216,"2023-10-18 00:48:00",323,9.231,1
45216,"2023-10-18 00:49:00",324,9.218,1
45216,"2023-10-18 00:50:00",325,9.200,1
45216,"2023-10-18 00:51:00",326,9.193,1
45216,"2023-10-18 00:52:00",327,9.186,1
45216,"2023-10-18 00:53:00",328,9.179,1
45216,"2023-10-18 00:54:00",329,9.172,1
45216,"2023-10-18 00:55:00",330,9.165,1
45216,"2023-10-18 00:56:00",331,9.158,1
45216,"2023-10-18 00:57:00",332,9.151,1
45216,"2023-10-18 00:58:00",333,9.144,1
45216,"2023-10-18 00:59:00",334,9.137,1
45216,"2023-10-18 01:00:00",335,9.130,1
45216,"2023-10-18 01:01:00",336,9.123,1
45216,"2023-10-18 01:02:00",337,9.116,1
45216,"2023-10-18 01:03:00",338,9.109,1
45216,"2023-10-18 01:04:00",339,9.102,1
45216,"2023-10-18 01:05:00",340,9.100,1
45216,"2023-10-18 01:06:00",341,9.093,1
45216,"2023-10-18 01:07:00",342,9.086,1
45216,"2023-10-18 01:08:00",343,9.079,1
45216,"2023-10-18 01:09:00",344,9.072,1
45216,"2023-10-18 01:10:00",345,9.065,1
45216,"2023-10-18 01:11:00",346,9.058,1
45216,"2023-10-18 01:12:00",347,9.051,1
45216,"2023-10-18 01:13:00",348,9.044,1
45216,"2023-10-18 01:14:00",349,9.037,1
45216,"2023-10-18 01:15:00",350,9.030,1
45216,"2023-10-18 01:16:00",351,9.023,1
45216,"2023-10-18 01:17:00",352,9.016,1
45216,"2023-10-18 01:18:00",353,9.009,1
45216,"2023-10-18 01:19:00",354,9.002,1
45216,"2023-10-18 01:20:00",355,9.000,1
45216,"2023-10-18 01:21:00",356,9.007,1
45216,"2023-10-18 01:22:00",357,9.014,1
45216,"2023-10-18 01:23:00",358,9.021,1
45216,"2023-10-18 01:24:00",359,9.028,1
45216,"2023-10-18 01:25:00",360,9.035,1
45216,"2023-10-18 01:26:00",361,9.042,1
45216,"2023-10-18 01:27:00",362,9.049,1
45216,"2023-10-18 01:28:00",363,9.056,1
45216,"2023-10-18 01:29:00",364,9.063,1
45216,"2023-10-18 01:30:00",365,9.070,1
45216,"2023-10-18 01:31:00",366,9.077,1
45216,"2023-10-18 01:32:00",367,9.084,1
45216,"2023-10-18 01:33:00",368,9.091,1
45216,"2023-10-18 01:34:00",369,9.098,1
45216,"2023-10-18 01:35:00",370,9.100,1
45216,"2023-10-18 01:36:00",371,9.093,1
45216,"2023-10-18 01:37:00",372,9.086,1
45216,"2023-10-18 01:38:00",373,9.079,1
45216,"2023-10-18 01:39:00",374,9.072,1
45216,"2023-10-18 01:40:00",375,9.065,1
45216,"2023-10-18 01:41:00",376,9.058,1
45216,"2023-10-18 01:42:00",377,9.051,1
45216,"2023-10-18 01:43:00",378,9.044,1
45216,"2023-10-18 01:44:00",379,9.037,1
45216,"2023-10-18 01:45:00",380,9.030,1
45216,"2023-10-18 01:46:00",381,9.023,1
45216,"2023-10-18 01:47:00",382,9.016,1
45216,"2023-10-18 01:48:00",383,9.009,1
45216,"2023-10-18 01:49:00",384,9.002,1
45216,"2023-10-18 01:50:00",385,9.000,1
45216,"2023-10-18 01:51:00",386,8.993,1
45216,"2023-10-18 01:52:00",387,8.986,1
45216,"2023-10-18 01:53:00",388,8.979,1
45216,"2023-10-18 01:54:00",389,8.972,1
45216,"2023-10-18 01:55:00",390,8.965,1
45216,"2023-10-18 01:56:00",391,8.958,1
45216,"2023-10-18 01:57:00",392,8.951,1
45216,"2023-10-18 01:58:00",393,8.944,1
45216,"2023-10-18 01:59:00",394,8.937,1
45216,"2023-10-18 02:00:00",395,8.930,1
45216,"2023-10-18 02:01:00",396,8.923,1
45216,"2023-10-18 02:02:00",397,8.916,1
45216,"2023-10-18 02:03:00",398,8.909,1
45216,"2023-10-18 02:04:00",399,8.902,1
45216,"2023-10-18 02:05:00",400,8.900,1
45216,"2023-10-18 02:06:00",401,8.907,1
45216,"2023-10-18 02:07:00",402,8.914,1
45216,"2023-10-18 02:08:00",403,8.921,1
45216,"2023-10-18 02:09:00",404,8.928,1
45216,"2023-10-18 02:10:00",405,8.935,1
45216,"2023-10-18 02:11:00",406,8.942,1
45216,"2023-10-18 02:12:00",407,8.949,1
45216,"2023-10-18 02:13:00",408,8.956,1
45216,"2023-10-18 02:14:00",409,8.963,1
45216,"2023-10-18 02:15:00",410,8.970,1
45216,"2023-10-18 02:16:00",411,8.977,1
45216,"2023-10-18 02:17:00",412,8.984,1
45216,"2023-10-18 02:18:00",413,8.991,1
45216,"2023-10-18 02:19:00",414,8.998,1
45216,"2023-10-18 02:20:00",415,9.000,1
45216,"2023-10-18 02:21:00",416,9.013,1
45216,"2023-10-18 02:22:00",417,9.026,1
45216,"2023-10-18 02:23:00",418,9.039,1
45216,"2023-10-18 02:24:00",419,9.052,1
45216,"2023-10-18 02:25:00",420,9.065,1
45216,"2023-10-18 02:26:00",421,9.078,1
45216,"2023-10-18 02:27:00",422,9.091,1
45216,"2023-10-18 02:28:00",423,9.104,1
45216,"2023-10-18 02:29:00",424,9.117,1
45216,"2023-10-18 02:30:00",425,9.130,1
45216,"2023-10-18 02:31:00",426,9.143,1
45216,"2023-10-18 02:32:00",427,9.156,1
45216,"2023-10-18 02:33:00",428,9.169,1
45216,"2023-10-18 02:34:00",429,9.182,1
45216,"2023-10-18 02:35:00",430,9.200,1
45216,"2023-10-18 02:36:00",431,9.200,1
45216,"2023-10-18 02:37:00",432,9.200,1
45216,"2023-10-18 02:38:00",433,9.200,1
45216,"2023-10-18 02:39:00",434,9.200,1
45216,"2023-10-18 02:40:00",435,9.200,1
45216,"2023-10-18 02:41:00",436,9.200,1
45216,"2023-10-18 02:42:00",437,9.200,1
45216,"2023-10-18 02:43:00",438,9.200,1
45216,"2023-10-18 02:44:00",439,9.200,1
45216,"2023-10-18 02:45:00",440,9.200,1
45216,"2023-10-18 02:46:00",441,9.200,1
45216,"2023-10-18 02:47:00",442,9.200,1
45216,"2023-10-18 02:48:00",443,9.200,1
45216,"2023-10-18 02:49:00",444,9.200,1
45216,"2023-10-18 02:50:00",445,9.200,1
45216,"2023-10-18 02:51:00",446,9.200,1
45216,"2023-10-18 02:52:00",447,9.200,1
45216,"2023-10-18 02:53:00",448,9.200,1
45216,"2023-10-18 02:54:00",449,9.200,1
45216,"2023-10-18 02:55:00",450,9.200,1
45216,"2023-10-18 02:56:00",451,9.200,1
45216,"2023-10-18 02:57:00",452,9.200,1
45216,"2023-10-18 02:58:00",453,9.200,1
45216,"2023-10-18 02:59:00",454,9.200,1
45216,"2023-10-18 03:00:00",455,9.200,1
45216,"2023-10-18 03:01:00",456,9.200,1
45216,"2023-10-18 03:02:00",457,9.200,1
45216,"2023-10-18 03:03:00",458,9.200,1
45216,"2023-10-18 03:04:00",459,9.200,1
45216,"2023-10-18 03:05:00",460,9.200,1
45216,"2023-10-18 03:06:00",461,9.200,1
45216,"2023-10-18 03:07:00",462,9.200,1
45216,"2023-10-18 03:08:00",463,9.200,1
45216,"2023-10-18 03:09:00",464,9.200,1
45216,"2023-10-18 03:10:00",465,9.200,1
45216,"2023-10-18 03:11:00",466,9.200,1
45216,"2023-10-18 03:12:00",467,9.200,1
45216,"2023-10-18 03:13:00",468,9.200,1
45216,"2023-10-18 03:14:00",469,9.200,1
45216,"2023-10-18 03:15:00",470,9.200,1
45216,"2023-10-18 03:16:00",471,9.200,1
45216,"2023-10-18 03:17:00",472,9.200,1
45216,"2023-10-18 03:18:00",473,9.200,1
45216,"2023-10-18 03:19:00",474,9.200,1
45216,"2023-10-18 03:20:00",475,9.200,1
45216,"2023-10-18 03:21:00",476,9.200,1
45216,"2023-10-18 03:22:00",477,9.200,1
45216,"2023-10-18 03:23:00",478,9.200,1
45216,"2023-10-18 03:24:00",479,9.200,1
45217,"2023-10-18 19:35:00",0,7.166,1
45217,"2023-10-18 19:36:00",1,7.104,1
45217,"2023-10-18 19:37:00",2,7.042,1
45217,"2023-10-18 19:38:00",3,6.980,1
45217,"2023-10-18 19:39:00",4,6.918,1
45217,"2023-10-18 19:40:00",5,6.856,1
45217,"2023-10-18 19:41:00",6,6.794,1
45217,"2023-10-18 19:42:00",7,6.732,1
45217,"2023-10-18 19:43:00",8,6.670,1
45217,"2023-10-18 19:44:00",9,6.600,1
45217,"2023-10-18 19:45:00",10,6.613,1
45217,"2023-10-18 19:46:00",11,6.626,1
45217,"2023-10-18 19:47:00",12,6.639,1
45217,"2023-10-18 19:48:00",13,6.652,1
45217,"2023-10-18 19:49:00",14,6.665,1
45217,"2023-10-18 19:50:00",15,6.678,1
45217,"2023-10-18 19:51:00",16,6.691,1
45217,"2023-10-18 19:52:00",17,6.704,1
45217,"2023-10-18 19:53:00",18,6.717,1
45217,"2023-10-18 19:54:00",19,6.730,1
45217,"2023-10-18 19:55:00",20,6.743,1
45217,"2023-10-18 19:56:00",21,6.756,1
45217,"2023-10-18 19:57:00",22,6.769,1
45217,"2023-10-18 19:58:00",23,6.782,1
45217,"2023-10-18 19:59:00",24,6.800,1
45217,"2023-10-18 20:00:00",25,6.907,1
45217,"2023-10-18 20:01:00",26,7.014,1
45217,"2023-10-18 20:02:00",27,7.121,1
45217,"2023-10-18 20:03:00",28,7.228,1
45217,"2023-10-18 20:04:00",29,7.335,1
45217,"2023-10-18 20:05:00",30,7.442,1
45217,"2023-10-18 20:06:00",31,7.549,1
45217,"2023-10-18 20:07:00",32,7.656,1
45217,"2023-10-18 20:08:00",33,7.763,1
45217,"2023-10-18 20:09:00",34,7.870,1
45217,"2023-10-18 20:10:00",35,7.977,1
45217,"2023-10-18 20:11:00",36,8.084,1
45217,"2023-10-18 20:12:00",37,8.191,1
45217,"2023-10-18 20:13:00",38,8.298,1
45217,"2023-10-18 20:14:00",39,8.400,1
45217,"2023-10-18 20:15:00",40,8.513,1
45217,"2023-10-18 20:16:00",41,8.626,1
45217,"2023-10-18 20:17:00",42,8.739,1
45217,"2023-10-18 20:18:00",43,8.852,1
45217,"2023-10-18 20:19:00",44,8.965,1
45217,"2023-10-18 20:20:00",45,9.078,1
45217,"2023-10-18 20:21:00",46,9.191,1
45217,"2023-10-18 20:22:00",47,9.304,1
45217,"2023-10-18 20:23:00",48,9.417,1
45217,"2023-10-18 20:24:00",49,9.530,1
45217,"2023-10-18 20:25:00",50,9.643,1
45217,"2023-10-18 20:26:00",51,9.756,1
45217,"2023-10-18 20:27:00",52,9.869,1
45217,"2023-10-18 20:28:00",53,9.982,1
45217,"2023-10-18 20:29:00",54,10.100,1
45217,"2023-10-18 20:30:00",55,10.147,1
45217,"2023-10-18 20:31:00",56,10.194,1
45217,"2023-10-18 20:32:00",57,10.241,1
45217,"2023-10-18 20:33:00",58,10.288,1
45217,"2023-10-18 20:34:00",59,10.335,1
45217,"2023-10-18 20:35:00",60,10.382,1
45217,"2023-10-18 20:36:00",61,10.429,1
45217,"2023-10-18 20:37:00",62,10.476,1
45217,"2023-10-18 20:38:00",63,10.523,1
45217,"2023-10-18 20:39:00",64,10.570,1
45217,"2023-10-18 20:40:00",65,10.617,1
45217,"2023-10-18 20:41:00",66,10.664,1
45217,"2023-10-18 20:42:00",67,10.711,1
45217,"2023-10-18 20:43:00",68,10.758,1
45217,"2023-10-18 20:44:00",69,10.800,1
45217,"2023-10-18 20:45:00",70,10.793,1
45217,"2023-10-18 20:46:00",71,10.786,1
45217,"2023-10-18 20:47:00",72,10.779,1
45217,"2023-10-18 20:48:00",73,10.772,1
45217,"2023-10-18 20:49:00",74,10.765,1
45217,"2023-10-18 20:50:00",75,10.758,1
45217,"2023-10-18 20:51:00",76,10.751,1
45217,"2023-10-18 20:52:00",77,10.744,1
45217,"2023-10-18 20:53:00",78,10.737,1
45217,"2023-10-18 20:54:00",79,10.730,1
45217,"2023-10-18 20:55:00",80,10.723,1
45217,"2023-10-18 20:56:00",81,10.716,1
45217,"2023-10-18 20:57:00",82,10.709,1
45217,"2023-10-18 20:58:00",83,10.702,1
45217,"2023-10-18 20:59:00",84,10.700,1
45217,"2023-10-18 21:00:00",85,10.713,1
45217,"2023-10-18 21:01:00",86,10.726,1
45217,"2023-10-18 21:02:00",87,10.739,1
45217,"2023-10-18 21:03:00",88,10.752,1
45217,"2023-10-18 21:04:00",89,10.765,1
45217,"2023-10-18 21:05:00",90,10.778,1
45217,"2023-10-18 21:06:00",91,10.791,1
45217,"2023-10-18 21:07:00",92,10.804,1
45217,"2023-10-18 21:08:00",93,10.817,1
45217,"2023-10-18 21:09:00",94,10.830,1
45217,"2023-10-18 21:10:00",95,10.843,1
45217,"2023-10-18 21:11:00",96,10.856,1
45217,"2023-10-18 21:12:00",97,10.869,1
45217,"2023-10-18 21:13:00",98,10.882,1
45217,"2023-10-18 21:14:00",99,10.895,1
45217,"2023-10-18 21:15:00",100,10.900,1
45217,"2023-10-18 21:16:00",101,10.927,1
45217,"2023-10-18 21:17:00",102,10.954,1
45217,"2023-10-18 21:18:00",103,10.981,1
45217,"2023-10-18 21:19:00",104,11.008,1
45217,"2023-10-18 21:20:00",105,11.035,1
45217,"2023-10-18 21:21:00",106,11.062,1
45217,"2023-10-18 21:22:00",107,11.089,1
45217,"2023-10-18 21:23:00",108,11.116,1
45217,"2023-10-18 21:24:00",109,11.143,1
45217,"2023-10-18 21:25:00",110,11.170,1
45217,"2023-10-18 21:26:00",111,11.197,1
45217,"2023-10-18 21:27:00",112,11.224,1
45217,"2023-10-18 21:28:00",113,11.251,1
45217,"2023-10-18 21:29:00",114,11.278,1
45217,"2023-10-18 21:30:00",115,11.300,1
45217,"2023-10-18 21:31:00",116,11.287,1
45217,"2023-10-18 21:32:00",117,11.274,1
45217,"2023-10-18 21:33:00",118,11.261,1
45217,"2023-10-18 21:34:00",119,11.248,1
45217,"2023-10-18 21:35:00",120,11.235,1
45217,"2023-10-18 21:36:00",121,11.222,1
45217,"2023-10-18 21:37:00",122,11.209,1
45217,"2023-10-18 21:38:00",123,11.196,1
45217,"2023-10-18 21:39:00",124,11.183,1
45217,"2023-10-18 21:40:00",125,11.170,1
45217,"2023-10-18 21:41:00",126,11.157,1
45217,"2023-10-18 21:42:00",127,11.144,1
45217,"2023-10-18 21:43:00",128,11.131,1
45217,"2023-10-18 21:44:00",129,11.118,1
45217,"2023-10-18 21:45:00",130,11.100,1
45217,"2023-10-18 21:46:00",131,11.113,1
45217,"2023-10-18 21:47:00",132,11.126,1
45217,"2023-10-18 21:48:00",133,11.139,1
45217,"2023-10-18 21:49:00",134,11.152,1
45217,"2023-10-18 21:50:00",135,11.165,1
45217,"2023-10-18 21:51:00",136,11.178,1
45217,"2023-10-18 21:52:00",137,11.191,1
45217,"2023-10-18 21:53:00",138,11.204,1
45217,"2023-10-18 21:54:00",139,11.217,1
45217,"2023-10-18 21:55:00",140,11.230,1
45217,"2023-10-18 21:56:00",141,11.243,1
45217,"2023-10-18 21:57:00",142,11.256,1
45217,"2023-10-18 21:58:00",143,11.269,1
45217,"2023-10-18 21:59:00",144,11.282,1
45217,"2023-10-18 22:00:00",145,11.300,1
45217,"2023-10-18 22:01:00",146,11.320,1
45217,"2023-10-18 22:02:00",147,11.340,1
45217,"2023-10-18 22:03:00",148,11.360,1
45217,"2023-10-18 22:04:00",149,11.380,1
45217,"2023-10-18 22:05:00",150,11.400,1
45217,"2023-10-18 22:06:00",151,11.420,1
45217,"2023-10-18 22:07:00",152,11.440,1
45217,"2023-10-18 22:08:00",153,11.460,1
45217,"2023-10-18 22:09:00",154,11.480,1
45217,"2023-10-18 22:10:00",155,11.500,1
45217,"2023-10-18 22:11:00",156,11.520,1
45217,"2023-10-18 22:12:00",157,11.540,1
45217,"2023-10-18 22:13:00",158,11.560,1
45217,"2023-10-18 22:14:00",159,11.580,1
45217,"2023-10-18 22:15:00",160,11.600,1
45217,"2023-10-18 22:16:00",161,11.583,1
45217,"2023-10-18 22:17:00",162,11.566,1
45217,"2023-10-18 22:18:00",163,11.549,1
45217,"2023-10-18 22:19:00",164,11.532,1
45217,"2023-10-18 22:20:00",165,11.515,1
45217,"2023-10-18 22:21:00",166,11.498,1
45217,"2023-10-18 22:22:00",167,11.481,1
45217,"2023-10-18 22:23:00",168,11.464,1
45217,"2023-10-18 22:24:00",169,11.447,1
45217,"2023-10-18 22:25:00",170,11.430,1
45217,"2023-10-18 22:26:00",171,11.413,1
45217,"2023-10-18 22:27:00",172,11.396,1
45217,"2023-10-18 22:28:00",173,11.379,1
45217,"2023-10-18 22:29:00",174,11.362,1
45217,"2023-10-18 22:30:00",175,11.345,1
45217,"2023-10-18 22:31:00",176,11.328,1
45217,"2023-10-18 22:32:00",177,11.311,1
45217,"2023-10-18 22:33:00",178,11.300,1
45217,"2023-10-18 22:34:00",179,11.207,1
45217,"2023-10-18 22:35:00",180,11.114,1
45217,"2023-10-18 22:36:00",181,11.021,1
45217,"2023-10-18 22:37:00",182,10.928,1
45217,"2023-10-18 22:38:00",183,10.835,1
45217,"2023-10-18 22:39:00",184,10.742,1
45217,"2023-10-18 22:40:00",185,10.649,1
45217,"2023-10-18 22:41:00",186,10.556,1
45217,"2023-10-18 22:42:00",187,10.463,1
45217,"2023-10-18 22:43:00",188,10.370,1
45217,"2023-10-18 22:44:00",189,10.277,1
45217,"2023-10-18 22:45:00",190,10.184,1
45217,"2023-10-18 22:46:00",191,10.091,1
45217,"2023-10-18 22:47:00",192,9.998,1
45217,"2023-10-18 22:48:00",193,9.900,1
45217,"2023-10-18 22:49:00",194,9.833,1
45217,"2023-10-18 22:50:00",195,9.766,1
45217,"2023-10-18 22:51:00",196,9.699,1
45217,"2023-10-18 22:52:00",197,9.632,1
45217,"2023-10-18 22:53:00",198,9.565,1
45217,"2023-10-18 22:54:00",199,9.498,1
45217,"2023-10-18 22:55:00",200,9.431,1
45217,"2023-10-18 22:56:00",201,9.364,1
45217,"2023-10-18 22:57:00",202,9.297,1
45217,"2023-10-18 22:58:00",203,9.230,1
45217,"2023-10-18 22:59:00",204,9.163,1
45217,"2023-10-18 23:00:00",205,9.096,1
45217,"2023-10-18 23:01:00",206,9.029,1
45217,"2023-10-18 23:02:00",207,8.962,1
45217,"2023-10-18 23:03:00",208,8.900,1
45217,"2023-10-18 23:04:00",209,8.833,1
45217,"2023-10-18 23:05:00",210,8.766,1
45217,"2023-10-18 23:06:00",211,8.699,1
45217,"2023-10-18 23:07:00",212,8.632,1
45217,"2023-10-18 23:08:00",213,8.565,1
45217,"2023-10-18 23:09:00",214,8.498,1
45217,"2023-10-18 23:10:00",215,8.431,1
45217,"2023-10-18 23:11:00",216,8.364,1
45217,"2023-10-18 23:12:00",217,8.297,1
45217,"2023-10-18 23:13:00",218,8.230,1
45217,"2023-10-18 23:14:00",219,8.163,1
45217,"2023-10-18 23:15:00",220,8.096,1
45217,"2023-10-18 23:16:00",221,8.029,1
45217,"2023-10-18 23:17:00",222,7.962,1
45217,"2023-10-18 23:18:00",223,7.900,1
45217,"2023-10-18 23:19:00",224,7.853,1
45217,"2023-10-18 23:20:00",225,7.806,1
45217,"2023-10-18 23:21:00",226,7.759,1
45217,"2023-10-18 23:22:00",227,7.712,1
45217,"2023-10-18 23:23:00",228,7.665,1
45217,"2023-10-18 23:24:00",229,7.618,1
45217,"2023-10-18 23:25:00",230,7.571,1
45217,"2023-10-18 23:26:00",231,7.524,1
45217,"2023-10-18 23:27:00",232,7.477,1
45217,"2023-10-18 23:28:00",233,7.430,1
45217,"2023-10-18 23:29:00",234,7.383,1
45217,"2023-10-18 23:30:00",235,7.336,1
45217,"2023-10-18 23:31:00",236,7.289,1
45217,"2023-10-18 23:32:00",237,7.242,1
45217,"2023-10-18 23:33:00",238,7.200,1
45217,"2023-10-18 23:34:00",239,7.167,1
45217,"2023-10-18 23:35:00",240,7.134,1
45217,"2023-10-18 23:36:00",241,7.101,1
45217,"2023-10-18 23:37:00",242,7.068,1
45217,"2023-10-18 23:38:00",243,7.035,1
45217,"2023-10-18 23:39:00",244,7.002,1
45217,"2023-10-18 23:40:00",245,6.969,1
45217,"2023-10-18 23:41:00",246,6.936,1
45217,"2023-10-18 23:42:00",247,6.903,1
45217,"2023-10-18 23:43:00",248,6.870,1
45217,"2023-10-18 23:44:00",249,6.837,1
45217,"2023-10-18 23:45:00",250,6.804,1
45217,"2023-10-18 23:46:00",251,6.771,1
45217,"2023-10-18 23:47:00",252,6.738,1
45217,"2023-10-18 23:48:00",253,6.700,1
45217,"2023-10-18 23:49:00",254,6.667,1
45217,"2023-10-18 23:50:00",255,6.634,1
45217,"2023-10-18 23:51:00",256,6.601,1
45217,"2023-10-18 23:52:00",257,6.568,1
45217,"2023-10-18 23:53:00",258,6.535,1
45217,"2023-10-18 23:54:00",259,6.502,1
45217,"2023-10-18 23:55:00",260,6.469,1
45217,"2023-10-18 23:56:00",261,6.436,1
45217,"2023-10-18 23:57:00",262,6.403,1
45217,"2023-10-18 23:58:00",263,6.370,1
45217,"2023-10-18 23:59:00",264,6.337,1
45217,"2023-10-19 00:00:00",265,6.304,1
45217,"2023-10-19 00:01:00",266,6.271,1
45217,"2023-10-19 00:02:00",267,6.238,1
45217,"2023-10-19 00:03:00",268,6.200,1
45217,"2023-10-19 00:04:00",269,6.167,1
45217,"2023-10-19 00:05:00",270,6.134,1
45217,"2023-10-19 00:06:00",271,6.101,1
45217,"2023-10-19 00:07:00",272,6.068,1
45217,"2023-10-19 00:08:00",273,6.035,1
45217,"2023-10-19 00:09:00",274,6.002,1
45217,"2023-10-19 00:10:00",275,5.969,1
45217,"2023-10-19 00:11:00",276,5.936,1
45217,"2023-10-19 00:12:00",277,5.903,1
45217,"2023-10-19 00:13:00",278,5.870,1
45217,"2023-10-19 00:14:00",279,5.837,1
45217,"2023-10-19 00:15:00",280,5.804,1
45217,"2023-10-19 00:16:00",281,5.771,1
45217,"2023-10-19 00:17:00",282,5.738,1
45217,"2023-10-19 00:18:00",283,5.700,1
45217,"2023-10-19 00:19:00",284,5.680,1
45217,"2023-10-19 00:20:00",285,5.660,1
45217,"2023-10-19 00:21:00",286,5.640,1
45217,"2023-10-19 00:22:00",287,5.620,1
45217,"2023-10-19 00:23:00",288,5.600,1
45217,"2023-10-19 00:24:00",289,5.580,1
45217,"2023-10-19 00:25:00",290,5.560,1
45217,"2023-10-19 00:26:00",291,5.540,1
45217,"2023-10-19 00:27:00",292,5.520,1
45217,"2023-10-19 00:28:00",293,5.500,1
45217,"2023-10-19 00:29:00",294,5.480,1
45217,"2023-10-19 00:30:00",295,5.460,1
45217,"2023-10-19 00:31:00",296,5.440,1
45217,"2023-10-19 00:32:00",297,5.420,1
45217,"2023-10-19 00:33:00",298,5.400,1
45217,"2023-10-19 00:34:00",299,5.380,1
45217,"2023-10-19 00:35:00",300,5.360,1
45217,"2023-10-19 00:36:00",301,5.340,1
45217,"2023-10-19 00:37:00",302,5.320,1
45217,"2023-10-19 00:38:00",303,5.300,1
45217,"2023-10-19 00:39:00",304,5.280,1
45217,"2023-10-19 00:40:00",305,5.260,1
45217,"2023-10-19 00:41:00",306,5.240,1
45217,"2023-10-19 00:42:00",307,5.220,1
45217,"2023-10-19 00:43:00",308,5.200,1
45217,"2023-10-19 00:44:00",309,5.180,1
45217,"2023-10-19 00:45:00",310,5.160,1
45217,"2023-10-19 00:46:00",311,5.140,1
45217,"2023-10-19 00:47:00",312,5.120,1
45217,"2023-10-19 00:48:00",313,5.100,1
45217,"2023-10-19 00:49:00",314,5.080,1
45217,"2023-10-19 00:50:00",315,5.060,1
45217,"2023-10-19 00:51:00",316,5.040,1
45217,"2023-10-19 00:52:00",317,5.020,1
45217,"2023-10-19 00:53:00",318,5.000,1
45217,"2023-10-19 00:54:00",319,4.980,1
45217,"2023-10-19 00:55:00",320,4.960,1
45217,"2023-10-19 00:56:00",321,4.940,1
45217,"2023-10-19 00:57:00",322,4.920,1
45217,"2023-10-19 00:58:00",323,4.900,1
45217,"2023-10-19 00:59:00",324,4.880,1
45217,"2023-10-19 01:00:00",325,4.860,1
45217,"2023-10-19 01:01:00",326,4.840,1
45217,"2023-10-19 01:02:00",327,4.820,1
45217,"2023-10-19 01:03:00",328,4.800,1
45217,"2023-10-19 01:04:00",329,4.767,1
45217,"2023-10-19 01:05:00",330,4.734,1
45217,"2023-10-19 01:06:00",331,4.701,1
45217,"2023-10-19 01:07:00",332,4.668,1
45217,"2023-10-19 01:08:00",333,4.635,1
45217,"2023-10-19 01:09:00",334,4.602,1
45217,"2023-10-19 01:10:00",335,4.569,1
45217,"2023-10-19 01:11:00",336,4.536,1
45217,"2023-10-19 01:12:00",337,4.503,1
45217,"2023-10-19 01:13:00",338,4.470,1
45217,"2023-10-19 01:14:00",339,4.437,1
45217,"2023-10-19 01:15:00",340,4.404,1
45217,"2023-10-19 01:16:00",341,4.371,1
45217,"2023-10-19 01:17:00",342,4.338,1
45217,"2023-10-19 01:18:00",343,4.300,1
45217,"2023-10-19 01:19:00",344,4.253,1
45217,"2023-10-19 01:20:00",345,4.206,1
45217,"2023-10-19 01:21:00",346,4.159,1
45217,"2023-10-19 01:22:00",347,4.112,1
45217,"2023-10-19 01:23:00",348,4.065,1
45217,"2023-10-19 01:24:00",349,4.018,1
45217,"2023-10-19 01:25:00",350,3.971,1
45217,"2023-10-19 01:26:00",351,3.924,1
45217,"2023-10-19 01:27:00",352,3.877,1
45217,"2023-10-19 01:28:00",353,3.830,1
45217,"2023-10-19 01:29:00",354,3.783,1
45217,"2023-10-19 01:30:00",355,3.736,1
45217,"2023-10-19 01:31:00",356,3.689,1
45217,"2023-10-19 01:32:00",357,3.642,1
45217,"2023-10-19 01:33:00",358,3.600,1
45217,"2023-10-19 01:34:00",359,3.573,1
45217,"2023-10-19 01:35:00",360,3.546,1
45217,"2023-10-19 01:36:00",361,3.519,1
45217,"2023-10-19 01:37:00",362,3.492,1
45217,"2023-10-19 01:38:00",363,3.465,1
45217,"2023-10-19 01:39:00",364,3.438,1
45217,"2023-10-19 01:40:00",365,3.411,1
45217,"2023-10-19 01:41:00",366,3.384,1
45217,"2023-10-19 01:42:00",367,3.357,1
45217,"2023-10-19 01:43:00",368,3.330,1
45217,"2023-10-19 01:44:00",369,3.303,1
45217,"2023-10-19 01:45:00",370,3.276,1
45217,"2023-10-19 01:46:00",371,3.249,1
45217,"2023-10-19 01:47:00",372,3.222,1
45217,"2023-10-19 01:48:00",373,3.200,1
45217,"2023-10-19 01:49:00",374,3.193,1
45217,"2023-10-19 01:50:00",375,3.186,1
45217,"2023-10-19 01:51:00",376,3.179,1
45217,"2023-10-19 01:52:00",377,3.172,1
45217,"2023-10-19 01:53:00",378,3.165,1
45217,"2023-10-19 01:54:00",379,3.158,1
45217,"2023-10-19 01:55:00",380,3.151,1
45217,"2023-10-19 01:56:00",381,3.144,1
45217,"2023-10-19 01:57:00",382,3.137,1
45217,"2023-10-19 01:58:00",383,3.130,1
45217,"2023-10-19 01:59:00",384,3.123,1
45217,"2023-10-19 02:00:00",385,3.116,1
45217,"2023-10-19 02:01:00",386,3.109,1
45217,"2023-10-19 02:02:00",387,3.102,1
45217,"2023-10-19 02:03:00",388,3.100,1
45217,"2023-10-19 02:04:00",389,3.113,1
45217,"2023-10-19 02:05:00",390,3.126,1
45217,"2023-10-19 02:06:00",391,3.139,1
45217,"2023-10-19 02:07:00",392,3.152,1
45217,"2023-10-19 02:08:00",393,3.165,1
45217,"2023-10-19 02:09:00",394,3.178,1
45217,"2023-10-19 02:10:00",395,3.191,1
45217,"2023-10-19 02:11:00",396,3.204,1
45217,"2023-10-19 02:12:00",397,3.217,1
45217,"2023-10-19 02:13:00",398,3.230,1
45217,"2023-10-19 02:14:00",399,3.243,1
45217,"2023-10-19 02:15:00",400,3.256,1
45217,"2023-10-19 02:16:00",401,3.269,1
45217,"2023-10-19 02:17:00",402,3.282,1
45217,"2023-10-19 02:18:00",403,3.300,1
45217,"2023-10-19 02:19:00",404,3.333,1
45217,"2023-10-19 02:20:00",405,3.366,1
45217,"2023-10-19 02:21:00",406,3.399,1
45217,"2023-10-19 02:22:00",407,3.432,1
45217,"2023-10-19 02:23:00",408,3.465,1
45217,"2023-10-19 02:24:00",409,3.498,1
45217,"2023-10-19 02:25:00",410,3.531,1
45217,"2023-10-19 02:26:00",411,3.564,1
45217,"2023-10-19 02:27:00",412,3.597,1
45217,"2023-10-19 02:28:00",413,3.630,1
45217,"2023-10-19 02:29:00",414,3.663,1
45217,"2023-10-19 02:30:00",415,3.696,1
45217,"2023-10-19 02:31:00",416,3.729,1
45217,"2023-10-19 02:32:00",417,3.762,1
45217,"2023-10-19 02:33:00",418,3.800,1
45217,"2023-10-19 02:34:00",419,3.800,1
45217,"2023-10-19 02:35:00",420,3.800,1
45217,"2023-10-19 02:36:00",421,3.800,1
45217,"2023-10-19 02:37:00",422,3.800,1
45217,"2023-10-19 02:38:00",423,3.800,1
45217,"2023-10-19 02:39:00",424,3.800,1
45217,"2023-10-19 02:40:00",425,3.800,1
45217,"2023-10-19 02:41:00",426,3.800,1
45217,"2023-10-19 02:42:00",427,3.800,1
45217,"2023-10-19 02:43:00",428,3.800,1
45217,"2023-10-19 02:44:00",429,3.800,1
45217,"2023-10-19 02:45:00",430,3.800,1
45217,"2023-10-19 02:46:00",431,3.800,1
45217,"2023-10-19 02:47:00",432,3.800,1
45217,"2023-10-19 02:48:00",433,3.800,1
45217,"2023-10-19 02:49:00",434,3.787,1
45217,"2023-10-19 02:50:00",435,3.774,1
45217,"2023-10-19 02:51:00",436,3.761,1
45217,"2023-10-19 02:52:00",437,3.748,1
45217,"2023-10-19 02:53:00",438,3.735,1
45217,"2023-10-19 02:54:00",439,3.722,1
45217,"2023-10-19 02:55:00",440,3.709,1
45217,"2023-10-19 02:56:00",441,3.696,1
45217,"2023-10-19 02:57:00",442,3.683,1
45217,"2023-10-19 02:58:00",443,3.670,1
45217,"2023-10-19 02:59:00",444,3.657,1
45217,"2023-10-19 03:00:00",445,3.644,1
45217,"2023-10-19 03:01:00",446,3.631,1
45217,"2023-10-19 03:02:00",447,3.618,1
45217,"2023-10-19 03:03:00",448,3.600,1
45217,"2023-10-19 03:04:00",449,3.593,1
45217,"2023-10-19 03:05:00",450,3.586,1
45217,"2023-10-19 03:06:00",451,3.579,1
45217,"2023-10-19 03:07:00",452,3.572,1
45217,"2023-10-19 03:08:00",453,3.565,1
45217,"2023-10-19 03:09:00",454,3.558,1
45217,"2023-10-19 03:10:00",455,3.551,1
45217,"2023-10-19 03:11:00",456,3.544,1
45217,"2023-10-19 03:12:00",457,3.537,1
45217,"2023-10-19 03:13:00",458,3.530,1
45217,"2023-10-19 03:14:00",459,3.523,1
45217,"2023-10-19 03:15:00",460,3.516,1
45217,"2023-10-19 03:16:00",461,3.509,1
45217,"2023-10-19 03:17:00",462,3.502,1
45217,"2023-10-19 03:18:00",463,3.500,1
45217,"2023-10-19 03:19:00",464,3.487,1
45217,"2023-10-19 03:20:00",465,3.474,1
45217,"2023-10-19 03:21:00",466,3.461,1
45217,"2023-10-19 03:22:00",467,3.448,1
45217,"2023-10-19 03:23:00",468,3.435,1
45217,"2023-10-19 03:24:00",469,3.422,1
45217,"2023-10-19 03:25:00",470,3.409,1
45217,"2023-10-19 03:26:00",471,3.396,1
45217,"2023-10-19 03:27:00",472,3.383,1
45217,"2023-10-19 03:28:00",473,3.370,1
45217,"2023-10-19 03:29:00",474,3.357,1
45217,"2023-10-19 03:30:00",475,3.344,1
45217,"2023-10-19 03:31:00",476,3.331,1
45217,"2023-10-19 03:32:00",477,3.318,1
45217,"2023-10-19 03:33:00",478,3.300,1
45217,"2023-10-19 03:34:00",479,3.287,1
45223,"2023-10-24 19:00:00",0,5.789,1
45223,"2023-10-24 19:01:00",1,5.742,1
45223,"2023-10-24 19:02:00",2,5.700,1
45223,"2023-10-24 19:03:00",3,5.660,1
45223,"2023-10-24 19:04:00",4,5.620,1
45223,"2023-10-24 19:05:00",5,5.580,1
45223,"2023-10-24 19:06:00",6,5.540,1
45223,"2023-10-24 19:07:00",7,5.500,1
45223,"2023-10-24 19:08:00",8,5.460,1
45223,"2023-10-24 19:09:00",9,5.420,1
45223,"2023-10-24 19:10:00",10,5.380,1
45223,"2023-10-24 19:11:00",11,5.340,1
45223,"2023-10-24 19:12:00",12,5.300,1
45223,"2023-10-24 19:13:00",13,5.260,1
45223,"2023-10-24 19:14:00",14,5.220,1
45223,"2023-10-24 19:15:00",15,5.180,1
45223,"2023-10-24 19:16:00",16,5.140,1
45223,"2023-10-24 19:17:00",17,5.100,1
45223,"2023-10-24 19:18:00",18,5.167,1
45223,"2023-10-24 19:19:00",19,5.234,1
45223,"2023-10-24 19:20:00",20,5.301,1
45223,"2023-10-24 19:21:00",21,5.368,1
45223,"2023-10-24 19:22:00",22,5.435,1
45223,"2023-10-24 19:23:00",23,5.502,1
45223,"2023-10-24 19:24:00",24,5.569,1
45223,"2023-10-24 19:25:00",25,5.636,1
45223,"2023-10-24 19:26:00",26,5.703,1
45223,"2023-10-24 19:27:00",27,5.770,1
45223,"2023-10-24 19:28:00",28,5.837,1
45223,"2023-10-24 19:29:00",29,5.904,1
45223,"2023-10-24 19:30:00",30,5.971,1
45223,"2023-10-24 19:31:00",31,6.038,1
45223,"2023-10-24 19:32:00",32,6.100,1
45223,"2023-10-24 19:33:00",33,6.247,1
45223,"2023-10-24 19:34:00",34,6.394,1
45223,"2023-10-24 19:35:00",35,6.541,1
45223,"2023-10-24 19:36:00",36,6.688,1
45223,"2023-10-24 19:37:00",37,6.835,1
45223,"2023-10-24 19:38:00",38,6.982,1
45223,"2023-10-24 19:39:00",39,7.129,1
45223,"2023-10-24 19:40:00",40,7.276,1
45223,"2023-10-24 19:41:00",41,7.423,1
45223,"2023-10-24 19:42:00",42,7.570,1
45223,"2023-10-24 19:43:00",43,7.717,1
45223,"2023-10-24 19:44:00",44,7.864,1
45223,"2023-10-24 19:45:00",45,8.011,1
45223,"2023-10-24 19:46:00",46,8.158,1
45223,"2023-10-24 19:47:00",47,8.300,1
45223,"2023-10-24 19:48:00",48,8.400,1
45223,"2023-10-24 19:49:00",49,8.500,1
45223,"2023-10-24 19:50:00",50,8.600,1
45223,"2023-10-24 19:51:00",51,8.700,1
45223,"2023-10-24 19:52:00",52,8.800,1
45223,"2023-10-24 19:53:00",53,8.900,1
45223,"2023-10-24 19:54:00",54,9.000,1
45223,"2023-10-24 19:55:00",55,9.100,1
45223,"2023-10-24 19:56:00",56,9.200,1
45223,"2023-10-24 19:57:00",57,9.300,1
45223,"2023-10-24 19:58:00",58,9.400,1
45223,"2023-10-24 19:59:00",59,9.500,1
45223,"2023-10-24 20:00:00",60,9.600,1
45223,"2023-10-24 20:01:00",61,9.700,1
45223,"2023-10-24 20:02:00",62,9.800,1
45223,"2023-10-24 20:03:00",63,9.814,1
45223,"2023-10-24 20:04:00",64,9.828,1
45223,"2023-10-24 20:05:00",65,9.842,1
45223,"2023-10-24 20:06:00",66,9.856,1
45223,"2023-10-24 20:07:00",67,9.870,1
45223,"2023-10-24 20:08:00",68,9.884,1
45223,"2023-10-24 20:09:00",69,9.898,1
45223,"2023-10-24 20:10:00",70,9.912,1
45223,"2023-10-24 20:11:00",71,9.926,1
45223,"2023-10-24 20:12:00",72,9.940,1
45223,"2023-10-24 20:13:00",73,9.954,1
45223,"2023-10-24 20:14:00",74,9.968,1
45223,"2023-10-24 20:15:00",75,9.982,1
45223,"2023-10-24 20:16:00",76,10.000,1
45223,"2023-10-24 20:17:00",77,10.040,1
45223,"2023-10-24 20:18:00",78,10.080,1
45223,"2023-10-24 20:19:00",79,10.120,1
45223,"2023-10-24 20:20:00",80,10.160,1
45223,"2023-10-24 20:21:00",81,10.200,1
45223,"2023-10-24 20:22:00",82,10.240,1
45223,"2023-10-24 20:23:00",83,10.280,1
45223,"2023-10-24 20:24:00",84,10.320,1
45223,"2023-10-24 20:25:00",85,10.360,1
45223,"2023-10-24 20:26:00",86,10.400,1
45223,"2023-10-24 20:27:00",87,10.440,1
45223,"2023-10-24 20:28:00",88,10.480,1
45223,"2023-10-24 20:29:00",89,10.520,1
45223,"2023-10-24 20:30:00",90,10.560,1
45223,"2023-10-24 20:31:00",91,10.600,1
45223,"2023-10-24 20:32:00",92,10.624,1
45223,"2023-10-24 20:33:00",93,10.648,1
45223,"2023-10-24 20:34:00",94,10.672,1
45223,"2023-10-24 20:35:00",95,10.696,1
45223,"2023-10-24 20:36:00",96,10.720,1
45223,"2023-10-24 20:37:00",97,10.744,1
45223,"2023-10-24 20:38:00",98,10.768,1
45223,"2023-10-24 20:39:00",99,10.792,1
45223,"2023-10-24 20:40:00",100,10.816,1
45223,"2023-10-24 20:41:00",101,10.840,1
45223,"2023-10-24 20:42:00",102,10.864,1
45223,"2023-10-24 20:43:00",103,10.888,1
45223,"2023-10-24 20:44:00",104,10.912,1
45223,"2023-10-24 20:45:00",105,10.936,1
45223,"2023-10-24 20:46:00",106,10.960,1
45223,"2023-10-24 20:47:00",107,10.984,1
45223,"2023-10-24 20:48:00",108,11.000,1
45223,"2023-10-24 20:49:00",109,10.927,1
45223,"2023-10-24 20:50:00",110,10.854,1
45223,"2023-10-24 20:51:00",111,10.781,1
45223,"2023-10-24 20:52:00",112,10.708,1
45223,"2023-10-24 20:53:00",113,10.635,1
45223,"2023-10-24 20:54:00",114,10.562,1
45223,"2023-10-24 20:55:00",115,10.489,1
45223,"2023-10-24 20:56:00",116,10.416,1
45223,"2023-10-24 20:57:00",117,10.343,1
45223,"2023-10-24 20:58:00",118,10.270,1
45223,"2023-10-24 20:59:00",119,10.197,1
45223,"2023-10-24 21:00:00",120,10.124,1
45223,"2023-10-24 21:01:00",121,10.051,1
45223,"2023-10-24 21:02:00",122,9.978,1
45223,"2023-10-24 21:03:00",123,9.900,1
45223,"2023-10-24 21:04:00",124,9.793,1
45223,"2023-10-24 21:05:00",125,9.686,1
45223,"2023-10-24 21:06:00",126,9.579,1
45223,"2023-10-24 21:07:00",127,9.472,1
45223,"2023-10-24 21:08:00",128,9.365,1
45223,"2023-10-24 21:09:00",129,9.258,1
45223,"2023-10-24 21:10:00",130,9.151,1
45223,"2023-10-24 21:11:00",131,9.044,1
45223,"2023-10-24 21:12:00",132,8.937,1
45223,"2023-10-24 21:13:00",133,8.830,1
45223,"2023-10-24 21:14:00",134,8.723,1
45223,"2023-10-24 21:15:00",135,8.616,1
45223,"2023-10-24 21:16:00",136,8.509,1
45223,"2023-10-24 21:17:00",137,8.402,1
45223,"2023-10-24 21:18:00",138,8.300,1
45223,"2023-10-24 21:19:00",139,8.207,1
45223,"2023-10-24 21:20:00",140,8.114,1
45223,"2023-10-24 21:21:00",141,8.021,1
45223,"2023-10-24 21:22:00",142,7.928,1
45223,"2023-10-24 21:23:00",143,7.835,1
45223,"2023-10-24 21:24:00",144,7.742,1
45223,"2023-10-24 21:25:00",145,7.649,1
45223,"2023-10-24 21:26:00",146,7.556,1
45223,"2023-10-24 21:27:00",147,7.463,1
45223,"2023-10-24 21:28:00",148,7.370,1
45223,"2023-10-24 21:29:00",149,7.277,1
45223,"2023-10-24 21:30:00",150,7.184,1
45223,"2023-10-24 21:31:00",151,7.091,1
45223,"2023-10-24 21:32:00",152,6.998,1
45223,"2023-10-24 21:33:00",153,6.900,1
45223,"2023-10-24 21:34:00",154,6.853,1
45223,"2023-10-24 21:35:00",155,6.806,1
45223,"2023-10-24 21:36:00",156,6.759,1
45223,"2023-10-24 21:37:00",157,6.712,1
45223,"2023-10-24 21:38:00",158,6.665,1
45223,"2023-10-24 21:39:00",159,6.618,1
45223,"2023-10-24 21:40:00",160,6.571,1
45223,"2023-10-24 21:41:00",161,6.524,1
45223,"2023-10-24 21:42:00",162,6.477,1
45223,"2023-10-24 21:43:00",163,6.430,1
45223,"2023-10-24 21:44:00",164,6.383,1
45223,"2023-10-24 21:45:00",165,6.336,1
45223,"2023-10-24 21:46:00",166,6.289,1
45223,"2023-10-24 21:47:00",167,6.242,1
45223,"2023-10-24 21:48:00",168,6.200,1
45223,"2023-10-24 21:49:00",169,6.133,1
45223,"2023-10-24 21:50:00",170,6.066,1
45223,"2023-10-24 21:51:00",171,5.999,1
45223,"2023-10-24 21:52:00",172,5.932,1
45223,"2023-10-24 21:53:00",173,5.865,1
45223,"2023-10-24 21:54:00",174,5.798,1
45223,"2023-10-24 21:55:00",175,5.731,1
45223,"2023-10-24 21:56:00",176,5.664,1
45223,"2023-10-24 21:57:00",177,5.597,1
45223,"2023-10-24 21:58:00",178,5.530,1
45223,"2023-10-24 21:59:00",179,5.463,1
45223,"2023-10-24 22:00:00",180,5.396,1
45223,"2023-10-24 22:01:00",181,5.329,1
45223,"2023-10-24 22:02:00",182,5.262,1
45223,"2023-10-24 22:03:00",183,5.200,1
45223,"2023-10-24 22:04:00",184,5.113,1
45223,"2023-10-24 22:05:00",185,5.026,1
45223,"2023-10-24 22:06:00",186,4.939,1
45223,"2023-10-24 22:07:00",187,4.852,1
45223,"2023-10-24 22:08:00",188,4.765,1
45223,"2023-10-24 22:09:00",189,4.678,1
45223,"2023-10-24 22:10:00",190,4.591,1
45223,"2023-10-24 22:11:00",191,4.504,1
45223,"2023-10-24 22:12:00",192,4.417,1
45223,"2023-10-24 22:13:00",193,4.330,1
45223,"2023-10-24 22:14:00",194,4.243,1
45223,"2023-10-24 22:15:00",195,4.156,1
45223,"2023-10-24 22:16:00",196,4.069,1
45223,"2023-10-24 22:17:00",197,3.982,1
45223,"2023-10-24 22:18:00",198,3.900,1
45223,"2023-10-24 22:19:00",199,3.840,1
45223,"2023-10-24 22:20:00",200,3.780,1
45223,"2023-10-24 22:21:00",201,3.720,1
45223,"2023-10-24 22:22:00",202,3.660,1
45223,"2023-10-24 22:23:00",203,3.600,1
45223,"2023-10-24 22:24:00",204,3.540,1
45223,"2023-10-24 22:25:00",205,3.480,1
45223,"2023-10-24 22:26:00",206,3.420,1
45223,"2023-10-24 22:27:00",207,3.360,1
45223,"2023-10-24 22:28:00",208,3.300,1
45223,"2023-10-24 22:29:00",209,3.240,1
45223,"2023-10-24 22:30:00",210,3.180,1
45223,"2023-10-24 22:31:00",211,3.120,1
45223,"2023-10-24 22:32:00",212,3.060,1
45223,"2023-10-24 22:33:00",213,3.000,1
45223,"2023-10-24 22:34:00",214,2.993,1
45223,"2023-10-24 22:35:00",215,2.986,1
45223,"2023-10-24 22:36:00",216,2.979,1
45223,"2023-10-24 22:37:00",217,2.972,1
45223,"2023-10-24 22:38:00",218,2.965,1
45223,"2023-10-24 22:39:00",219,2.958,1
45223,"2023-10-24 22:40:00",220,2.951,1
45223,"2023-10-24 22:41:00",221,2.944,1
45223,"2023-10-24 22:42:00",222,2.937,1
45223,"2023-10-24 22:43:00",223,2.930,1
45223,"2023-10-24 22:44:00",224,2.923,1
45223,"2023-10-24 22:45:00",225,2.916,1
45223,"2023-10-24 22:46:00",226,2.909,1
45223,"2023-10-24 22:47:00",227,2.902,1
45223,"2023-10-24 22:48:00",228,2.900,1
45223,"2023-10-24 22:49:00",229,2.900,1
45223,"2023-10-24 22:50:00",230,2.900,1
45223,"2023-10-24 22:51:00",231,2.900,1
45223,"2023-10-24 22:52:00",232,2.900,1
45223,"2023-10-24 22:53:00",233,2.900,1
45223,"2023-10-24 22:54:00",234,2.900,1
45223,"2023-10-24 22:55:00",235,2.900,1
45223,"2023-10-24 22:56:00",236,2.900,1
45223,"2023-10-24 22:57:00",237,2.900,1
45223,"2023-10-24 22:58:00",238,2.900,1
45223,"2023-10-24 22:59:00",239,2.900,1
45223,"2023-10-24 23:00:00",240,2.900,1
45223,"2023-10-24 23:01:00",241,2.900,1
45223,"2023-10-24 23:02:00",242,2.900,1
45223,"2023-10-24 23:03:00",243,2.900,1
45223,"2023-10-24 23:04:00",244,2.920,1
45223,"2023-10-24 23:05:00",245,2.940,1
45223,"2023-10-24 23:06:00",246,2.960,1
45223,"2023-10-24 23:07:00",247,2.980,1
45223,"2023-10-24 23:08:00",248,3.000,1
45223,"2023-10-24 23:09:00",249,3.020,1
45223,"2023-10-24 23:10:00",250,3.040,1
45223,"2023-10-24 23:11:00",251,3.060,1
45223,"2023-10-24 23:12:00",252,3.080,1
45223,"2023-10-24 23:13:00",253,3.100,1
45223,"2023-10-24 23:14:00",254,3.120,1
45223,"2023-10-24 23:15:00",255,3.140,1
45223,"2023-10-24 23:16:00",256,3.160,1
45223,"2023-10-24 23:17:00",257,3.180,1
45223,"2023-10-24 23:18:00",258,3.200,1
45223,"2023-10-24 23:19:00",259,3.220,1
45223,"2023-10-24 23:20:00",260,3.240,1
45223,"2023-10-24 23:21:00",261,3.260,1
45223,"2023-10-24 23:22:00",262,3.280,1
45223,"2023-10-24 23:23:00",263,3.300,1
45223,"2023-10-24 23:24:00",264,3.320,1
45223,"2023-10-24 23:25:00",265,3.340,1
45223,"2023-10-24 23:26:00",266,3.360,1
45223,"2023-10-24 23:27:00",267,3.380,1
45223,"2023-10-24 23:28:00",268,3.400,1
45223,"2023-10-24 23:29:00",269,3.420,1
45223,"2023-10-24 23:30:00",270,3.440,1
45223,"2023-10-24 23:31:00",271,3.460,1
45223,"2023-10-24 23:32:00",272,3.480,1
45223,"2023-10-24 23:33:00",273,3.500,1
45223,"2023-10-24 23:34:00",274,3.487,1
45223,"2023-10-24 23:35:00",275,3.474,1
45223,"2023-10-24 23:36:00",276,3.461,1
45223,"2023-10-24 23:37:00",277,3.448,1
45223,"2023-10-24 23:38:00",278,3.435,1
45223,"2023-10-24 23:39:00",279,3.422,1
45223,"2023-10-24 23:40:00",280,3.409,1
45223,"2023-10-24 23:41:00",281,3.396,1
45223,"2023-10-24 23:42:00",282,3.383,1
45223,"2023-10-24 23:43:00",283,3.370,1
45223,"2023-10-24 23:44:00",284,3.357,1
45223,"2023-10-24 23:45:00",285,3.344,1
45223,"2023-10-24 23:46:00",286,3.331,1
45223,"2023-10-24 23:47:00",287,3.318,1
45223,"2023-10-24 23:48:00",288,3.300,1
45223,"2023-10-24 23:49:00",289,3.280,1
45223,"2023-10-24 23:50:00",290,3.260,1
45223,"2023-10-24 23:51:00",291,3.240,1
45223,"2023-10-24 23:52:00",292,3.220,1
45223,"2023-10-24 23:53:00",293,3.200,1
45223,"2023-10-24 23:54:00",294,3.180,1
45223,"2023-10-24 23:55:00",295,3.160,1
45223,"2023-10-24 23:56:00",296,3.140,1
45223,"2023-10-24 23:57:00",297,3.120,1
45223,"2023-10-24 23:58:00",298,3.100,1
45223,"2023-10-24 23:59:00",299,3.080,1
45223,"2023-10-25 00:00:00",300,3.060,1
45223,"2023-10-25 00:01:00",301,3.040,1
45223,"2023-10-25 00:02:00",302,3.020,1
45223,"2023-10-25 00:03:00",303,3.000,1
45223,"2023-10-25 00:04:00",304,2.993,1
45223,"2023-10-25 00:05:00",305,2.986,1
45223,"2023-10-25 00:06:00",306,2.979,1
45223,"2023-10-25 00:07:00",307,2.972,1
45223,"2023-10-25 00:08:00",308,2.965,1
45223,"2023-10-25 00:09:00",309,2.958,1
45223,"2023-10-25 00:10:00",310,2.951,1
45223,"2023-10-25 00:11:00",311,2.944,1
45223,"2023-10-25 00:12:00",312,2.937,1
45223,"2023-10-25 00:13:00",313,2.930,1
45223,"2023-10-25 00:14:00",314,2.923,1
45223,"2023-10-25 00:15:00",315,2.916,1
45223,"2023-10-25 00:16:00",316,2.909,1
45223,"2023-10-25 00:17:00",317,2.902,1
45223,"2023-10-25 00:18:00",318,2.900,1
45223,"2023-10-25 00:19:00",319,2.900,1
45223,"2023-10-25 00:20:00",320,2.900,1
45223,"2023-10-25 00:21:00",321,2.900,1
45223,"2023-10-25 00:22:00",322,2.900,1
45223,"2023-10-25 00:23:00",323,2.900,1
45223,"2023-10-25 00:24:00",324,2.900,1
45223,"2023-10-25 00:25:00",325,2.900,1
45223,"2023-10-25 00:26:00",326,2.900,1
45223,"2023-10-25 00:27:00",327,2.900,1
45223,"2023-10-25 00:28:00",328,2.900,1
45223,"2023-10-25 00:29:00",329,2.900,1
45223,"2023-10-25 00:30:00",330,2.900,1
45223,"2023-10-25 00:31:00",331,2.900,1
45223,"2023-10-25 00:32:00",332,2.900,1
45223,"2023-10-25 00:33:00",333,2.900,1
45223,"2023-10-25 00:34:00",334,2.900,1
45223,"2023-10-25 00:35:00",335,2.900,1
45223,"2023-10-25 00:36:00",336,2.900,1
45223,"2023-10-25 00:37:00",337,2.900,1
45223,"2023-10-25 00:38:00",338,2.900,1
45223,"2023-10-25 00:39:00",339,2.900,1
45223,"2023-10-25 00:40:00",340,2.900,1
45223,"2023-10-25 00:41:00",341,2.900,1
45223,"2023-10-25 00:42:00",342,2.900,1
45223,"2023-10-25 00:43:00",343,2.900,1
45223,"2023-10-25 00:44:00",344,2.900,1
45223,"2023-10-25 00:45:00",345,2.900,1
45223,"2023-10-25 00:46:00",346,2.900,1
45223,"2023-10-25 00:47:00",347,2.900,1
45223,"2023-10-25 00:48:00",348,2.900,1
45223,"2023-10-25 00:49:00",349,2.900,1
45223,"2023-10-25 00:50:00",350,2.907,1
45223,"2023-10-25 00:51:00",351,2.914,1
45223,"2023-10-25 00:52:00",352,2.921,1
45223,"2023-10-25 00:53:00",353,2.928,1
45223,"2023-10-25 00:54:00",354,2.935,1
45223,"2023-10-25 00:55:00",355,2.942,1
45223,"2023-10-25 00:56:00",356,2.949,1
45223,"2023-10-25 00:57:00",357,2.956,1
45223,"2023-10-25 00:58:00",358,2.963,1
45223,"2023-10-25 00:59:00",359,2.970,1
45223,"2023-10-25 01:00:00",360,2.977,1
45223,"2023-10-25 01:01:00",361,2.984,1
45223,"2023-10-25 01:02:00",362,2.991,1
45223,"2023-10-25 01:03:00",363,2.998,1
45223,"2023-10-25 01:04:00",364,3.000,1
45223,"2023-10-25 01:05:00",365,2.993,1
45223,"2023-10-25 01:06:00",366,2.986,1
45223,"2023-10-25 01:07:00",367,2.979,1
45223,"2023-10-25 01:08:00",368,2.972,1
45223,"2023-10-25 01:09:00",369,2.965,1
45223,"2023-10-25 01:10:00",370,2.958,1
45223,"2023-10-25 01:11:00",371,2.951,1
45223,"2023-10-25 01:12:00",372,2.944,1
45223,"2023-10-25 01:13:00",373,2.937,1
45223,"2023-10-25 01:14:00",374,2.930,1
45223,"2023-10-25 01:15:00",375,2.923,1
45223,"2023-10-25 01:16:00",376,2.916,1
45223,"2023-10-25 01:17:00",377,2.909,1
45223,"2023-10-25 01:18:00",378,2.902,1
45223,"2023-10-25 01:19:00",379,2.900,1
45223,"2023-10-25 01:20:00",380,2.900,1
45223,"2023-10-25 01:21:00",381,2.900,1
45223,"2023-10-25 01:22:00",382,2.900,1
45223,"2023-10-25 01:23:00",383,2.900,1
45223,"2023-10-25 01:24:00",384,2.900,1
45223,"2023-10-25 01:25:00",385,2.900,1
45223,"2023-10-25 01:26:00",386,2.900,1
45223,"2023-10-25 01:27:00",387,2.900,1
45223,"2023-10-25 01:28:00",388,2.900,1
45223,"2023-10-25 01:29:00",389,2.900,1
45223,"2023-10-25 01:30:00",390,2.900,1
45223,"2023-10-25 01:31:00",391,2.900,1
45223,"2023-10-25 01:32:00",392,2.900,1
45223,"2023-10-25 01:33:00",393,2.900,1
45223,"2023-10-25 01:34:00",394,2.900,1
45223,"2023-10-25 01:35:00",395,2.900,1
45223,"2023-10-25 01:36:00",396,2.900,1
45223,"2023-10-25 01:37:00",397,2.900,1
45223,"2023-10-25 01:38:00",398,2.900,1
45223,"2023-10-25 01:39:00",399,2.900,1
45223,"2023-10-25 01:40:00",400,2.900,1
45223,"2023-10-25 01:41:00",401,2.900,1
45223,"2023-10-25 01:42:00",402,2.900,1
45223,"2023-10-25 01:43:00",403,2.900,1
45223,"2023-10-25 01:44:00",404,2.900,1
45223,"2023-10-25 01:45:00",405,2.900,1
45223,"2023-10-25 01:46:00",406,2.900,1
45223,"2023-10-25 01:47:00",407,2.900,1
45223,"2023-10-25 01:48:00",408,2.900,1
45223,"2023-10-25 01:49:00",409,2.900,1
45223,"2023-10-25 01:50:00",410,2.900,1
45223,"2023-10-25 01:51:00",411,2.900,1
45223,"2023-10-25 01:52:00",412,2.900,1
45223,"2023-10-25 01:53:00",413,2.900,1
45223,"2023-10-25 01:54:00",414,2.900,1
45223,"2023-10-25 01:55:00",415,2.900,1
45223,"2023-10-25 01:56:00",416,2.900,1
45223,"2023-10-25 01:57:00",417,2.900,1
45223,"2023-10-25 01:58:00",418,2.900,1
45223,"2023-10-25 01:59:00",419,2.900,1
45223,"2023-10-25 02:00:00",420,2.900,1
45223,"2023-10-25 02:01:00",421,2.900,1
45223,"2023-10-25 02:02:00",422,2.900,1
45223,"2023-10-25 02:03:00",423,2.900,1
45223,"2023-10-25 02:04:00",424,2.900,1
45223,"2023-10-25 02:05:00",425,2.900,1
45223,"2023-10-25 02:06:00",426,2.900,1
45223,"2023-10-25 02:07:00",427,2.913,1
45223,"2023-10-25 02:08:00",428,2.926,1
45223,"2023-10-25 02:09:00",429,2.939,1
45223,"2023-10-25 02:10:00",430,2.952,1
45223,"2023-10-25 02:11:00",431,2.965,1
45223,"2023-10-25 02:12:00",432,2.978,1
45223,"2023-10-25 02:13:00",433,2.991,1
45223,"2023-10-25 02:14:00",434,3.004,1
45223,"2023-10-25 02:15:00",435,3.017,1
45223,"2023-10-25 02:16:00",436,3.030,1
45223,"2023-10-25 02:17:00",437,3.043,1
45223,"2023-10-25 02:18:00",438,3.056,1
45223,"2023-10-25 02:19:00",439,3.069,1
45223,"2023-10-25 02:20:00",440,3.082,1
45223,"2023-10-25 02:21:00",441,3.100,1
45223,"2023-10-25 02:22:00",442,3.187,1
45223,"2023-10-25 02:23:00",443,3.274,1
45223,"2023-10-25 02:24:00",444,3.361,1
45223,"2023-10-25 02:25:00",445,3.448,1
45223,"2023-10-25 02:26:00",446,3.535,1
45223,"2023-10-25 02:27:00",447,3.622,1
45223,"2023-10-25 02:28:00",448,3.709,1
45223,"2023-10-25 02:29:00",449,3.796,1
45223,"2023-10-25 02:30:00",450,3.883,1
45223,"2023-10-25 02:31:00",451,3.970,1
45223,"2023-10-25 02:32:00",452,4.057,1
45223,"2023-10-25 02:33:00",453,4.144,1
45223,"2023-10-25 02:34:00",454,4.231,1
45223,"2023-10-25 02:35:00",455,4.318,1
45223,"2023-10-25 02:36:00",456,4.400,1
45223,"2023-10-25 02:37:00",457,4.587,1
45223,"2023-10-25 02:38:00",458,4.774,1
45223,"2023-10-25 02:39:00",459,4.961,1
45223,"2023-10-25 02:40:00",460,5.148,1
45223,"2023-10-25 02:41:00",461,5.335,1
45223,"2023-10-25 02:42:00",462,5.522,1
45223,"2023-10-25 02:43:00",463,5.709,1
45223,"2023-10-25 02:44:00",464,5.896,1
45223,"2023-10-25 02:45:00",465,6.083,1
45223,"2023-10-25 02:46:00",466,6.270,1
45223,"2023-10-25 02:47:00",467,6.457,1
45223,"2023-10-25 02:48:00",468,6.644,1
45223,"2023-10-25 02:49:00",469,6.831,1
45223,"2023-10-25 02:50:00",470,7.018,1
45223,"2023-10-25 02:51:00",471,7.200,1
45223,"2023-10-25 02:52:00",472,7.313,1
45223,"2023-10-25 02:53:00",473,7.426,1
45223,"2023-10-25 02:54:00",474,7.539,1
45223,"2023-10-25 02:55:00",475,7.652,1
45223,"2023-10-25 02:56:00",476,7.765,1
45223,"2023-10-25 02:57:00",477,7.878,1
45223,"2023-10-25 02:58:00",478,7.991,1
45223,"2023-10-25 02:59:00",479,8.104,1
45229,"2023-10-30 20:50:00",0,4.277,1
45229,"2023-10-30 20:51:00",1,4.130,1
45229,"2023-10-30 20:52:00",2,3.983,1
45229,"2023-10-30 20:53:00",3,3.836,1
45229,"2023-10-30 20:54:00",4,3.689,1
45229,"2023-10-30 20:55:00",5,3.542,1
45229,"2023-10-30 20:56:00",6,3.400,1
45229,"2023-10-30 20:57:00",7,3.371,1
45229,"2023-10-30 20:58:00",8,3.342,1
45229,"2023-10-30 20:59:00",9,3.313,1
45229,"2023-10-30 21:00:00",10,3.284,1
45229,"2023-10-30 21:01:00",11,3.255,1
45229,"2023-10-30 21:02:00",12,3.226,1
45229,"2023-10-30 21:03:00",13,3.197,1
45229,"2023-10-30 21:04:00",14,3.168,1
45229,"2023-10-30 21:05:00",15,3.139,1
45229,"2023-10-30 21:06:00",16,3.110,1
45229,"2023-10-30 21:07:00",17,3.081,1
45229,"2023-10-30 21:08:00",18,3.052,1
45229,"2023-10-30 21:09:00",19,3.023,1
45229,"2023-10-30 21:10:00",20,2.994,1
45229,"2023-10-30 21:11:00",21,2.965,1
45229,"2023-10-30 21:12:00",22,2.936,1
45229,"2023-10-30 21:13:00",23,2.900,1
45229,"2023-10-30 21:14:00",24,2.900,1
45229,"2023-10-30 21:15:00",25,2.900,1
45229,"2023-10-30 21:16:00",26,2.900,1
45229,"2023-10-30 21:17:00",27,2.900,1
45229,"2023-10-30 21:18:00",28,2.900,1
45229,"2023-10-30 21:19:00",29,2.900,1
45229,"2023-10-30 21:20:00",30,2.900,1
45229,"2023-10-30 21:21:00",31,2.900,1
45229,"2023-10-30 21:22:00",32,2.900,1
45229,"2023-10-30 21:23:00",33,2.900,1
45229,"2023-10-30 21:24:00",34,2.900,1
45229,"2023-10-30 21:25:00",35,2.900,1
45229,"2023-10-30 21:26:00",36,2.900,1
45229,"2023-10-30 21:27:00",37,2.900,1
45229,"2023-10-30 21:28:00",38,2.900,1
45229,"2023-10-30 21:29:00",39,2.933,1
45229,"2023-10-30 21:30:00",40,2.966,1
45229,"2023-10-30 21:31:00",41,2.999,1
45229,"2023-10-30 21:32:00",42,3.032,1
45229,"2023-10-30 21:33:00",43,3.065,1
45229,"2023-10-30 21:34:00",44,3.098,1
45229,"2023-10-30 21:35:00",45,3.131,1
45229,"2023-10-30 21:36:00",46,3.164,1
45229,"2023-10-30 21:37:00",47,3.197,1
45229,"2023-10-30 21:38:00",48,3.230,1
45229,"2023-10-30 21:39:00",49,3.263,1
45229,"2023-10-30 21:40:00",50,3.296,1
45229,"2023-10-30 21:41:00",51,3.329,1
45229,"2023-10-30 21:42:00",52,3.362,1
45229,"2023-10-30 21:43:00",53,3.400,1
45229,"2023-10-30 21:44:00",54,3.500,1
45229,"2023-10-30 21:45:00",55,3.600,1
45229,"2023-10-30 21:46:00",56,3.700,1
45229,"2023-10-30 21:47:00",57,3.800,1
45229,"2023-10-30 21:48:00",58,3.900,1
45229,"2023-10-30 21:49:00",59,4.000,1
45229,"2023-10-30 21:50:00",60,4.100,1
45229,"2023-10-30 21:51:00",61,4.200,1
45229,"2023-10-30 21:52:00",62,4.300,1
45229,"2023-10-30 21:53:00",63,4.400,1
45229,"2023-10-30 21:54:00",64,4.500,1
45229,"2023-10-30 21:55:00",65,4.600,1
45229,"2023-10-30 21:56:00",66,4.700,1
45229,"2023-10-30 21:57:00",67,4.800,1
45229,"2023-10-30 21:58:00",68,4.900,1
45229,"2023-10-30 21:59:00",69,4.987,1
45229,"2023-10-30 22:00:00",70,5.074,1
45229,"2023-10-30 22:01:00",71,5.161,1
45229,"2023-10-30 22:02:00",72,5.248,1
45229,"2023-10-30 22:03:00",73,5.335,1
45229,"2023-10-30 22:04:00",74,5.422,1
45229,"2023-10-30 22:05:00",75,5.509,1
45229,"2023-10-30 22:06:00",76,5.596,1
45229,"2023-10-30 22:07:00",77,5.683,1
45229,"2023-10-30 22:08:00",78,5.770,1
45229,"2023-10-30 22:09:00",79,5.857,1
45229,"2023-10-30 22:10:00",80,5.944,1
45229,"2023-10-30 22:11:00",81,6.031,1
45229,"2023-10-30 22:12:00",82,6.118,1
45229,"2023-10-30 22:13:00",83,6.200,1
45229,"2023-10-30 22:14:00",84,6.240,1
45229,"2023-10-30 22:15:00",85,6.280,1
45229,"2023-10-30 22:16:00",86,6.320,1
45229,"2023-10-30 22:17:00",87,6.360,1
45229,"2023-10-30 22:18:00",88,6.400,1
45229,"2023-10-30 22:19:00",89,6.440,1
45229,"2023-10-30 22:20:00",90,6.480,1
45229,"2023-10-30 22:21:00",91,6.520,1
45229,"2023-10-30 22:22:00",92,6.560,1
45229,"2023-10-30 22:23:00",93,6.600,1
45229,"2023-10-30 22:24:00",94,6.640,1
45229,"2023-10-30 22:25:00",95,6.680,1
45229,"2023-10-30 22:26:00",96,6.720,1
45229,"2023-10-30 22:27:00",97,6.760,1
45229,"2023-10-30 22:28:00",98,6.800,1
45229,"2023-10-30 22:29:00",99,6.907,1
45229,"2023-10-30 22:30:00",100,7.014,1
45229,"2023-10-30 22:31:00",101,7.121,1
45229,"2023-10-30 22:32:00",102,7.228,1
45229,"2023-10-30 22:33:00",103,7.335,1
45229,"2023-10-30 22:34:00",104,7.442,1
45229,"2023-10-30 22:35:00",105,7.549,1
45229,"2023-10-30 22:36:00",106,7.656,1
45229,"2023-10-30 22:37:00",107,7.763,1
45229,"2023-10-30 22:38:00",108,7.870,1
45229,"2023-10-30 22:39:00",109,7.977,1
45229,"2023-10-30 22:40:00",110,8.084,1
45229,"2023-10-30 22:41:00",111,8.191,1
45229,"2023-10-30 22:42:00",112,8.298,1
45229,"2023-10-30 22:43:00",113,8.400,1
45229,"2023-10-30 22:44:00",114,8.493,1
45229,"2023-10-30 22:45:00",115,8.586,1
45229,"2023-10-30 22:46:00",116,8.679,1
45229,"2023-10-30 22:47:00",117,8.772,1
45229,"2023-10-30 22:48:00",118,8.865,1
45229,"2023-10-30 22:49:00",119,8.958,1
45229,"2023-10-30 22:50:00",120,9.051,1
45229,"2023-10-30 22:51:00",121,9.144,1
45229,"2023-10-30 22:52:00",122,9.237,1
45229,"2023-10-30 22:53:00",123,9.330,1
45229,"2023-10-30 22:54:00",124,9.423,1
45229,"2023-10-30 22:55:00",125,9.516,1
45229,"2023-10-30 22:56:00",126,9.609,1
45229,"2023-10-30 22:57:00",127,9.702,1
45229,"2023-10-30 22:58:00",128,9.800,1
45229,"2023-10-30 22:59:00",129,9.787,1
45229,"2023-10-30 23:00:00",130,9.774,1
45229,"2023-10-30 23:01:00",131,9.761,1
45229,"2023-10-30 23:02:00",132,9.748,1
45229,"2023-10-30 23:03:00",133,9.735,1
45229,"2023-10-30 23:04:00",134,9.722,1
45229,"2023-10-30 23:05:00",135,9.709,1
45229,"2023-10-30 23:06:00",136,9.696,1
45229,"2023-10-30 23:07:00",137,9.683,1
45229,"2023-10-30 23:08:00",138,9.670,1
45229,"2023-10-30 23:09:00",139,9.657,1
45229,"2023-10-30 23:10:00",140,9.644,1
45229,"2023-10-30 23:11:00",141,9.631,1
45229,"2023-10-30 23:12:00",142,9.618,1
45229,"2023-10-30 23:13:00",143,9.600,1
45229,"2023-10-30 23:14:00",144,9.627,1
45229,"2023-10-30 23:15:00",145,9.654,1
45229,"2023-10-30 23:16:00",146,9.681,1
45229,"2023-10-30 23:17:00",147,9.708,1
45229,"2023-10-30 23:18:00",148,9.735,1
45229,"2023-10-30 23:19:00",149,9.762,1
45229,"2023-10-30 23:20:00",150,9.789,1
45229,"2023-10-30 23:21:00",151,9.816,1
45229,"2023-10-30 23:22:00",152,9.843,1
45229,"2023-10-30 23:23:00",153,9.870,1
45229,"2023-10-30 23:24:00",154,9.897,1
45229,"2023-10-30 23:25:00",155,9.924,1
45229,"2023-10-30 23:26:00",156,9.951,1
45229,"2023-10-30 23:27:00",157,9.978,1
45229,"2023-10-30 23:28:00",158,10.000,1
45229,"2023-10-30 23:29:00",159,10.087,1
45229,"2023-10-30 23:30:00",160,10.174,1
45229,"2023-10-30 23:31:00",161,10.261,1
45229,"2023-10-30 23:32:00",162,10.348,1
45229,"2023-10-30 23:33:00",163,10.435,1
45229,"2023-10-30 23:34:00",164,10.522,1
45229,"2023-10-30 23:35:00",165,10.609,1
45229,"2023-10-30 23:36:00",166,10.696,1
45229,"2023-10-30 23:37:00",167,10.783,1
45229,"2023-10-30 23:38:00",168,10.870,1
45229,"2023-10-30 23:39:00",169,10.957,1
45229,"2023-10-30 23:40:00",170,11.044,1
45229,"2023-10-30 23:41:00",171,11.131,1
45229,"2023-10-30 23:42:00",172,11.218,1
45229,"2023-10-30 23:43:00",173,11.300,1
45229,"2023-10-30 23:44:00",174,11.367,1
45229,"2023-10-30 23:45:00",175,11.434,1
45229,"2023-10-30 23:46:00",176,11.501,1
45229,"2023-10-30 23:47:00",177,11.568,1
45229,"2023-10-30 23:48:00",178,11.635,1
45229,"2023-10-30 23:49:00",179,11.702,1
45229,"2023-10-30 23:50:00",180,11.769,1
45229,"2023-10-30 23:51:00",181,11.836,1
45229,"2023-10-30 23:52:00",182,11.903,1
45229,"2023-10-30 23:53:00",183,11.970,1
45229,"2023-10-30 23:54:00",184,12.037,1
45229,"2023-10-30 23:55:00",185,12.104,1
45229,"2023-10-30 23:56:00",186,12.171,1
45229,"2023-10-30 23:57:00",187,12.238,1
45229,"2023-10-30 23:58:00",188,12.300,1
45229,"2023-10-30 23:59:00",189,12.367,1
45229,"2023-10-31 00:00:00",190,12.434,1
45229,"2023-10-31 00:01:00",191,12.501,1
45229,"2023-10-31 00:02:00",192,12.568,1
45229,"2023-10-31 00:03:00",193,12.635,1
45229,"2023-10-31 00:04:00",194,12.702,1
45229,"2023-10-31 00:05:00",195,12.769,1
45229,"2023-10-31 00:06:00",196,12.836,1
45229,"2023-10-31 00:07:00",197,12.903,1
45229,"2023-10-31 00:08:00",198,12.970,1
45229,"2023-10-31 00:09:00",199,13.037,1
45229,"2023-10-31 00:10:00",200,13.104,1
45229,"2023-10-31 00:11:00",201,13.171,1
45229,"2023-10-31 00:12:00",202,13.238,1
45229,"2023-10-31 00:13:00",203,13.300,1
45229,"2023-10-31 00:14:00",204,13.320,1
45229,"2023-10-31 00:15:00",205,13.340,1
45229,"2023-10-31 00:16:00",206,13.360,1
45229,"2023-10-31 00:17:00",207,13.380,1
45229,"2023-10-31 00:18:00",208,13.400,1
45229,"2023-10-31 00:19:00",209,13.420,1
45229,"2023-10-31 00:20:00",210,13.440,1
45229,"2023-10-31 00:21:00",211,13.460,1
45229,"2023-10-31 00:22:00",212,13.480,1
45229,"2023-10-31 00:23:00",213,13.500,1
45229,"2023-10-31 00:24:00",214,13.520,1
45229,"2023-10-31 00:25:00",215,13.540,1
45229,"2023-10-31 00:26:00",216,13.560,1
45229,"2023-10-31 00:27:00",217,13.580,1
45229,"2023-10-31 00:28:00",218,13.600,1
45229,"2023-10-31 00:29:00",219,13.567,1
45229,"2023-10-31 00:30:00",220,13.534,1
45229,"2023-10-31 00:31:00",221,13.501,1
45229,"2023-10-31 00:32:00",222,13.468,1
45229,"2023-10-31 00:33:00",223,13.435,1
45229,"2023-10-31 00:34:00",224,13.402,1
45229,"2023-10-31 00:35:00",225,13.369,1
45229,"2023-10-31 00:36:00",226,13.336,1
45229,"2023-10-31 00:37:00",227,13.303,1
45229,"2023-10-31 00:38:00",228,13.270,1
45229,"2023-10-31 00:39:00",229,13.237,1
45229,"2023-10-31 00:40:00",230,13.204,1
45229,"2023-10-31 00:41:00",231,13.171,1
45229,"2023-10-31 00:42:00",232,13.138,1
45229,"2023-10-31 00:43:00",233,13.100,1
45229,"2023-10-31 00:44:00",234,13.087,1
45229,"2023-10-31 00:45:00",235,13.074,1
45229,"2023-10-31 00:46:00",236,13.061,1
45229,"2023-10-31 00:47:00",237,13.048,1
45229,"2023-10-31 00:48:00",238,13.035,1
45229,"2023-10-31 00:49:00",239,13.022,1
45229,"2023-10-31 00:50:00",240,13.009,1
45229,"2023-10-31 00:51:00",241,12.996,1
45229,"2023-10-31 00:52:00",242,12.983,1
45229,"2023-10-31 00:53:00",243,12.970,1
45229,"2023-10-31 00:54:00",244,12.957,1
45229,"2023-10-31 00:55:00",245,12.944,1
45229,"2023-10-31 00:56:00",246,12.931,1
45229,"2023-10-31 00:57:00",247,12.918,1
45229,"2023-10-31 00:58:00",248,12.900,1
45229,"2023-10-31 00:59:00",249,12.887,1
45229,"2023-10-31 01:00:00",250,12.874,1
45229,"2023-10-31 01:01:00",251,12.861,1
45229,"2023-10-31 01:02:00",252,12.848,1
45229,"2023-10-31 01:03:00",253,12.835,1
45229,"2023-10-31 01:04:00",254,12.822,1
45229,"2023-10-31 01:05:00",255,12.809,1
45229,"2023-10-31 01:06:00",256,12.796,1
45229,"2023-10-31 01:07:00",257,12.783,1
45229,"2023-10-31 01:08:00",258,12.770,1
45229,"2023-10-31 01:09:00",259,12.757,1
45229,"2023-10-31 01:10:00",260,12.744,1
45229,"2023-10-31 01:11:00",261,12.731,1
45229,"2023-10-31 01:12:00",262,12.718,1
45229,"2023-10-31 01:13:00",263,12.700,1
45229,"2023-10-31 01:14:00",264,12.673,1
45229,"2023-10-31 01:15:00",265,12.646,1
45229,"2023-10-31 01:16:00",266,12.619,1
45229,"2023-10-31 01:17:00",267,12.592,1
45229,"2023-10-31 01:18:00",268,12.565,1
45229,"2023-10-31 01:19:00",269,12.538,1
45229,"2023-10-31 01:20:00",270,12.511,1
45229,"2023-10-31 01:21:00",271,12.484,1
45229,"2023-10-31 01:22:00",272,12.457,1
45229,"2023-10-31 01:23:00",273,12.430,1
45229,"2023-10-31 01:24:00",274,12.403,1
45229,"2023-10-31 01:25:00",275,12.376,1
45229,"2023-10-31 01:26:00",276,12.349,1
45229,"2023-10-31 01:27:00",277,12.322,1
45229,"2023-10-31 01:28:00",278,12.300,1
45229,"2023-10-31 01:29:00",279,12.240,1
45229,"2023-10-31 01:30:00",280,12.180,1
45229,"2023-10-31 01:31:00",281,12.120,1
45229,"2023-10-31 01:32:00",282,12.060,1
45229,"2023-10-31 01:33:00",283,12.000,1
45229,"2023-10-31 01:34:00",284,11.940,1
45229,"2023-10-31 01:35:00",285,11.880,1
45229,"2023-10-31 01:36:00",286,11.820,1
45229,"2023-10-31 01:37:00",287,11.760,1
45229,"2023-10-31 01:38:00",288,11.700,1
45229,"2023-10-31 01:39:00",289,11.640,1
45229,"2023-10-31 01:40:00",290,11.580,1
45229,"2023-10-31 01:41:00",291,11.520,1
45229,"2023-10-31 01:42:00",292,11.460,1
45229,"2023-10-31 01:43:00",293,11.400,1
45229,"2023-10-31 01:44:00",294,11.360,1
45229,"2023-10-31 01:45:00",295,11.320,1
45229,"2023-10-31 01:46:00",296,11.280,1
45229,"2023-10-31 01:47:00",297,11.240,1
45229,"2023-10-31 01:48:00",298,11.200,1
45229,"2023-10-31 01:49:00",299,11.160,1
45229,"2023-10-31 01:50:00",300,11.120,1
45229,"2023-10-31 01:51:00",301,11.080,1
45229,"2023-10-31 01:52:00",302,11.040,1
45229,"2023-10-31 01:53:00",303,11.000,1
45229,"2023-10-31 01:54:00",304,10.960,1
45229,"2023-10-31 01:55:00",305,10.920,1
45229,"2023-10-31 01:56:00",306,10.880,1
45229,"2023-10-31 01:57:00",307,10.840,1
45229,"2023-10-31 01:58:00",308,10.800,1
45229,"2023-10-31 01:59:00",309,10.840,1
45229,"2023-10-31 02:00:00",310,10.880,1
45229,"2023-10-31 02:01:00",311,10.920,1
45229,"2023-10-31 02:02:00",312,10.960,1
45229,"2023-10-31 02:03:00",313,11.000,1
45229,"2023-10-31 02:04:00",314,11.040,1
45229,"2023-10-31 02:05:00",315,11.080,1
45229,"2023-10-31 02:06:00",316,11.120,1
45229,"2023-10-31 02:07:00",317,11.160,1
45229,"2023-10-31 02:08:00",318,11.200,1
45229,"2023-10-31 02:09:00",319,11.240,1
45229,"2023-10-31 02:10:00",320,11.280,1
45229,"2023-10-31 02:11:00",321,11.320,1
45229,"2023-10-31 02:12:00",322,11.360,1
45229,"2023-10-31 02:13:00",323,11.400,1
45229,"2023-10-31 02:14:00",324,11.447,1
45229,"2023-10-31 02:15:00",325,11.494,1
45229,"2023-10-31 02:16:00",326,11.541,1
45229,"2023-10-31 02:17:00",327,11.588,1
45229,"2023-10-31 02:18:00",328,11.635,1
45229,"2023-10-31 02:19:00",329,11.682,1
45229,"2023-10-31 02:20:00",330,11.729,1
45229,"2023-10-31 02:21:00",331,11.776,1
45229,"2023-10-31 02:22:00",332,11.823,1
45229,"2023-10-31 02:23:00",333,11.870,1
45229,"2023-10-31 02:24:00",334,11.917,1
45229,"2023-10-31 02:25:00",335,11.964,1
45229,"2023-10-31 02:26:00",336,12.011,1
45229,"2023-10-31 02:27:00",337,12.058,1
45229,"2023-10-31 02:28:00",338,12.100,1
45229,"2023-10-31 02:29:00",339,12.100,1
45229,"2023-10-31 02:30:00",340,12.100,1
45229,"2023-10-31 02:31:00",341,12.100,1
45229,"2023-10-31 02:32:00",342,12.100,1
45229,"2023-10-31 02:33:00",343,12.100,1
45229,"2023-10-31 02:34:00",344,12.100,1
45229,"2023-10-31 02:35:00",345,12.100,1
45229,"2023-10-31 02:36:00",346,12.100,1
45229,"2023-10-31 02:37:00",347,12.100,1
45229,"2023-10-31 02:38:00",348,12.100,1
45229,"2023-10-31 02:39:00",349,12.100,1
45229,"2023-10-31 02:40:00",350,12.100,1
45229,"2023-10-31 02:41:00",351,12.100,1
45229,"2023-10-31 02:42:00",352,12.100,1
45229,"2023-10-31 02:43:00",353,12.100,1
45229,"2023-10-31 02:44:00",354,12.113,1
45229,"2023-10-31 02:45:00",355,12.126,1
45229,"2023-10-31 02:46:00",356,12.139,1
45229,"2023-10-31 02:47:00",357,12.152,1
45229,"2023-10-31 02:48:00",358,12.165,1
45229,"2023-10-31 02:49:00",359,12.178,1
45229,"2023-10-31 02:50:00",360,12.191,1
45229,"2023-10-31 02:51:00",361,12.204,1
45229,"2023-10-31 02:52:00",362,12.217,1
45229,"2023-10-31 02:53:00",363,12.230,1
45229,"2023-10-31 02:54:00",364,12.243,1
45229,"2023-10-31 02:55:00",365,12.256,1
45229,"2023-10-31 02:56:00",366,12.269,1
45229,"2023-10-31 02:57:00",367,12.282,1
45229,"2023-10-31 02:58:00",368,12.300,1
45229,"2023-10-31 02:59:00",369,12.333,1
45229,"2023-10-31 03:00:00",370,12.366,1
45229,"2023-10-31 03:01:00",371,12.399,1
45229,"2023-10-31 03:02:00",372,12.432,1
45229,"2023-10-31 03:03:00",373,12.465,1
45229,"2023-10-31 03:04:00",374,12.498,1
45229,"2023-10-31 03:05:00",375,12.531,1
45229,"2023-10-31 03:06:00",376,12.564,1
45229,"2023-10-31 03:07:00",377,12.597,1
45229,"2023-10-31 03:08:00",378,12.630,1
45229,"2023-10-31 03:09:00",379,12.663,1
45229,"2023-10-31 03:10:00",380,12.696,1
45229,"2023-10-31 03:11:00",381,12.729,1
45229,"2023-10-31 03:12:00",382,12.762,1
45229,"2023-10-31 03:13:00",383,12.800,1
45229,"2023-10-31 03:14:00",384,12.813,1
45229,"2023-10-31 03:15:00",385,12.826,1
45229,"2023-10-31 03:16:00",386,12.839,1
45229,"2023-10-31 03:17:00",387,12.852,1
45229,"2023-10-31 03:18:00",388,12.865,1
45229,"2023-10-31 03:19:00",389,12.878,1
45229,"2023-10-31 03:20:00",390,12.891,1
45229,"2023-10-31 03:21:00",391,12.904,1
45229,"2023-10-31 03:22:00",392,12.917,1
45229,"2023-10-31 03:23:00",393,12.930,1
45229,"2023-10-31 03:24:00",394,12.943,1
45229,"2023-10-31 03:25:00",395,12.956,1
45229,"2023-10-31 03:26:00",396,12.969,1
45229,"2023-10-31 03:27:00",397,12.982,1
45229,"2023-10-31 03:28:00",398,13.000,1
45229,"2023-10-31 03:29:00",399,13.007,1
45229,"2023-10-31 03:30:00",400,13.014,1
45229,"2023-10-31 03:31:00",401,13.021,1
45229,"2023-10-31 03:32:00",402,13.028,1
45229,"2023-10-31 03:33:00",403,13.035,1
45229,"2023-10-31 03:34:00",404,13.042,1
45229,"2023-10-31 03:35:00",405,13.049,1
45229,"2023-10-31 03:36:00",406,13.056,1
45229,"2023-10-31 03:37:00",407,13.063,1
45229,"2023-10-31 03:38:00",408,13.070,1
45229,"2023-10-31 03:39:00",409,13.077,1
45229,"2023-10-31 03:40:00",410,13.084,1
45229,"2023-10-31 03:41:00",411,13.091,1
45229,"2023-10-31 03:42:00",412,13.098,1
45229,"2023-10-31 03:43:00",413,13.100,1
45229,"2023-10-31 03:44:00",414,13.087,1
45229,"2023-10-31 03:45:00",415,13.074,1
45229,"2023-10-31 03:46:00",416,13.061,1
45229,"2023-10-31 03:47:00",417,13.048,1
45229,"2023-10-31 03:48:00",418,13.035,1
45229,"2023-10-31 03:49:00",419,13.022,1
45229,"2023-10-31 03:50:00",420,13.009,1
45229,"2023-10-31 03:51:00",421,12.996,1
45229,"2023-10-31 03:52:00",422,12.983,1
45229,"2023-10-31 03:53:00",423,12.970,1
45229,"2023-10-31 03:54:00",424,12.957,1
45229,"2023-10-31 03:55:00",425,12.944,1
45229,"2023-10-31 03:56:00",426,12.931,1
45229,"2023-10-31 03:57:00",427,12.918,1
45229,"2023-10-31 03:58:00",428,12.900,1
45229,"2023-10-31 03:59:00",429,12.833,1
45229,"2023-10-31 04:00:00",430,12.766,1
45229,"2023-10-31 04:01:00",431,12.699,1
45229,"2023-10-31 04:02:00",432,12.632,1
45229,"2023-10-31 04:03:00",433,12.565,1
45229,"2023-10-31 04:04:00",434,12.498,1
45229,"2023-10-31 04:05:00",435,12.431,1
45229,"2023-10-31 04:06:00",436,12.364,1
45229,"2023-10-31 04:07:00",437,12.297,1
45229,"2023-10-31 04:08:00",438,12.230,1
45229,"2023-10-31 04:09:00",439,12.163,1
45229,"2023-10-31 04:10:00",440,12.096,1
45229,"2023-10-31 04:11:00",441,12.029,1
45229,"2023-10-31 04:12:00",442,11.962,1
45229,"2023-10-31 04:13:00",443,11.900,1
45229,"2023-10-31 04:14:00",444,11.847,1
45229,"2023-10-31 04:15:00",445,11.794,1
45229,"2023-10-31 04:16:00",446,11.741,1
45229,"2023-10-31 04:17:00",447,11.688,1
45229,"2023-10-31 04:18:00",448,11.635,1
45229,"2023-10-31 04:19:00",449,11.582,1
45229,"2023-10-31 04:20:00",450,11.529,1
45229,"2023-10-31 04:21:00",451,11.476,1
45229,"2023-10-31 04:22:00",452,11.423,1
45229,"2023-10-31 04:23:00",453,11.370,1
45229,"2023-10-31 04:24:00",454,11.317,1
45229,"2023-10-31 04:25:00",455,11.264,1
45229,"2023-10-31 04:26:00",456,11.211,1
45229,"2023-10-31 04:27:00",457,11.158,1
45229,"2023-10-31 04:28:00",458,11.100,1
45229,"2023-10-31 04:29:00",459,11.120,1
45229,"2023-10-31 04:30:00",460,11.140,1
45229,"2023-10-31 04:31:00",461,11.160,1
45229,"2023-10-31 04:32:00",462,11.180,1
45229,"2023-10-31 04:33:00",463,11.200,1
45229,"2023-10-31 04:34:00",464,11.220,1
45229,"2023-10-31 04:35:00",465,11.240,1
45229,"2023-10-31 04:36:00",466,11.260,1
45229,"2023-10-31 04:37:00",467,11.280,1
45229,"2023-10-31 04:38:00",468,11.300,1
45229,"2023-10-31 04:39:00",469,11.320,1
45229,"2023-10-31 04:40:00",470,11.340,1
45229,"2023-10-31 04:41:00",471,11.360,1
45229,"2023-10-31 04:42:00",472,11.380,1
45229,"2023-10-31 04:43:00",473,11.400,1
45229,"2023-10-31 04:44:00",474,11.473,1
45229,"2023-10-31 04:45:00",475,11.546,1
45229,"2023-10-31 04:46:00",476,11.619,1
45229,"2023-10-31 04:47:00",477,11.692,1
45229,"2023-10-31 04:48:00",478,11.765,1
45229,"2023-10-31 04:49:00",479,11.838,1
45230,"2023-10-31 19:10:00",0,5.076,1
45230,"2023-10-31 19:11:00",1,5.123,1
45230,"2023-10-31 19:12:00",2,5.170,1
45230,"2023-10-31 19:13:00",3,5.217,1
45230,"2023-10-31 19:14:00",4,5.264,1
45230,"2023-10-31 19:15:00",5,5.311,1
45230,"2023-10-31 19:16:00",6,5.358,1
45230,"2023-10-31 19:17:00",7,5.400,1
45230,"2023-10-31 19:18:00",8,5.527,1
45230,"2023-10-31 19:19:00",9,5.654,1
45230,"2023-10-31 19:20:00",10,5.781,1
45230,"2023-10-31 19:21:00",11,5.908,1
45230,"2023-10-31 19:22:00",12,6.035,1
45230,"2023-10-31 19:23:00",13,6.162,1
45230,"2023-10-31 19:24:00",14,6.289,1
45230,"2023-10-31 19:25:00",15,6.416,1
45230,"2023-10-31 19:26:00",16,6.543,1
45230,"2023-10-31 19:27:00",17,6.670,1
45230,"2023-10-31 19:28:00",18,6.797,1
45230,"2023-10-31 19:29:00",19,6.924,1
45230,"2023-10-31 19:30:00",20,7.051,1
45230,"2023-10-31 19:31:00",21,7.178,1
45230,"2023-10-31 19:32:00",22,7.300,1
45230,"2023-10-31 19:33:00",23,7.481,1
45230,"2023-10-31 19:34:00",24,7.662,1
45230,"2023-10-31 19:35:00",25,7.843,1
45230,"2023-10-31 19:36:00",26,8.024,1
45230,"2023-10-31 19:37:00",27,8.205,1
45230,"2023-10-31 19:38:00",28,8.386,1
45230,"2023-10-31 19:39:00",29,8.567,1
45230,"2023-10-31 19:40:00",30,8.748,1
45230,"2023-10-31 19:41:00",31,8.929,1
45230,"2023-10-31 19:42:00",32,9.110,1
45230,"2023-10-31 19:43:00",33,9.291,1
45230,"2023-10-31 19:44:00",34,9.472,1
45230,"2023-10-31 19:45:00",35,9.653,1
45230,"2023-10-31 19:46:00",36,9.834,1
45230,"2023-10-31 19:47:00",37,10.015,1
45230,"2023-10-31 19:48:00",38,10.200,1
45230,"2023-10-31 19:49:00",39,10.340,1
45230,"2023-10-31 19:50:00",40,10.480,1
45230,"2023-10-31 19:51:00",41,10.620,1
45230,"2023-10-31 19:52:00",42,10.760,1
45230,"2023-10-31 19:53:00",43,10.900,1
45230,"2023-10-31 19:54:00",44,11.040,1
45230,"2023-10-31 19:55:00",45,11.180,1
45230,"2023-10-31 19:56:00",46,11.320,1
45230,"2023-10-31 19:57:00",47,11.460,1
45230,"2023-10-31 19:58:00",48,11.600,1
45230,"2023-10-31 19:59:00",49,11.740,1
45230,"2023-10-31 20:00:00",50,11.880,1
45230,"2023-10-31 20:01:00",51,12.020,1
45230,"2023-10-31 20:02:00",52,12.160,1
45230,"2023-10-31 20:03:00",53,12.300,1
45230,"2023-10-31 20:04:00",54,12.433,1
45230,"2023-10-31 20:05:00",55,12.566,1
45230,"2023-10-31 20:06:00",56,12.699,1
45230,"2023-10-31 20:07:00",57,12.832,1
45230,"2023-10-31 20:08:00",58,12.965,1
45230,"2023-10-31 20:09:00",59,13.098,1
45230,"2023-10-31 20:10:00",60,13.231,1
45230,"2023-10-31 20:11:00",61,13.364,1
45230,"2023-10-31 20:12:00",62,13.497,1
45230,"2023-10-31 20:13:00",63,13.630,1
45230,"2023-10-31 20:14:00",64,13.763,1
45230,"2023-10-31 20:15:00",65,13.896,1
45230,"2023-10-31 20:16:00",66,14.029,1
45230,"2023-10-31 20:17:00",67,14.162,1
45230,"2023-10-31 20:18:00",68,14.300,1
45230,"2023-10-31 20:19:00",69,14.387,1
45230,"2023-10-31 20:20:00",70,14.474,1
45230,"2023-10-31 20:21:00",71,14.561,1
45230,"2023-10-31 20:22:00",72,14.648,1
45230,"2023-10-31 20:23:00",73,14.735,1
45230,"2023-10-31 20:24:00",74,14.822,1
45230,"2023-10-31 20:25:00",75,14.909,1
45230,"2023-10-31 20:26:00",76,14.996,1
45230,"2023-10-31 20:27:00",77,15.083,1
45230,"2023-10-31 20:28:00",78,15.170,1
45230,"2023-10-31 20:29:00",79,15.257,1
45230,"2023-10-31 20:30:00",80,15.344,1
45230,"2023-10-31 20:31:00",81,15.431,1
45230,"2023-10-31 20:32:00",82,15.518,1
45230,"2023-10-31 20:33:00",83,15.600,1
45230,"2023-10-31 20:34:00",84,15.647,1
45230,"2023-10-31 20:35:00",85,15.694,1
45230,"2023-10-31 20:36:00",86,15.741,1
45230,"2023-10-31 20:37:00",87,15.788,1
45230,"2023-10-31 20:38:00",88,15.835,1
45230,"2023-10-31 20:39:00",89,15.882,1
45230,"2023-10-31 20:40:00",90,15.929,1
45230,"2023-10-31 20:41:00",91,15.976,1
45230,"2023-10-31 20:42:00",92,16.023,1
45230,"2023-10-31 20:43:00",93,16.070,1
45230,"2023-10-31 20:44:00",94,16.117,1
45230,"2023-10-31 20:45:00",95,16.164,1
45230,"2023-10-31 20:46:00",96,16.211,1
45230,"2023-10-31 20:47:00",97,16.258,1
45230,"2023-10-31 20:48:00",98,16.300,1
45230,"2023-10-31 20:49:00",99,16.307,1
45230,"2023-10-31 20:50:00",100,16.314,1
45230,"2023-10-31 20:51:00",101,16.321,1
45230,"2023-10-31 20:52:00",102,16.328,1
45230,"2023-10-31 20:53:00",103,16.335,1
45230,"2023-10-31 20:54:00",104,16.342,1
45230,"2023-10-31 20:55:00",105,16.349,1
45230,"2023-10-31 20:56:00",106,16.356,1
45230,"2023-10-31 20:57:00",107,16.363,1
45230,"2023-10-31 20:58:00",108,16.370,1
45230,"2023-10-31 20:59:00",109,16.377,1
45230,"2023-10-31 21:00:00",110,16.384,1
45230,"2023-10-31 21:01:00",111,16.391,1
45230,"2023-10-31 21:02:00",112,16.398,1
45230,"2023-10-31 21:03:00",113,16.400,1
45230,"2023-10-31 21:04:00",114,16.329,1
45230,"2023-10-31 21:05:00",115,16.258,1
45230,"2023-10-31 21:06:00",116,16.187,1
45230,"2023-10-31 21:07:00",117,16.116,1
45230,"2023-10-31 21:08:00",118,16.045,1
45230,"2023-10-31 21:09:00",119,15.974,1
45230,"2023-10-31 21:10:00",120,15.903,1
45230,"2023-10-31 21:11:00",121,15.832,1
45230,"2023-10-31 21:12:00",122,15.761,1
45230,"2023-10-31 21:13:00",123,15.690,1
45230,"2023-10-31 21:14:00",124,15.619,1
45230,"2023-10-31 21:15:00",125,15.548,1
45230,"2023-10-31 21:16:00",126,15.477,1
45230,"2023-10-31 21:17:00",127,15.406,1
45230,"2023-10-31 21:18:00",128,15.335,1
45230,"2023-10-31 21:19:00",129,15.264,1
45230,"2023-10-31 21:20:00",130,15.200,1
45230,"2023-10-31 21:21:00",131,15.140,1
45230,"2023-10-31 21:22:00",132,15.080,1
45230,"2023-10-31 21:23:00",133,15.020,1
45230,"2023-10-31 21:24:00",134,14.960,1
45230,"2023-10-31 21:25:00",135,14.900,1
45230,"2023-10-31 21:26:00",136,14.840,1
45230,"2023-10-31 21:27:00",137,14.780,1
45230,"2023-10-31 21:28:00",138,14.720,1
45230,"2023-10-31 21:29:00",139,14.660,1
45230,"2023-10-31 21:30:00",140,14.600,1
45230,"2023-10-31 21:31:00",141,14.540,1
45230,"2023-10-31 21:32:00",142,14.480,1
45230,"2023-10-31 21:33:00",143,14.420,1
45230,"2023-10-31 21:34:00",144,14.360,1
45230,"2023-10-31 21:35:00",145,14.300,1
45230,"2023-10-31 21:36:00",146,14.273,1
45230,"2023-10-31 21:37:00",147,14.246,1
45230,"2023-10-31 21:38:00",148,14.219,1
45230,"2023-10-31 21:39:00",149,14.192,1
45230,"2023-10-31 21:40:00",150,14.165,1
45230,"2023-10-31 21:41:00",151,14.138,1
45230,"2023-10-31 21:42:00",152,14.111,1
45230,"2023-10-31 21:43:00",153,14.084,1
45230,"2023-10-31 21:44:00",154,14.057,1
45230,"2023-10-31 21:45:00",155,14.030,1
45230,"2023-10-31 21:46:00",156,14.003,1
45230,"2023-10-31 21:47:00",157,13.976,1
45230,"2023-10-31 21:48:00",158,13.949,1
45230,"2023-10-31 21:49:00",159,13.922,1
45230,"2023-10-31 21:50:00",160,13.900,1
45230,"2023-10-31 21:51:00",161,13.820,1
45230,"2023-10-31 21:52:00",162,13.740,1
45230,"2023-10-31 21:53:00",163,13.660,1
45230,"2023-10-31 21:54:00",164,13.580,1
45230,"2023-10-31 21:55:00",165,13.500,1
45230,"2023-10-31 21:56:00",166,13.420,1
45230,"2023-10-31 21:57:00",167,13.340,1
45230,"2023-10-31 21:58:00",168,13.260,1
45230,"2023-10-31 21:59:00",169,13.180,1
45230,"2023-10-31 22:00:00",170,13.100,1
45230,"2023-10-31 22:01:00",171,13.020,1
45230,"2023-10-31 22:02:00",172,12.940,1
45230,"2023-10-31 22:03:00",173,12.860,1
45230,"2023-10-31 22:04:00",174,12.780,1
45230,"2023-10-31 22:05:00",175,12.700,1
45230,"2023-10-31 22:06:00",176,12.633,1
45230,"2023-10-31 22:07:00",177,12.566,1
45230,"2023-10-31 22:08:00",178,12.499,1
45230,"2023-10-31 22:09:00",179,12.432,1
45230,"2023-10-31 22:10:00",180,12.365,1
45230,"2023-10-31 22:11:00",181,12.298,1
45230,"2023-10-31 22:12:00",182,12.231,1
45230,"2023-10-31 22:13:00",183,12.164,1
45230,"2023-10-31 22:14:00",184,12.097,1
45230,"2023-10-31 22:15:00",185,12.030,1
45230,"2023-10-31 22:16:00",186,11.963,1
45230,"2023-10-31 22:17:00",187,11.896,1
45230,"2023-10-31 22:18:00",188,11.829,1
45230,"2023-10-31 22:19:00",189,11.762,1
45230,"2023-10-31 22:20:00",190,11.700,1
45230,"2023-10-31 22:21:00",191,11.633,1
45230,"2023-10-31 22:22:00",192,11.566,1
45230,"2023-10-31 22:23:00",193,11.499,1
45230,"2023-10-31 22:24:00",194,11.432,1
45230,"2023-10-31 22:25:00",195,11.365,1
45230,"2023-10-31 22:26:00",196,11.298,1
45230,"2023-10-31 22:27:00",197,11.231,1
45230,"2023-10-31 22:28:00",198,11.164,1
45230,"2023-10-31 22:29:00",199,11.097,1
45230,"2023-10-31 22:30:00",200,11.030,1
45230,"2023-10-31 22:31:00",201,10.963,1
45230,"2023-10-31 22:32:00",202,10.896,1
45230,"2023-10-31 22:33:00",203,10.829,1
45230,"2023-10-31 22:34:00",204,10.762,1
45230,"2023-10-31 22:35:00",205,10.700,1
45230,"2023-10-31 22:36:00",206,10.593,1
45230,"2023-10-31 22:37:00",207,10.486,1
45230,"2023-10-31 22:38:00",208,10.379,1
45230,"2023-10-31 22:39:00",209,10.272,1
45230,"2023-10-31 22:40:00",210,10.165,1
45230,"2023-10-31 22:41:00",211,10.058,1
45230,"2023-10-31 22:42:00",212,9.951,1
45230,"2023-10-31 22:43:00",213,9.844,1
45230,"2023-10-31 22:44:00",214,9.737,1
45230,"2023-10-31 22:45:00",215,9.630,1
45230,"2023-10-31 22:46:00",216,9.523,1
45230,"2023-10-31 22:47:00",217,9.416,1
45230,"2023-10-31 22:48:00",218,9.309,1
45230,"2023-10-31 22:49:00",219,9.202,1
45230,"2023-10-31 22:50:00",220,9.100,1
45230,"2023-10-31 22:51:00",221,9.020,1
45230,"2023-10-31 22:52:00",222,8.940,1
45230,"2023-10-31 22:53:00",223,8.860,1
45230,"2023-10-31 22:54:00",224,8.780,1
45230,"2023-10-31 22:55:00",225,8.700,1
45230,"2023-10-31 22:56:00",226,8.620,1
45230,"2023-10-31 22:57:00",227,8.540,1
45230,"2023-10-31 22:58:00",228,8.460,1
45230,"2023-10-31 22:59:00",229,8.380,1
45230,"2023-10-31 23:00:00",230,8.300,1
45230,"2023-10-31 23:01:00",231,8.220,1
45230,"2023-10-31 23:02:00",232,8.140,1
45230,"2023-10-31 23:03:00",233,8.060,1
45230,"2023-10-31 23:04:00",234,7.980,1
45230,"2023-10-31 23:05:00",235,7.900,1
45230,"2023-10-31 23:06:00",236,7.840,1
45230,"2023-10-31 23:07:00",237,7.780,1
45230,"2023-10-31 23:08:00",238,7.720,1
45230,"2023-10-31 23:09:00",239,7.660,1
45230,"2023-10-31 23:10:00",240,7.600,1
45230,"2023-10-31 23:11:00",241,7.540,1
45230,"2023-10-31 23:12:00",242,7.480,1
45230,"2023-10-31 23:13:00",243,7.420,1
45230,"2023-10-31 23:14:00",244,7.360,1
45230,"2023-10-31 23:15:00",245,7.300,1
45230,"2023-10-31 23:16:00",246,7.240,1
45230,"2023-10-31 23:17:00",247,7.180,1
45230,"2023-10-31 23:18:00",248,7.120,1
45230,"2023-10-31 23:19:00",249,7.060,1
45230,"2023-10-31 23:20:00",250,7.000,1
45230,"2023-10-31 23:21:00",251,6.933,1
45230,"2023-10-31 23:22:00",252,6.866,1
45230,"2023-10-31 23:23:00",253,6.799,1
45230,"2023-10-31 23:24:00",254,6.732,1
45230,"2023-10-31 23:25:00",255,6.665,1
45230,"2023-10-31 23:26:00",256,6.598,1
45230,"2023-10-31 23:27:00",257,6.531,1
45230,"2023-10-31 23:28:00",258,6.464,1
45230,"2023-10-31 23:29:00",259,6.397,1
45230,"2023-10-31 23:30:00",260,6.330,1
45230,"2023-10-31 23:31:00",261,6.263,1
45230,"2023-10-31 23:32:00",262,6.196,1
45230,"2023-10-31 23:33:00",263,6.129,1
45230,"2023-10-31 23:34:00",264,6.062,1
45230,"2023-10-31 23:50:00",265,4.900,1
45230,"2023-10-31 23:51:00",281,4.840,1
45230,"2023-10-31 23:52:00",282,4.780,1
45230,"2023-10-31 23:53:00",283,4.720,1
45230,"2023-10-31 23:54:00",284,4.660,1
45230,"2023-10-31 23:55:00",285,4.600,1
45230,"2023-10-31 23:56:00",286,4.540,1
45230,"2023-10-31 23:57:00",287,4.480,1
45230,"2023-10-31 23:58:00",288,4.420,1
45230,"2023-10-31 23:59:00",289,4.360,1
45230,"2023-11-01 00:00:00",290,4.300,1
45230,"2023-11-01 00:01:00",291,4.240,1
45230,"2023-11-01 00:02:00",292,4.180,1
45230,"2023-11-01 00:03:00",293,4.120,1
45230,"2023-11-01 00:04:00",294,4.060,1
45230,"2023-11-01 00:05:00",295,4.000,1
45230,"2023-11-01 00:06:00",296,3.993,1
45230,"2023-11-01 00:07:00",297,3.986,1
45230,"2023-11-01 00:08:00",298,3.979,1
45230,"2023-11-01 00:09:00",299,3.972,1
45230,"2023-11-01 00:10:00",300,3.965,1
45230,"2023-11-01 00:11:00",301,3.958,1
45230,"2023-11-01 00:12:00",302,3.951,1
45230,"2023-11-01 00:13:00",303,3.944,1
45230,"2023-11-01 00:14:00",304,3.937,1
45230,"2023-11-01 00:15:00",305,3.930,1
45230,"2023-11-01 00:16:00",306,3.923,1
45230,"2023-11-01 00:17:00",307,3.916,1
45230,"2023-11-01 00:18:00",308,3.909,1
45230,"2023-11-01 00:19:00",309,3.902,1
45230,"2023-11-01 00:20:00",310,3.900,1
45230,"2023-11-01 00:21:00",311,3.927,1
45230,"2023-11-01 00:22:00",312,3.954,1
45230,"2023-11-01 00:23:00",313,3.981,1
45230,"2023-11-01 00:24:00",314,4.008,1
45230,"2023-11-01 00:25:00",315,4.035,1
45230,"2023-11-01 00:26:00",316,4.062,1
45230,"2023-11-01 00:27:00",317,4.089,1
45230,"2023-11-01 00:28:00",318,4.116,1
45230,"2023-11-01 00:29:00",319,4.143,1
45230,"2023-11-01 00:30:00",320,4.170,1
45230,"2023-11-01 00:31:00",321,4.197,1
45230,"2023-11-01 00:32:00",322,4.224,1
45230,"2023-11-01 00:33:00",323,4.251,1
45230,"2023-11-01 00:34:00",324,4.278,1
45230,"2023-11-01 00:35:00",325,4.300,1
45230,"2023-11-01 00:36:00",326,4.340,1
45230,"2023-11-01 00:37:00",327,4.380,1
45230,"2023-11-01 00:38:00",328,4.420,1
45230,"2023-11-01 00:39:00",329,4.460,1
45230,"2023-11-01 00:40:00",330,4.500,1
45230,"2023-11-01 00:41:00",331,4.540,1
45230,"2023-11-01 00:42:00",332,4.580,1
45230,"2023-11-01 00:43:00",333,4.620,1
45230,"2023-11-01 00:44:00",334,4.660,1
45230,"2023-11-01 00:45:00",335,4.700,1
45230,"2023-11-01 00:46:00",336,4.740,1
45230,"2023-11-01 00:47:00",337,4.780,1
45230,"2023-11-01 00:48:00",338,4.820,1
45230,"2023-11-01 00:49:00",339,4.860,1
45230,"2023-11-01 00:50:00",340,4.900,1
45230,"2023-11-01 00:51:00",341,4.933,1
45230,"2023-11-01 00:52:00",342,4.966,1
45230,"2023-11-01 00:53:00",343,4.999,1
45230,"2023-11-01 00:54:00",344,5.032,1
45230,"2023-11-01 00:55:00",345,5.065,1
45230,"2023-11-01 00:56:00",346,5.098,1
45230,"2023-11-01 00:57:00",347,5.131,1
45230,"2023-11-01 00:58:00",348,5.164,1
45230,"2023-11-01 00:59:00",349,5.197,1
45230,"2023-11-01 01:00:00",350,5.230,1
45230,"2023-11-01 01:01:00",351,5.263,1
45230,"2023-11-01 01:02:00",352,5.296,1
45230,"2023-11-01 01:03:00",353,5.329,1
45230,"2023-11-01 01:04:00",354,5.362,1
45230,"2023-11-01 01:05:00",355,5.400,1
45230,"2023-11-01 01:06:00",356,5.413,1
45230,"2023-11-01 01:07:00",357,5.426,1
45230,"2023-11-01 01:08:00",358,5.439,1
45230,"2023-11-01 01:09:00",359,5.452,1
45230,"2023-11-01 01:10:00",360,5.465,1
45230,"2023-11-01 01:11:00",361,5.478,1
45230,"2023-11-01 01:12:00",362,5.491,1
45230,"2023-11-01 01:13:00",363,5.504,1
45230,"2023-11-01 01:14:00",364,5.517,1
45230,"2023-11-01 01:15:00",365,5.530,1
45230,"2023-11-01 01:16:00",366,5.543,1
45230,"2023-11-01 01:17:00",367,5.556,1
45230,"2023-11-01 01:18:00",368,5.569,1
45230,"2023-11-01 01:19:00",369,5.582,1
45230,"2023-11-01 01:20:00",370,5.600,1
45230,"2023-11-01 01:21:00",371,5.593,1
45230,"2023-11-01 01:22:00",372,5.586,1
45230,"2023-11-01 01:23:00",373,5.579,1
45230,"2023-11-01 01:24:00",374,5.572,1
45230,"2023-11-01 01:25:00",375,5.565,1
45230,"2023-11-01 01:26:00",376,5.558,1
45230,"2023-11-01 01:27:00",377,5.551,1
45230,"2023-11-01 01:28:00",378,5.544,1
45230,"2023-11-01 01:29:00",379,5.537,1
45230,"2023-11-01 01:30:00",380,5.530,1
45230,"2023-11-01 01:31:00",381,5.523,1
45230,"2023-11-01 01:32:00",382,5.516,1
45230,"2023-11-01 01:33:00",383,5.509,1
45230,"2023-11-01 01:34:00",384,5.502,1
45230,"2023-11-01 01:35:00",385,5.500,1
45230,"2023-11-01 01:36:00",386,5.487,1
45230,"2023-11-01 01:37:00",387,5.474,1
45230,"2023-11-01 01:38:00",388,5.461,1
45230,"2023-11-01 01:39:00",389,5.448,1
45230,"2023-11-01 01:40:00",390,5.435,1
45230,"2023-11-01 01:41:00",391,5.422,1
45230,"2023-11-01 01:42:00",392,5.409,1
45230,"2023-11-01 01:43:00",393,5.396,1
45230,"2023-11-01 01:44:00",394,5.383,1
45230,"2023-11-01 01:45:00",395,5.370,1
45230,"2023-11-01 01:46:00",396,5.357,1
45230,"2023-11-01 01:47:00",397,5.344,1
45230,"2023-11-01 01:48:00",398,5.331,1
45230,"2023-11-01 01:49:00",399,5.318,1
45230,"2023-11-01 01:50:00",400,5.300,1
45230,"2023-11-01 01:51:00",401,5.287,1
45230,"2023-11-01 01:52:00",402,5.274,1
45230,"2023-11-01 01:53:00",403,5.261,1
45230,"2023-11-01 01:54:00",404,5.248,1
45230,"2023-11-01 01:55:00",405,5.235,1
45230,"2023-11-01 01:56:00",406,5.222,1
45230,"2023-11-01 01:57:00",407,5.209,1
45230,"2023-11-01 01:58:00",408,5.196,1
45230,"2023-11-01 01:59:00",409,5.183,1
45230,"2023-11-01 02:00:00",410,5.170,1
45230,"2023-11-01 02:01:00",411,5.157,1
45230,"2023-11-01 02:02:00",412,5.144,1
45230,"2023-11-01 02:03:00",413,5.131,1
45230,"2023-11-01 02:04:00",414,5.118,1
45230,"2023-11-01 02:05:00",415,5.100,1
45230,"2023-11-01 02:06:00",416,5.087,1
45230,"2023-11-01 02:07:00",417,5.074,1
45230,"2023-11-01 02:08:00",418,5.061,1
45230,"2023-11-01 02:09:00",419,5.048,1
45230,"2023-11-01 02:10:00",420,5.035,1
45230,"2023-11-01 02:11:00",421,5.022,1
45230,"2023-11-01 02:12:00",422,5.009,1
45230,"2023-11-01 02:13:00",423,4.996,1
45230,"2023-11-01 02:14:00",424,4.983,1
45230,"2023-11-01 02:15:00",425,4.970,1
45230,"2023-11-01 02:16:00",426,4.957,1
45230,"2023-11-01 02:17:00",427,4.944,1
45230,"2023-11-01 02:18:00",428,4.931,1
45230,"2023-11-01 02:19:00",429,4.918,1
45230,"2023-11-01 02:20:00",430,4.900,1
45230,"2023-11-01 02:21:00",431,4.900,1
45230,"2023-11-01 02:22:00",432,4.900,1
45230,"2023-11-01 02:23:00",433,4.900,1
45230,"2023-11-01 02:24:00",434,4.900,1
45230,"2023-11-01 02:25:00",435,4.900,1
45230,"2023-11-01 02:26:00",436,4.900,1
45230,"2023-11-01 02:27:00",437,4.900,1
45230,"2023-11-01 02:28:00",438,4.900,1
45230,"2023-11-01 02:29:00",439,4.900,1
45230,"2023-11-01 02:30:00",440,4.900,1
45230,"2023-11-01 02:31:00",441,4.900,1
45230,"2023-11-01 02:32:00",442,4.900,1
45230,"2023-11-01 02:33:00",443,4.900,1
45230,"2023-11-01 02:34:00",444,4.900,1
45230,"2023-11-01 02:35:00",445,4.900,1
45230,"2023-11-01 02:36:00",446,4.887,1
45230,"2023-11-01 02:37:00",447,4.874,1
45230,"2023-11-01 02:38:00",448,4.861,1
45230,"2023-11-01 02:39:00",449,4.848,1
45230,"2023-11-01 02:40:00",450,4.835,1
45230,"2023-11-01 02:41:00",451,4.822,1
45230,"2023-11-01 02:42:00",452,4.809,1
45230,"2023-11-01 02:43:00",453,4.796,1
45230,"2023-11-01 02:44:00",454,4.783,1
45230,"2023-11-01 02:45:00",455,4.770,1
45230,"2023-11-01 02:46:00",456,4.757,1
45230,"2023-11-01 02:47:00",457,4.744,1
45230,"2023-11-01 02:48:00",458,4.731,1
45230,"2023-11-01 02:49:00",459,4.718,1
45230,"2023-11-01 02:50:00",460,4.700,1
45230,"2023-11-01 02:51:00",461,4.673,1
45230,"2023-11-01 02:52:00",462,4.646,1
45230,"2023-11-01 02:53:00",463,4.619,1
45230,"2023-11-01 02:54:00",464,4.592,1
45230,"2023-11-01 02:55:00",465,4.565,1
45230,"2023-11-01 02:56:00",466,4.538,1
45230,"2023-11-01 02:57:00",467,4.511,1
45230,"2023-11-01 02:58:00",468,4.484,1
45230,"2023-11-01 02:59:00",469,4.457,1
45230,"2023-11-01 03:00:00",470,4.430,1
45230,"2023-11-01 03:01:00",471,4.403,1
45230,"2023-11-01 03:02:00",472,4.376,1
45230,"2023-11-01 03:03:00",473,4.349,1
45230,"2023-11-01 03:04:00",474,4.322,1
45230,"2023-11-01 03:05:00",475,4.300,1
45230,"2023-11-01 03:06:00",476,4.280,1
45230,"2023-11-01 03:07:00",477,4.260,1
45230,"2023-11-01 03:08:00",478,4.240,1
45230,"2023-11-01 03:09:00",479,4.220,1
45265,"2023-12-05 19:52:00",0,6.798,2
45265,"2023-12-05 19:53:00",1,6.800,2
45265,"2023-12-05 19:54:00",2,6.947,2
45265,"2023-12-05 19:55:00",3,7.094,2
45265,"2023-12-05 19:56:00",4,7.241,2
45265,"2023-12-05 19:57:00",5,7.388,2
45265,"2023-12-05 19:58:00",6,7.535,2
45265,"2023-12-05 19:59:00",7,7.682,2
45265,"2023-12-05 20:00:00",8,7.829,2
45265,"2023-12-05 20:01:00",9,7.976,2
45265,"2023-12-05 20:02:00",10,8.123,2
45265,"2023-12-05 20:03:00",11,8.270,2
45265,"2023-12-05 20:04:00",12,8.417,2
45265,"2023-12-05 20:05:00",13,8.564,2
45265,"2023-12-05 20:06:00",14,8.711,2
45265,"2023-12-05 20:07:00",15,8.858,2
45265,"2023-12-05 20:08:00",16,9.000,2
45265,"2023-12-05 20:09:00",17,9.247,2
45265,"2023-12-05 20:10:00",18,9.494,2
45265,"2023-12-05 20:11:00",19,9.741,2
45265,"2023-12-05 20:12:00",20,9.988,2
45265,"2023-12-05 20:13:00",21,10.235,2
45265,"2023-12-05 20:14:00",22,10.482,2
45265,"2023-12-05 20:15:00",23,10.729,2
45265,"2023-12-05 20:16:00",24,10.976,2
45265,"2023-12-05 20:17:00",25,11.223,2
45265,"2023-12-05 20:18:00",26,11.470,2
45265,"2023-12-05 20:19:00",27,11.717,2
45265,"2023-12-05 20:20:00",28,11.964,2
45265,"2023-12-05 20:21:00",29,12.211,2
45265,"2023-12-05 20:22:00",30,12.458,2
45265,"2023-12-05 20:23:00",31,12.700,2
45265,"2023-12-05 20:24:00",32,12.933,2
45265,"2023-12-05 20:25:00",33,13.166,2
45265,"2023-12-05 20:26:00",34,13.399,2
45265,"2023-12-05 20:27:00",35,13.632,2
45265,"2023-12-05 20:28:00",36,13.865,2
45265,"2023-12-05 20:29:00",37,14.098,2
45265,"2023-12-05 20:30:00",38,14.331,2
45265,"2023-12-05 20:31:00",39,14.564,2
45265,"2023-12-05 20:32:00",40,14.797,2
45265,"2023-12-05 20:33:00",41,15.030,2
45265,"2023-12-05 20:34:00",42,15.263,2
45265,"2023-12-05 20:35:00",43,15.496,2
45265,"2023-12-05 20:36:00",44,15.729,2
45265,"2023-12-05 20:37:00",45,15.962,2
45265,"2023-12-05 20:38:00",46,16.200,2
45265,"2023-12-05 20:39:00",47,16.347,2
45265,"2023-12-05 20:40:00",48,16.494,2
45265,"2023-12-05 20:41:00",49,16.641,2
45265,"2023-12-05 20:42:00",50,16.788,2
45265,"2023-12-05 20:43:00",51,16.935,2
45265,"2023-12-05 20:44:00",52,17.082,2
45265,"2023-12-05 20:45:00",53,17.229,2
45265,"2023-12-05 20:46:00",54,17.376,2
45265,"2023-12-05 20:47:00",55,17.523,2
45265,"2023-12-05 20:48:00",56,17.670,2
45265,"2023-12-05 20:49:00",57,17.817,2
45265,"2023-12-05 20:50:00",58,17.964,2
45265,"2023-12-05 20:51:00",59,18.111,2
45265,"2023-12-05 20:52:00",60,18.258,2
45265,"2023-12-05 20:53:00",61,18.405,2
45265,"2023-12-05 20:54:00",62,18.552,2
45265,"2023-12-05 20:55:00",63,18.700,2
45265,"2023-12-05 20:56:00",64,18.827,2
45265,"2023-12-05 20:57:00",65,18.954,2
45265,"2023-12-05 20:58:00",66,19.081,2
45265,"2023-12-05 20:59:00",67,19.208,2
45265,"2023-12-05 21:00:00",68,19.335,2
45265,"2023-12-05 21:01:00",69,19.462,2
45265,"2023-12-05 21:02:00",70,19.589,2
45265,"2023-12-05 21:03:00",71,19.716,2
45265,"2023-12-05 21:04:00",72,19.843,2
45265,"2023-12-05 21:05:00",73,19.970,2
45265,"2023-12-05 21:06:00",74,20.097,2
45265,"2023-12-05 21:07:00",75,20.224,2
45265,"2023-12-05 21:08:00",76,20.351,2
45265,"2023-12-05 21:09:00",77,20.478,2
45265,"2023-12-05 21:10:00",78,20.600,2
45265,"2023-12-05 21:11:00",79,20.620,2
45265,"2023-12-05 21:12:00",80,20.640,2
45265,"2023-12-05 21:13:00",81,20.660,2
45265,"2023-12-05 21:14:00",82,20.680,2
45265,"2023-12-05 21:15:00",83,20.700,2
45265,"2023-12-05 21:16:00",84,20.720,2
45265,"2023-12-05 21:17:00",85,20.740,2
45265,"2023-12-05 21:18:00",86,20.760,2
45265,"2023-12-05 21:19:00",87,20.780,2
45265,"2023-12-05 21:20:00",88,20.800,2
45265,"2023-12-05 21:21:00",89,20.820,2
45265,"2023-12-05 21:22:00",90,20.840,2
45265,"2023-12-05 21:23:00",91,20.860,2
45265,"2023-12-05 21:24:00",92,20.880,2
45265,"2023-12-05 21:25:00",93,20.900,2
45265,"2023-12-05 21:26:00",94,20.853,2
45265,"2023-12-05 21:27:00",95,20.806,2
45265,"2023-12-05 21:28:00",96,20.759,2
45265,"2023-12-05 21:29:00",97,20.712,2
45265,"2023-12-05 21:30:00",98,20.665,2
45265,"2023-12-05 21:31:00",99,20.618,2
45265,"2023-12-05 21:32:00",100,20.571,2
45265,"2023-12-05 21:33:00",101,20.524,2
45265,"2023-12-05 21:34:00",102,20.477,2
45265,"2023-12-05 21:35:00",103,20.430,2
45265,"2023-12-05 21:36:00",104,20.383,2
45265,"2023-12-05 21:37:00",105,20.336,2
45265,"2023-12-05 21:38:00",106,20.289,2
45265,"2023-12-05 21:39:00",107,20.242,2
45265,"2023-12-05 21:40:00",108,20.200,2
45265,"2023-12-05 21:41:00",109,20.240,2
45265,"2023-12-05 21:42:00",110,20.280,2
45265,"2023-12-05 21:43:00",111,20.320,2
45265,"2023-12-05 21:44:00",112,20.360,2
45265,"2023-12-05 21:45:00",113,20.400,2
45265,"2023-12-05 21:46:00",114,20.440,2
45265,"2023-12-05 21:47:00",115,20.480,2
45265,"2023-12-05 21:48:00",116,20.520,2
45265,"2023-12-05 21:49:00",117,20.560,2
45265,"2023-12-05 21:50:00",118,20.600,2
45265,"2023-12-05 21:51:00",119,20.640,2
45265,"2023-12-05 21:52:00",120,20.680,2
45265,"2023-12-05 21:53:00",121,20.720,2
45265,"2023-12-05 21:54:00",122,20.760,2
45265,"2023-12-05 21:55:00",123,20.800,2
45265,"2023-12-05 21:56:00",124,20.813,2
45265,"2023-12-05 21:57:00",125,20.826,2
45265,"2023-12-05 21:58:00",126,20.839,2
45265,"2023-12-05 21:59:00",127,20.852,2
45265,"2023-12-05 22:00:00",128,20.865,2
45265,"2023-12-05 22:01:00",129,20.878,2
45265,"2023-12-05 22:02:00",130,20.891,2
45265,"2023-12-05 22:03:00",131,20.904,2
45265,"2023-12-05 22:04:00",132,20.917,2
45265,"2023-12-05 22:05:00",133,20.930,2
45265,"2023-12-05 22:06:00",134,20.943,2
45265,"2023-12-05 22:07:00",135,20.956,2
45265,"2023-12-05 22:08:00",136,20.969,2
45265,"2023-12-05 22:09:00",137,20.982,2
45265,"2023-12-05 22:10:00",138,21.000,2
45265,"2023-12-05 22:11:00",139,20.927,2
45265,"2023-12-05 22:12:00",140,20.854,2
45265,"2023-12-05 22:13:00",141,20.781,2
45265,"2023-12-05 22:14:00",142,20.708,2
45265,"2023-12-05 22:15:00",143,20.635,2
45265,"2023-12-05 22:16:00",144,20.562,2
45265,"2023-12-05 22:17:00",145,20.489,2
45265,"2023-12-05 22:18:00",146,20.416,2
45265,"2023-12-05 22:19:00",147,20.343,2
45265,"2023-12-05 22:20:00",148,20.270,2
45265,"2023-12-05 22:21:00",149,20.197,2
45265,"2023-12-05 22:22:00",150,20.124,2
45265,"2023-12-05 22:23:00",151,20.051,2
45265,"2023-12-05 22:24:00",152,19.978,2
45265,"2023-12-05 22:25:00",153,19.900,2
45265,"2023-12-05 22:26:00",154,19.793,2
45265,"2023-12-05 22:27:00",155,19.686,2
45265,"2023-12-05 22:28:00",156,19.579,2
45265,"2023-12-05 22:29:00",157,19.472,2
45265,"2023-12-05 22:30:00",158,19.365,2
45265,"2023-12-05 22:31:00",159,19.258,2
45265,"2023-12-05 22:32:00",160,19.151,2
45265,"2023-12-05 22:33:00",161,19.044,2
45265,"2023-12-05 22:34:00",162,18.937,2
45265,"2023-12-05 22:35:00",163,18.830,2
45265,"2023-12-05 22:36:00",164,18.723,2
45265,"2023-12-05 22:37:00",165,18.616,2
45265,"2023-12-05 22:38:00",166,18.509,2
45265,"2023-12-05 22:39:00",167,18.402,2
45265,"2023-12-05 22:40:00",168,18.300,2
45265,"2023-12-05 22:41:00",169,18.260,2
45265,"2023-12-05 22:42:00",170,18.220,2
45265,"2023-12-05 22:43:00",171,18.180,2
45265,"2023-12-05 22:44:00",172,18.140,2
45265,"2023-12-05 22:45:00",173,18.100,2
45265,"2023-12-05 22:46:00",174,18.060,2
45265,"2023-12-05 22:47:00",175,18.020,2
45265,"2023-12-05 22:48:00",176,17.980,2
45265,"2023-12-05 22:49:00",177,17.940,2
45265,"2023-12-05 22:50:00",178,17.900,2
45265,"2023-12-05 22:51:00",179,17.860,2
45265,"2023-12-05 22:52:00",180,17.820,2
45265,"2023-12-05 22:53:00",181,17.780,2
45265,"2023-12-05 22:54:00",182,17.740,2
45265,"2023-12-05 22:55:00",183,17.700,2
45265,"2023-12-05 22:56:00",184,17.680,2
45265,"2023-12-05 22:57:00",185,17.660,2
45265,"2023-12-05 22:58:00",186,17.640,2
45265,"2023-12-05 22:59:00",187,17.620,2
45265,"2023-12-05 23:00:00",188,17.600,2
45265,"2023-12-05 23:01:00",189,17.580,2
45265,"2023-12-05 23:02:00",190,17.560,2
45265,"2023-12-05 23:03:00",191,17.540,2
45265,"2023-12-05 23:04:00",192,17.520,2
45265,"2023-12-05 23:05:00",193,17.500,2
45265,"2023-12-05 23:06:00",194,17.480,2
45265,"2023-12-05 23:07:00",195,17.460,2
45265,"2023-12-05 23:08:00",196,17.440,2
45265,"2023-12-05 23:09:00",197,17.420,2
45265,"2023-12-05 23:10:00",198,17.400,2
45265,"2023-12-05 23:11:00",199,17.353,2
45265,"2023-12-05 23:12:00",200,17.306,2
45265,"2023-12-05 23:13:00",201,17.259,2
45265,"2023-12-05 23:14:00",202,17.212,2
45265,"2023-12-05 23:15:00",203,17.165,2
45265,"2023-12-05 23:16:00",204,17.118,2
45265,"2023-12-05 23:17:00",205,17.071,2
45265,"2023-12-05 23:18:00",206,17.024,2
45265,"2023-12-05 23:19:00",207,16.977,2
45265,"2023-12-05 23:20:00",208,16.930,2
45265,"2023-12-05 23:21:00",209,16.883,2
45265,"2023-12-05 23:22:00",210,16.836,2
45265,"2023-12-05 23:23:00",211,16.789,2
45265,"2023-12-05 23:24:00",212,16.742,2
45265,"2023-12-05 23:25:00",213,16.700,2
45265,"2023-12-05 23:26:00",214,16.647,2
45265,"2023-12-05 23:27:00",215,16.594,2
45265,"2023-12-05 23:28:00",216,16.541,2
45265,"2023-12-05 23:29:00",217,16.488,2
45265,"2023-12-05 23:30:00",218,16.435,2
45265,"2023-12-05 23:31:00",219,16.382,2
45265,"2023-12-05 23:32:00",220,16.329,2
45265,"2023-12-05 23:33:00",221,16.276,2
45265,"2023-12-05 23:34:00",222,16.223,2
45265,"2023-12-05 23:35:00",223,16.170,2
45265,"2023-12-05 23:36:00",224,16.117,2
45265,"2023-12-05 23:37:00",225,16.064,2
45265,"2023-12-05 23:38:00",226,16.011,2
45265,"2023-12-05 23:39:00",227,15.958,2
45265,"2023-12-05 23:40:00",228,15.900,2
45265,"2023-12-05 23:41:00",229,15.833,2
45265,"2023-12-05 23:42:00",230,15.766,2
45265,"2023-12-05 23:43:00",231,15.699,2
45265,"2023-12-05 23:44:00",232,15.632,2
45265,"2023-12-05 23:45:00",233,15.565,2
45265,"2023-12-05 23:46:00",234,15.498,2
45265,"2023-12-05 23:47:00",235,15.431,2
45265,"2023-12-05 23:48:00",236,15.364,2
45265,"2023-12-05 23:49:00",237,15.297,2
45265,"2023-12-05 23:50:00",238,15.230,2
45265,"2023-12-05 23:51:00",239,15.163,2
45265,"2023-12-05 23:52:00",240,15.096,2
45265,"2023-12-05 23:53:00",241,15.029,2
45265,"2023-12-05 23:54:00",242,14.962,2
45265,"2023-12-05 23:55:00",243,14.900,2
45265,"2023-12-05 23:56:00",244,14.853,2
45265,"2023-12-05 23:57:00",245,14.806,2
45265,"2023-12-05 23:58:00",246,14.759,2
45265,"2023-12-05 23:59:00",247,14.712,2
45265,"2023-12-06 00:00:00",248,14.665,2
45265,"2023-12-06 00:01:00",249,14.618,2
45265,"2023-12-06 00:02:00",250,14.571,2
45265,"2023-12-06 00:03:00",251,14.524,2
45265,"2023-12-06 00:04:00",252,14.477,2
45265,"2023-12-06 00:05:00",253,14.430,2
45265,"2023-12-06 00:06:00",254,14.383,2
45265,"2023-12-06 00:07:00",255,14.336,2
45265,"2023-12-06 00:08:00",256,14.289,2
45265,"2023-12-06 00:09:00",257,14.242,2
45265,"2023-12-06 00:10:00",258,14.200,2
45265,"2023-12-06 00:11:00",259,14.147,2
45265,"2023-12-06 00:12:00",260,14.094,2
45265,"2023-12-06 00:13:00",261,14.041,2
45265,"2023-12-06 00:14:00",262,13.988,2
45265,"2023-12-06 00:15:00",263,13.935,2
45265,"2023-12-06 00:16:00",264,13.882,2
45265,"2023-12-06 00:17:00",265,13.829,2
45265,"2023-12-06 00:18:00",266,13.776,2
45265,"2023-12-06 00:19:00",267,13.723,2
45265,"2023-12-06 00:20:00",268,13.670,2
45265,"2023-12-06 00:21:00",269,13.617,2
45265,"2023-12-06 00:22:00",270,13.564,2
45265,"2023-12-06 00:23:00",271,13.511,2
45265,"2023-12-06 00:24:00",272,13.458,2
45265,"2023-12-06 00:25:00",273,13.400,2
45265,"2023-12-06 00:26:00",274,13.347,2
45265,"2023-12-06 00:27:00",275,13.294,2
45265,"2023-12-06 00:28:00",276,13.241,2
45265,"2023-12-06 00:29:00",277,13.188,2
45265,"2023-12-06 00:30:00",278,13.135,2
45265,"2023-12-06 00:31:00",279,13.082,2
45265,"2023-12-06 00:32:00",280,13.029,2
45265,"2023-12-06 00:33:00",281,12.976,2
45265,"2023-12-06 00:34:00",282,12.923,2
45265,"2023-12-06 00:35:00",283,12.870,2
45265,"2023-12-06 00:36:00",284,12.817,2
45265,"2023-12-06 00:37:00",285,12.764,2
45265,"2023-12-06 00:38:00",286,12.711,2
45265,"2023-12-06 00:39:00",287,12.658,2
45265,"2023-12-06 00:40:00",288,12.600,2
45265,"2023-12-06 00:41:00",289,12.573,2
45265,"2023-12-06 00:42:00",290,12.546,2
45265,"2023-12-06 00:43:00",291,12.519,2
45265,"2023-12-06 00:44:00",292,12.492,2
45265,"2023-12-06 00:45:00",293,12.465,2
45265,"2023-12-06 00:46:00",294,12.438,2
45265,"2023-12-06 00:47:00",295,12.411,2
45265,"2023-12-06 00:48:00",296,12.384,2
45265,"2023-12-06 00:49:00",297,12.357,2
45265,"2023-12-06 00:50:00",298,12.330,2
45265,"2023-12-06 00:51:00",299,12.303,2
45265,"2023-12-06 00:52:00",300,12.276,2
45265,"2023-12-06 00:53:00",301,12.249,2
45265,"2023-12-06 00:54:00",302,12.222,2
45265,"2023-12-06 00:55:00",303,12.200,2
45265,"2023-12-06 00:56:00",304,12.173,2
45265,"2023-12-06 00:57:00",305,12.146,2
45265,"2023-12-06 00:58:00",306,12.119,2
45265,"2023-12-06 00:59:00",307,12.092,2
45265,"2023-12-06 01:00:00",308,12.065,2
45265,"2023-12-06 01:01:00",309,12.038,2
45265,"2023-12-06 01:02:00",310,12.011,2
45265,"2023-12-06 01:03:00",311,11.984,2
45265,"2023-12-06 01:04:00",312,11.957,2
45265,"2023-12-06 01:05:00",313,11.930,2
45265,"2023-12-06 01:06:00",314,11.903,2
45265,"2023-12-06 01:07:00",315,11.876,2
45265,"2023-12-06 01:08:00",316,11.849,2
45265,"2023-12-06 01:09:00",317,11.822,2
45265,"2023-12-06 01:10:00",318,11.800,2
45265,"2023-12-06 01:11:00",319,11.813,2
45265,"2023-12-06 01:12:00",320,11.826,2
45265,"2023-12-06 01:13:00",321,11.839,2
45265,"2023-12-06 01:14:00",322,11.852,2
45265,"2023-12-06 01:15:00",323,11.865,2
45265,"2023-12-06 01:16:00",324,11.878,2
45265,"2023-12-06 01:17:00",325,11.891,2
45265,"2023-12-06 01:18:00",326,11.904,2
45265,"2023-12-06 01:19:00",327,11.917,2
45265,"2023-12-06 01:20:00",328,11.930,2
45265,"2023-12-06 01:21:00",329,11.943,2
45265,"2023-12-06 01:22:00",330,11.956,2
45265,"2023-12-06 01:23:00",331,11.969,2
45265,"2023-12-06 01:24:00",332,11.982,2
45265,"2023-12-06 01:25:00",333,12.000,2
45265,"2023-12-06 01:26:00",334,12.000,2
45265,"2023-12-06 01:27:00",335,12.000,2
45265,"2023-12-06 01:28:00",336,12.000,2
45265,"2023-12-06 01:29:00",337,12.000,2
45265,"2023-12-06 01:30:00",338,12.000,2
45265,"2023-12-06 01:31:00",339,12.000,2
45265,"2023-12-06 01:32:00",340,12.000,2
45265,"2023-12-06 01:33:00",341,12.000,2
45265,"2023-12-06 01:34:00",342,12.000,2
45265,"2023-12-06 01:35:00",343,12.000,2
45265,"2023-12-06 01:36:00",344,12.000,2
45265,"2023-12-06 01:37:00",345,12.000,2
45265,"2023-12-06 01:38:00",346,12.000,2
45265,"2023-12-06 01:39:00",347,12.000,2
45265,"2023-12-06 01:40:00",348,12.000,2
45265,"2023-12-06 01:41:00",349,11.960,2
45265,"2023-12-06 01:42:00",350,11.920,2
45265,"2023-12-06 01:43:00",351,11.880,2
45265,"2023-12-06 01:44:00",352,11.840,2
45265,"2023-12-06 01:45:00",353,11.800,2
45265,"2023-12-06 01:46:00",354,11.760,2
45265,"2023-12-06 01:47:00",355,11.720,2
45265,"2023-12-06 01:48:00",356,11.680,2
45265,"2023-12-06 01:49:00",357,11.640,2
45265,"2023-12-06 01:50:00",358,11.600,2
45265,"2023-12-06 01:51:00",359,11.560,2
45265,"2023-12-06 01:52:00",360,11.520,2
45265,"2023-12-06 01:53:00",361,11.480,2
45265,"2023-12-06 01:54:00",362,11.440,2
45265,"2023-12-06 01:55:00",363,11.400,2
45265,"2023-12-06 01:56:00",364,11.380,2
45265,"2023-12-06 01:57:00",365,11.360,2
45265,"2023-12-06 01:58:00",366,11.340,2
45265,"2023-12-06 01:59:00",367,11.320,2
45265,"2023-12-06 02:00:00",368,11.300,2
45265,"2023-12-06 02:01:00",369,11.280,2
45265,"2023-12-06 02:02:00",370,11.260,2
45265,"2023-12-06 02:03:00",371,11.240,2
45265,"2023-12-06 02:04:00",372,11.220,2
45265,"2023-12-06 02:05:00",373,11.200,2
45265,"2023-12-06 02:06:00",374,11.180,2
45265,"2023-12-06 02:07:00",375,11.160,2
45265,"2023-12-06 02:08:00",376,11.140,2
45265,"2023-12-06 02:09:00",377,11.120,2
45265,"2023-12-06 02:10:00",378,11.100,2
45265,"2023-12-06 02:11:00",379,11.087,2
45265,"2023-12-06 02:12:00",380,11.074,2
45265,"2023-12-06 02:13:00",381,11.061,2
45265,"2023-12-06 02:14:00",382,11.048,2
45265,"2023-12-06 02:15:00",383,11.035,2
45265,"2023-12-06 02:16:00",384,11.022,2
45265,"2023-12-06 02:17:00",385,11.009,2
45265,"2023-12-06 02:18:00",386,10.996,2
45265,"2023-12-06 02:19:00",387,10.983,2
45265,"2023-12-06 02:20:00",388,10.970,2
45265,"2023-12-06 02:21:00",389,10.957,2
45265,"2023-12-06 02:22:00",390,10.944,2
45265,"2023-12-06 02:23:00",391,10.931,2
45265,"2023-12-06 02:24:00",392,10.918,2
45265,"2023-12-06 02:25:00",393,10.900,2
45265,"2023-12-06 02:26:00",394,10.900,2
45265,"2023-12-06 02:27:00",395,10.900,2
45265,"2023-12-06 02:28:00",396,10.900,2
45265,"2023-12-06 02:29:00",397,10.900,2
45265,"2023-12-06 02:30:00",398,10.900,2
45265,"2023-12-06 02:31:00",399,10.900,2
45265,"2023-12-06 02:32:00",400,10.900,2
45265,"2023-12-06 02:33:00",401,10.900,2
45265,"2023-12-06 02:34:00",402,10.900,2
45265,"2023-12-06 02:35:00",403,10.900,2
45265,"2023-12-06 02:36:00",404,10.900,2
45265,"2023-12-06 02:37:00",405,10.900,2
45265,"2023-12-06 02:38:00",406,10.900,2
45265,"2023-12-06 02:39:00",407,10.900,2
45265,"2023-12-06 02:40:00",408,10.900,2
45265,"2023-12-06 02:41:00",409,10.880,2
45265,"2023-12-06 02:42:00",410,10.860,2
45265,"2023-12-06 02:43:00",411,10.840,2
45265,"2023-12-06 02:44:00",412,10.820,2
45265,"2023-12-06 02:45:00",413,10.800,2
45265,"2023-12-06 02:46:00",414,10.780,2
45265,"2023-12-06 02:47:00",415,10.760,2
45265,"2023-12-06 02:48:00",416,10.740,2
45265,"2023-12-06 02:49:00",417,10.720,2
45265,"2023-12-06 02:50:00",418,10.700,2
45265,"2023-12-06 02:51:00",419,10.680,2
45265,"2023-12-06 02:52:00",420,10.660,2
45265,"2023-12-06 02:53:00",421,10.640,2
45265,"2023-12-06 02:54:00",422,10.620,2
45265,"2023-12-06 02:55:00",423,10.600,2
45265,"2023-12-06 02:56:00",424,10.607,2
45265,"2023-12-06 02:57:00",425,10.614,2
45265,"2023-12-06 02:58:00",426,10.621,2
45265,"2023-12-06 02:59:00",427,10.628,2
45265,"2023-12-06 03:00:00",428,10.635,2
45265,"2023-12-06 03:01:00",429,10.642,2
45265,"2023-12-06 03:02:00",430,10.649,2
45265,"2023-12-06 03:03:00",431,10.656,2
45265,"2023-12-06 03:04:00",432,10.663,2
45265,"2023-12-06 03:05:00",433,10.670,2
45265,"2023-12-06 03:06:00",434,10.677,2
45265,"2023-12-06 03:07:00",435,10.684,2
45265,"2023-12-06 03:08:00",436,10.691,2
45265,"2023-12-06 03:09:00",437,10.698,2
45265,"2023-12-06 03:10:00",438,10.700,2
45265,"2023-12-06 03:11:00",439,10.700,2
45265,"2023-12-06 03:12:00",440,10.700,2
45265,"2023-12-06 03:13:00",441,10.700,2
45265,"2023-12-06 03:14:00",442,10.700,2
45265,"2023-12-06 03:15:00",443,10.700,2
45265,"2023-12-06 03:16:00",444,10.700,2
45265,"2023-12-06 03:17:00",445,10.700,2
45265,"2023-12-06 03:18:00",446,10.700,2
45265,"2023-12-06 03:19:00",447,10.700,2
45265,"2023-12-06 03:20:00",448,10.700,2
45265,"2023-12-06 03:21:00",449,10.700,2
45265,"2023-12-06 03:22:00",450,10.700,2
45265,"2023-12-06 03:23:00",451,10.700,2
45265,"2023-12-06 03:24:00",452,10.700,2
45265,"2023-12-06 03:25:00",453,10.700,2
45265,"2023-12-06 03:26:00",454,10.680,2
45265,"2023-12-06 03:27:00",455,10.660,2
45265,"2023-12-06 03:28:00",456,10.640,2
45265,"2023-12-06 03:29:00",457,10.620,2
45265,"2023-12-06 03:30:00",458,10.600,2
45265,"2023-12-06 03:31:00",459,10.580,2
45265,"2023-12-06 03:32:00",460,10.560,2
45265,"2023-12-06 03:33:00",461,10.540,2
45265,"2023-12-06 03:34:00",462,10.520,2
45265,"2023-12-06 03:35:00",463,10.500,2
45265,"2023-12-06 03:36:00",464,10.480,2
45265,"2023-12-06 03:37:00",465,10.460,2
45265,"2023-12-06 03:38:00",466,10.440,2
45265,"2023-12-06 03:39:00",467,10.420,2
45265,"2023-12-06 03:40:00",468,10.400,2
45265,"2023-12-06 03:41:00",469,10.393,2
45265,"2023-12-06 03:42:00",470,10.386,2
45265,"2023-12-06 03:43:00",471,10.379,2
45265,"2023-12-06 03:44:00",472,10.372,2
45265,"2023-12-06 03:45:00",473,10.365,2
45265,"2023-12-06 03:46:00",474,10.358,2
45265,"2023-12-06 03:47:00",475,10.351,2
45265,"2023-12-06 03:48:00",476,10.344,2
45265,"2023-12-06 03:49:00",477,10.337,2
45265,"2023-12-06 03:50:00",478,10.330,2
45265,"2023-12-06 03:51:00",479,10.323,2
45271,"2023-12-11 20:26:00",0,3.916,2
45271,"2023-12-11 20:27:00",1,3.943,2
45271,"2023-12-11 20:28:00",2,3.970,2
45271,"2023-12-11 20:29:00",3,3.997,2
45271,"2023-12-11 20:30:00",4,4.024,2
45271,"2023-12-11 20:31:00",5,4.051,2
45271,"2023-12-11 20:32:00",6,4.078,2
45271,"2023-12-11 20:33:00",7,4.100,2
45271,"2023-12-11 20:34:00",8,4.240,2
45271,"2023-12-11 20:35:00",9,4.380,2
45271,"2023-12-11 20:36:00",10,4.520,2
45271,"2023-12-11 20:37:00",11,4.660,2
45271,"2023-12-11 20:38:00",12,4.800,2
45271,"2023-12-11 20:39:00",13,4.940,2
45271,"2023-12-11 20:40:00",14,5.080,2
45271,"2023-12-11 20:41:00",15,5.220,2
45271,"2023-12-11 20:42:00",16,5.360,2
45271,"2023-12-11 20:43:00",17,5.500,2
45271,"2023-12-11 20:44:00",18,5.640,2
45271,"2023-12-11 20:45:00",19,5.780,2
45271,"2023-12-11 20:46:00",20,5.920,2
45271,"2023-12-11 20:47:00",21,6.060,2
45271,"2023-12-11 20:48:00",22,6.200,2
45271,"2023-12-11 20:49:00",23,6.420,2
45271,"2023-12-11 20:50:00",24,6.640,2
45271,"2023-12-11 20:51:00",25,6.860,2
45271,"2023-12-11 20:52:00",26,7.080,2
45271,"2023-12-11 20:53:00",27,7.300,2
45271,"2023-12-11 20:54:00",28,7.520,2
45271,"2023-12-11 20:55:00",29,7.740,2
45271,"2023-12-11 20:56:00",30,7.960,2
45271,"2023-12-11 20:57:00",31,8.180,2
45271,"2023-12-11 20:58:00",32,8.400,2
45271,"2023-12-11 20:59:00",33,8.620,2
45271,"2023-12-11 21:00:00",34,8.840,2
45271,"2023-12-11 21:01:00",35,9.060,2
45271,"2023-12-11 21:02:00",36,9.280,2
45271,"2023-12-11 21:03:00",37,9.500,2
45271,"2023-12-11 21:04:00",38,9.660,2
45271,"2023-12-11 21:05:00",39,9.820,2
45271,"2023-12-11 21:06:00",40,9.980,2
45271,"2023-12-11 21:07:00",41,10.140,2
45271,"2023-12-11 21:08:00",42,10.300,2
45271,"2023-12-11 21:09:00",43,10.460,2
45271,"2023-12-11 21:10:00",44,10.620,2
45271,"2023-12-11 21:11:00",45,10.780,2
45271,"2023-12-11 21:12:00",46,10.940,2
45271,"2023-12-11 21:13:00",47,11.100,2
45271,"2023-12-11 21:14:00",48,11.260,2
45271,"2023-12-11 21:15:00",49,11.420,2
45271,"2023-12-11 21:16:00",50,11.580,2
45271,"2023-12-11 21:17:00",51,11.740,2
45271,"2023-12-11 21:18:00",52,11.900,2
45271,"2023-12-11 21:19:00",53,11.952,2
45271,"2023-12-11 21:20:00",54,12.004,2
45271,"2023-12-11 21:21:00",55,12.056,2
45271,"2023-12-11 21:22:00",56,12.108,2
45271,"2023-12-11 21:23:00",57,12.160,2
45271,"2023-12-11 21:24:00",58,12.212,2
45271,"2023-12-11 21:25:00",59,12.264,2
45271,"2023-12-11 21:26:00",60,12.316,2
45271,"2023-12-11 21:27:00",61,12.368,2
45271,"2023-12-11 21:28:00",62,12.420,2
45271,"2023-12-11 21:29:00",63,12.472,2
45271,"2023-12-11 21:30:00",64,12.524,2
45271,"2023-12-11 21:31:00",65,12.576,2
45271,"2023-12-11 21:32:00",66,12.628,2
45271,"2023-12-11 21:33:00",67,12.680,2
45271,"2023-12-11 21:34:00",68,12.732,2
45271,"2023-12-11 21:35:00",69,12.784,2
45271,"2023-12-11 21:36:00",70,12.836,2
45271,"2023-12-11 21:37:00",71,12.888,2
45271,"2023-12-11 21:38:00",72,12.940,2
45271,"2023-12-11 21:39:00",73,12.992,2
45271,"2023-12-11 21:40:00",74,13.044,2
45271,"2023-12-11 21:41:00",75,13.096,2
45271,"2023-12-11 21:42:00",76,13.148,2
45271,"2023-12-11 21:43:00",77,13.200,2
45271,"2023-12-11 21:44:00",78,13.252,2
45271,"2023-12-11 21:45:00",79,13.304,2
45271,"2023-12-11 21:46:00",80,13.356,2
45271,"2023-12-11 21:47:00",81,13.408,2
45271,"2023-12-11 21:48:00",82,13.460,2
45271,"2023-12-11 21:49:00",83,13.512,2
45271,"2023-12-11 21:50:00",84,13.564,2
45271,"2023-12-11 21:51:00",85,13.600,2
45271,"2023-12-11 21:52:00",86,13.647,2
45271,"2023-12-11 21:53:00",87,13.694,2
45271,"2023-12-11 21:54:00",88,13.741,2
45271,"2023-12-11 21:55:00",89,13.788,2
45271,"2023-12-11 21:56:00",90,13.835,2
45271,"2023-12-11 21:57:00",91,13.882,2
45271,"2023-12-11 21:58:00",92,13.929,2
45271,"2023-12-11 21:59:00",93,13.976,2
45271,"2023-12-11 22:00:00",94,14.023,2
45271,"2023-12-11 22:01:00",95,14.070,2
45271,"2023-12-11 22:02:00",96,14.117,2
45271,"2023-12-11 22:03:00",97,14.164,2
45271,"2023-12-11 22:04:00",98,14.211,2
45271,"2023-12-11 22:05:00",99,14.258,2
45271,"2023-12-11 22:06:00",100,14.300,2
45271,"2023-12-11 22:07:00",101,14.300,2
45271,"2023-12-11 22:08:00",102,14.300,2
45271,"2023-12-11 22:09:00",103,14.300,2
45271,"2023-12-11 22:10:00",104,14.300,2
45271,"2023-12-11 22:11:00",105,14.300,2
45271,"2023-12-11 22:12:00",106,14.300,2
45271,"2023-12-11 22:13:00",107,14.300,2
45271,"2023-12-11 22:14:00",108,14.300,2
45271,"2023-12-11 22:15:00",109,14.300,2
45271,"2023-12-11 22:16:00",110,14.300,2
45271,"2023-12-11 22:17:00",111,14.300,2
45271,"2023-12-11 22:18:00",112,14.300,2
45271,"2023-12-11 22:19:00",113,14.300,2
45271,"2023-12-11 22:20:00",114,14.300,2
45271,"2023-12-11 22:21:00",115,14.300,2
45271,"2023-12-11 22:22:00",116,14.187,2
45271,"2023-12-11 22:23:00",117,14.074,2
45271,"2023-12-11 22:24:00",118,13.961,2
45271,"2023-12-11 22:25:00",119,13.848,2
45271,"2023-12-11 22:26:00",120,13.735,2
45271,"2023-12-11 22:27:00",121,13.622,2
45271,"2023-12-11 22:28:00",122,13.509,2
45271,"2023-12-11 22:29:00",123,13.396,2
45271,"2023-12-11 22:30:00",124,13.283,2
45271,"2023-12-11 22:31:00",125,13.170,2
45271,"2023-12-11 22:32:00",126,13.057,2
45271,"2023-12-11 22:33:00",127,12.944,2
45271,"2023-12-11 22:34:00",128,12.831,2
45271,"2023-12-11 22:35:00",129,12.718,2
45271,"2023-12-11 22:36:00",130,12.600,2
45271,"2023-12-11 22:37:00",131,12.400,2
45271,"2023-12-11 22:38:00",132,12.200,2
45271,"2023-12-11 22:39:00",133,12.000,2
45271,"2023-12-11 22:40:00",134,11.800,2
45271,"2023-12-11 22:41:00",135,11.600,2
45271,"2023-12-11 22:42:00",136,11.400,2
45271,"2023-12-11 22:43:00",137,11.200,2
45271,"2023-12-11 22:44:00",138,11.000,2
45271,"2023-12-11 22:45:00",139,10.800,2
45271,"2023-12-11 22:46:00",140,10.600,2
45271,"2023-12-11 22:47:00",141,10.400,2
45271,"2023-12-11 22:48:00",142,10.200,2
45271,"2023-12-11 22:49:00",143,10.000,2
45271,"2023-12-11 22:50:00",144,9.800,2
45271,"2023-12-11 22:51:00",145,9.600,2
45271,"2023-12-11 22:52:00",146,9.587,2
45271,"2023-12-11 22:53:00",147,9.574,2
45271,"2023-12-11 22:54:00",148,9.561,2
45271,"2023-12-11 22:55:00",149,9.548,2
45271,"2023-12-11 22:56:00",150,9.535,2
45271,"2023-12-11 22:57:00",151,9.522,2
45271,"2023-12-11 22:58:00",152,9.509,2
45271,"2023-12-11 22:59:00",153,9.496,2
45271,"2023-12-11 23:00:00",154,9.483,2
45271,"2023-12-11 23:01:00",155,9.470,2
45271,"2023-12-11 23:02:00",156,9.457,2
45271,"2023-12-11 23:03:00",157,9.444,2
45271,"2023-12-11 23:04:00",158,9.431,2
45271,"2023-12-11 23:05:00",159,9.418,2
45271,"2023-12-11 23:06:00",160,9.400,2
45271,"2023-12-11 23:07:00",161,9.547,2
45271,"2023-12-11 23:08:00",162,9.694,2
45271,"2023-12-11 23:09:00",163,9.841,2
45271,"2023-12-11 23:10:00",164,9.988,2
45271,"2023-12-11 23:11:00",165,10.135,2
45271,"2023-12-11 23:12:00",166,10.282,2
45271,"2023-12-11 23:13:00",167,10.429,2
45271,"2023-12-11 23:14:00",168,10.576,2
45271,"2023-12-11 23:15:00",169,10.723,2
45271,"2023-12-11 23:16:00",170,10.870,2
45271,"2023-12-11 23:17:00",171,11.017,2
45271,"2023-12-11 23:18:00",172,11.164,2
45271,"2023-12-11 23:19:00",173,11.311,2
45271,"2023-12-11 23:20:00",174,11.458,2
45271,"2023-12-11 23:21:00",175,11.600,2
45271,"2023-12-11 23:22:00",176,11.740,2
45271,"2023-12-11 23:23:00",177,11.880,2
45271,"2023-12-11 23:24:00",178,12.020,2
45271,"2023-12-11 23:25:00",179,12.160,2
45271,"2023-12-11 23:26:00",180,12.300,2
45271,"2023-12-11 23:27:00",181,12.440,2
45271,"2023-12-11 23:28:00",182,12.580,2
45271,"2023-12-11 23:29:00",183,12.720,2
45271,"2023-12-11 23:30:00",184,12.860,2
45271,"2023-12-11 23:31:00",185,13.000,2
45271,"2023-12-11 23:32:00",186,13.140,2
45271,"2023-12-11 23:33:00",187,13.280,2
45271,"2023-12-11 23:34:00",188,13.420,2
45271,"2023-12-11 23:35:00",189,13.560,2
45271,"2023-12-11 23:36:00",190,13.700,2
45271,"2023-12-11 23:37:00",191,13.693,2
45271,"2023-12-11 23:38:00",192,13.686,2
45271,"2023-12-11 23:39:00",193,13.679,2
45271,"2023-12-11 23:40:00",194,13.672,2
45271,"2023-12-11 23:41:00",195,13.665,2
45271,"2023-12-11 23:42:00",196,13.658,2
45271,"2023-12-11 23:43:00",197,13.651,2
45271,"2023-12-11 23:44:00",198,13.644,2
45271,"2023-12-11 23:45:00",199,13.637,2
45271,"2023-12-11 23:46:00",200,13.630,2
45271,"2023-12-11 23:47:00",201,13.623,2
45271,"2023-12-11 23:48:00",202,13.616,2
45271,"2023-12-11 23:49:00",203,13.609,2
45271,"2023-12-11 23:50:00",204,13.602,2
45271,"2023-12-11 23:51:00",205,13.600,2
45271,"2023-12-11 23:52:00",206,13.600,2
45271,"2023-12-11 23:53:00",207,13.600,2
45271,"2023-12-11 23:54:00",208,13.600,2
45271,"2023-12-11 23:55:00",209,13.600,2
45271,"2023-12-11 23:56:00",210,13.600,2
45271,"2023-12-11 23:57:00",211,13.600,2
45271,"2023-12-11 23:58:00",212,13.600,2
45271,"2023-12-11 23:59:00",213,13.600,2
45271,"2023-12-12 00:00:00",214,13.600,2
45271,"2023-12-12 00:01:00",215,13.600,2
45271,"2023-12-12 00:02:00",216,13.600,2
45271,"2023-12-12 00:03:00",217,13.600,2
45271,"2023-12-12 00:04:00",218,13.600,2
45271,"2023-12-12 00:05:00",219,13.600,2
45271,"2023-12-12 00:06:00",220,13.600,2
45271,"2023-12-12 00:07:00",221,13.647,2
45271,"2023-12-12 00:08:00",222,13.694,2
45271,"2023-12-12 00:09:00",223,13.741,2
45271,"2023-12-12 00:10:00",224,13.788,2
45271,"2023-12-12 00:11:00",225,13.835,2
45271,"2023-12-12 00:12:00",226,13.882,2
45271,"2023-12-12 00:13:00",227,13.929,2
45271,"2023-12-12 00:14:00",228,13.976,2
45271,"2023-12-12 00:15:00",229,14.023,2
45271,"2023-12-12 00:16:00",230,14.070,2
45271,"2023-12-12 00:17:00",231,14.117,2
45271,"2023-12-12 00:18:00",232,14.164,2
45271,"2023-12-12 00:19:00",233,14.211,2
45271,"2023-12-12 00:20:00",234,14.258,2
45271,"2023-12-12 00:21:00",235,14.300,2
45271,"2023-12-12 00:22:00",236,14.300,2
45271,"2023-12-12 00:23:00",237,14.300,2
45271,"2023-12-12 00:24:00",238,14.300,2
45271,"2023-12-12 00:25:00",239,14.300,2
45271,"2023-12-12 00:26:00",240,14.300,2
45271,"2023-12-12 00:27:00",241,14.300,2
45271,"2023-12-12 00:28:00",242,14.300,2
45271,"2023-12-12 00:29:00",243,14.300,2
45271,"2023-12-12 00:30:00",244,14.300,2
45271,"2023-12-12 00:31:00",245,14.300,2
45271,"2023-12-12 00:32:00",246,14.300,2
45271,"2023-12-12 00:33:00",247,14.300,2
45271,"2023-12-12 00:34:00",248,14.300,2
45271,"2023-12-12 00:35:00",249,14.300,2
45271,"2023-12-12 00:36:00",250,14.300,2
45271,"2023-12-12 00:37:00",251,14.247,2
45271,"2023-12-12 00:38:00",252,14.194,2
45271,"2023-12-12 00:39:00",253,14.141,2
45271,"2023-12-12 00:40:00",254,14.088,2
45271,"2023-12-12 00:41:00",255,14.035,2
45271,"2023-12-12 00:42:00",256,13.982,2
45271,"2023-12-12 00:43:00",257,13.929,2
45271,"2023-12-12 00:44:00",258,13.876,2
45271,"2023-12-12 00:45:00",259,13.823,2
45271,"2023-12-12 00:46:00",260,13.770,2
45271,"2023-12-12 00:47:00",261,13.717,2
45271,"2023-12-12 00:48:00",262,13.664,2
45271,"2023-12-12 00:49:00",263,13.611,2
45271,"2023-12-12 00:50:00",264,13.558,2
45271,"2023-12-12 00:51:00",265,13.500,2
45271,"2023-12-12 00:52:00",266,13.487,2
45271,"2023-12-12 00:53:00",267,13.474,2
45271,"2023-12-12 00:54:00",268,13.461,2
45271,"2023-12-12 00:55:00",269,13.448,2
45271,"2023-12-12 00:56:00",270,13.435,2
45271,"2023-12-12 00:57:00",271,13.422,2
45271,"2023-12-12 00:58:00",272,13.409,2
45271,"2023-12-12 00:59:00",273,13.396,2
45271,"2023-12-12 01:00:00",274,13.383,2
45271,"2023-12-12 01:01:00",275,13.370,2
45271,"2023-12-12 01:02:00",276,13.357,2
45271,"2023-12-12 01:03:00",277,13.344,2
45271,"2023-12-12 01:04:00",278,13.331,2
45271,"2023-12-12 01:05:00",279,13.318,2
45271,"2023-12-12 01:06:00",280,13.300,2
45271,"2023-12-12 01:07:00",281,13.320,2
45271,"2023-12-12 01:08:00",282,13.340,2
45271,"2023-12-12 01:09:00",283,13.360,2
45271,"2023-12-12 01:10:00",284,13.380,2
45271,"2023-12-12 01:11:00",285,13.400,2
45271,"2023-12-12 01:12:00",286,13.420,2
45271,"2023-12-12 01:13:00",287,13.440,2
45271,"2023-12-12 01:14:00",288,13.460,2
45271,"2023-12-12 01:15:00",289,13.480,2
45271,"2023-12-12 01:16:00",290,13.500,2
45271,"2023-12-12 01:17:00",291,13.520,2
45271,"2023-12-12 01:18:00",292,13.540,2
45271,"2023-12-12 01:19:00",293,13.560,2
45271,"2023-12-12 01:20:00",294,13.580,2
45271,"2023-12-12 01:21:00",295,13.600,2
45271,"2023-12-12 01:22:00",296,13.620,2
45271,"2023-12-12 01:23:00",297,13.640,2
45271,"2023-12-12 01:24:00",298,13.660,2
45271,"2023-12-12 01:25:00",299,13.680,2
45271,"2023-12-12 01:26:00",300,13.700,2
45271,"2023-12-12 01:27:00",301,13.720,2
45271,"2023-12-12 01:28:00",302,13.740,2
45271,"2023-12-12 01:29:00",303,13.760,2
45271,"2023-12-12 01:30:00",304,13.780,2
45271,"2023-12-12 01:31:00",305,13.800,2
45271,"2023-12-12 01:32:00",306,13.820,2
45271,"2023-12-12 01:33:00",307,13.840,2
45271,"2023-12-12 01:34:00",308,13.860,2
45271,"2023-12-12 01:35:00",309,13.880,2
45271,"2023-12-12 01:36:00",310,13.900,2
45271,"2023-12-12 01:37:00",311,13.873,2
45271,"2023-12-12 01:38:00",312,13.846,2
45271,"2023-12-12 01:39:00",313,13.819,2
45271,"2023-12-12 01:40:00",314,13.792,2
45271,"2023-12-12 01:41:00",315,13.765,2
45271,"2023-12-12 01:42:00",316,13.738,2
45271,"2023-12-12 01:43:00",317,13.711,2
45271,"2023-12-12 01:44:00",318,13.684,2
45271,"2023-12-12 01:45:00",319,13.657,2
45271,"2023-12-12 01:46:00",320,13.630,2
45271,"2023-12-12 01:47:00",321,13.603,2
45271,"2023-12-12 01:48:00",322,13.576,2
45271,"2023-12-12 01:49:00",323,13.549,2
45271,"2023-12-12 01:50:00",324,13.522,2
45271,"2023-12-12 01:51:00",325,13.500,2
45271,"2023-12-12 01:52:00",326,13.460,2
45271,"2023-12-12 01:53:00",327,13.420,2
45271,"2023-12-12 01:54:00",328,13.380,2
45271,"2023-12-12 01:55:00",329,13.340,2
45271,"2023-12-12 01:56:00",330,13.300,2
45271,"2023-12-12 01:57:00",331,13.260,2
45271,"2023-12-12 01:58:00",332,13.220,2
45271,"2023-12-12 01:59:00",333,13.180,2
45271,"2023-12-12 02:00:00",334,13.140,2
45271,"2023-12-12 02:01:00",335,13.100,2
45271,"2023-12-12 02:02:00",336,13.060,2
45271,"2023-12-12 02:03:00",337,13.020,2
45271,"2023-12-12 02:04:00",338,12.980,2
45271,"2023-12-12 02:05:00",339,12.940,2
45271,"2023-12-12 02:06:00",340,12.900,2
45271,"2023-12-12 02:07:00",341,12.933,2
45271,"2023-12-12 02:08:00",342,12.966,2
45271,"2023-12-12 02:09:00",343,12.999,2
45271,"2023-12-12 02:10:00",344,13.032,2
45271,"2023-12-12 02:11:00",345,13.065,2
45271,"2023-12-12 02:12:00",346,13.098,2
45271,"2023-12-12 02:13:00",347,13.131,2
45271,"2023-12-12 02:14:00",348,13.164,2
45271,"2023-12-12 02:15:00",349,13.197,2
45271,"2023-12-12 02:16:00",350,13.230,2
45271,"2023-12-12 02:17:00",351,13.263,2
45271,"2023-12-12 02:18:00",352,13.296,2
45271,"2023-12-12 02:19:00",353,13.329,2
45271,"2023-12-12 02:20:00",354,13.362,2
45271,"2023-12-12 02:21:00",355,13.400,2
45271,"2023-12-12 02:22:00",356,13.453,2
45271,"2023-12-12 02:23:00",357,13.506,2
45271,"2023-12-12 02:24:00",358,13.559,2
45271,"2023-12-12 02:25:00",359,13.612,2
45271,"2023-12-12 02:26:00",360,13.665,2
45271,"2023-12-12 02:27:00",361,13.718,2
45271,"2023-12-12 02:28:00",362,13.771,2
45271,"2023-12-12 02:29:00",363,13.824,2
45271,"2023-12-12 02:30:00",364,13.877,2
45271,"2023-12-12 02:31:00",365,13.930,2
45271,"2023-12-12 02:32:00",366,13.983,2
45271,"2023-12-12 02:33:00",367,14.036,2
45271,"2023-12-12 02:34:00",368,14.089,2
45271,"2023-12-12 02:35:00",369,14.142,2
45271,"2023-12-12 02:36:00",370,14.200,2
45271,"2023-12-12 02:37:00",371,14.207,2
45271,"2023-12-12 02:38:00",372,14.214,2
45271,"2023-12-12 02:39:00",373,14.221,2
45271,"2023-12-12 02:40:00",374,14.228,2
45271,"2023-12-12 02:41:00",375,14.235,2
45271,"2023-12-12 02:42:00",376,14.242,2
45271,"2023-12-12 02:43:00",377,14.249,2
45271,"2023-12-12 02:44:00",378,14.256,2
45271,"2023-12-12 02:45:00",379,14.263,2
45271,"2023-12-12 02:46:00",380,14.270,2
45271,"2023-12-12 02:47:00",381,14.277,2
45271,"2023-12-12 02:48:00",382,14.284,2
45271,"2023-12-12 02:49:00",383,14.291,2
45271,"2023-12-12 02:50:00",384,14.298,2
45271,"2023-12-12 02:51:00",385,14.300,2
45271,"2023-12-12 02:52:00",386,14.260,2
45271,"2023-12-12 02:53:00",387,14.220,2
45271,"2023-12-12 02:54:00",388,14.180,2
45271,"2023-12-12 02:55:00",389,14.140,2
45271,"2023-12-12 02:56:00",390,14.100,2
45271,"2023-12-12 02:57:00",391,14.060,2
45271,"2023-12-12 02:58:00",392,14.020,2
45271,"2023-12-12 02:59:00",393,13.980,2
45271,"2023-12-12 03:00:00",394,13.940,2
45271,"2023-12-12 03:01:00",395,13.900,2
45271,"2023-12-12 03:02:00",396,13.860,2
45271,"2023-12-12 03:03:00",397,13.820,2
45271,"2023-12-12 03:04:00",398,13.780,2
45271,"2023-12-12 03:05:00",399,13.740,2
45271,"2023-12-12 03:06:00",400,13.700,2
45271,"2023-12-12 03:07:00",401,13.647,2
45271,"2023-12-12 03:08:00",402,13.594,2
45271,"2023-12-12 03:09:00",403,13.541,2
45271,"2023-12-12 03:10:00",404,13.488,2
45271,"2023-12-12 03:11:00",405,13.435,2
45271,"2023-12-12 03:12:00",406,13.382,2
45271,"2023-12-12 03:13:00",407,13.329,2
45271,"2023-12-12 03:14:00",408,13.276,2
45271,"2023-12-12 03:15:00",409,13.223,2
45271,"2023-12-12 03:16:00",410,13.170,2
45271,"2023-12-12 03:17:00",411,13.117,2
45271,"2023-12-12 03:18:00",412,13.064,2
45271,"2023-12-12 03:19:00",413,13.011,2
45271,"2023-12-12 03:20:00",414,12.958,2
45271,"2023-12-12 03:21:00",415,12.900,2
45271,"2023-12-12 03:22:00",416,12.867,2
45271,"2023-12-12 03:23:00",417,12.834,2
45271,"2023-12-12 03:24:00",418,12.801,2
45271,"2023-12-12 03:25:00",419,12.768,2
45271,"2023-12-12 03:26:00",420,12.735,2
45271,"2023-12-12 03:27:00",421,12.702,2
45271,"2023-12-12 03:28:00",422,12.669,2
45271,"2023-12-12 03:29:00",423,12.636,2
45271,"2023-12-12 03:30:00",424,12.603,2
45271,"2023-12-12 03:31:00",425,12.570,2
45271,"2023-12-12 03:32:00",426,12.537,2
45271,"2023-12-12 03:33:00",427,12.504,2
45271,"2023-12-12 03:34:00",428,12.471,2
45271,"2023-12-12 03:35:00",429,12.438,2
45271,"2023-12-12 03:36:00",430,12.400,2
45271,"2023-12-12 03:37:00",431,12.340,2
45271,"2023-12-12 03:38:00",432,12.280,2
45271,"2023-12-12 03:39:00",433,12.220,2
45271,"2023-12-12 03:40:00",434,12.160,2
45271,"2023-12-12 03:41:00",435,12.100,2
45271,"2023-12-12 03:42:00",436,12.040,2
45271,"2023-12-12 03:43:00",437,11.980,2
45271,"2023-12-12 03:44:00",438,11.920,2
45271,"2023-12-12 03:45:00",439,11.860,2
45271,"2023-12-12 03:46:00",440,11.800,2
45271,"2023-12-12 03:47:00",441,11.740,2
45271,"2023-12-12 03:48:00",442,11.680,2
45271,"2023-12-12 03:49:00",443,11.620,2
45271,"2023-12-12 03:50:00",444,11.560,2
45271,"2023-12-12 03:51:00",445,11.500,2
45271,"2023-12-12 03:52:00",446,11.447,2
45271,"2023-12-12 03:53:00",447,11.394,2
45271,"2023-12-12 03:54:00",448,11.341,2
45271,"2023-12-12 03:55:00",449,11.288,2
45271,"2023-12-12 03:56:00",450,11.235,2
45271,"2023-12-12 03:57:00",451,11.182,2
45271,"2023-12-12 03:58:00",452,11.129,2
45271,"2023-12-12 03:59:00",453,11.076,2
45271,"2023-12-12 04:00:00",454,11.023,2
45271,"2023-12-12 04:01:00",455,10.970,2
45271,"2023-12-12 04:02:00",456,10.917,2
45271,"2023-12-12 04:03:00",457,10.864,2
45271,"2023-12-12 04:04:00",458,10.811,2
45271,"2023-12-12 04:05:00",459,10.758,2
45271,"2023-12-12 04:06:00",460,10.700,2
45271,"2023-12-12 04:07:00",461,10.727,2
45271,"2023-12-12 04:08:00",462,10.754,2
45271,"2023-12-12 04:09:00",463,10.781,2
45271,"2023-12-12 04:10:00",464,10.808,2
45271,"2023-12-12 04:11:00",465,10.835,2
45271,"2023-12-12 04:12:00",466,10.862,2
45271,"2023-12-12 04:13:00",467,10.889,2
45271,"2023-12-12 04:14:00",468,10.916,2
45271,"2023-12-12 04:15:00",469,10.943,2
45271,"2023-12-12 04:16:00",470,10.970,2
45271,"2023-12-12 04:17:00",471,10.997,2
45271,"2023-12-12 04:18:00",472,11.024,2
45271,"2023-12-12 04:19:00",473,11.051,2
45271,"2023-12-12 04:20:00",474,11.078,2
45271,"2023-12-12 04:21:00",475,11.100,2
45271,"2023-12-12 04:22:00",476,11.140,2
45271,"2023-12-12 04:23:00",477,11.180,2
45271,"2023-12-12 04:24:00",478,11.220,2
45271,"2023-12-12 04:25:00",479,11.260,2
45302,"2024-01-11 19:34:00",0,5.120,2
45302,"2024-01-11 19:35:00",1,5.160,2
45302,"2024-01-11 19:36:00",2,5.200,2
45302,"2024-01-11 19:37:00",3,5.340,2
45302,"2024-01-11 19:38:00",4,5.480,2
45302,"2024-01-11 19:39:00",5,5.620,2
45302,"2024-01-11 19:40:00",6,5.760,2
45302,"2024-01-11 19:41:00",7,5.900,2
45302,"2024-01-11 19:42:00",8,6.040,2
45302,"2024-01-11 19:43:00",9,6.180,2
45302,"2024-01-11 19:44:00",10,6.320,2
45302,"2024-01-11 19:45:00",11,6.460,2
45302,"2024-01-11 19:46:00",12,6.600,2
45302,"2024-01-11 19:47:00",13,6.740,2
45302,"2024-01-11 19:48:00",14,6.880,2
45302,"2024-01-11 19:49:00",15,7.020,2
45302,"2024-01-11 19:50:00",16,7.160,2
45302,"2024-01-11 19:51:00",17,7.300,2
45302,"2024-01-11 19:52:00",18,7.493,2
45302,"2024-01-11 19:53:00",19,7.686,2
45302,"2024-01-11 19:54:00",20,7.879,2
45302,"2024-01-11 19:55:00",21,8.072,2
45302,"2024-01-11 19:56:00",22,8.265,2
45302,"2024-01-11 19:57:00",23,8.458,2
45302,"2024-01-11 19:58:00",24,8.651,2
45302,"2024-01-11 19:59:00",25,8.844,2
45302,"2024-01-11 20:00:00",26,9.037,2
45302,"2024-01-11 20:01:00",27,9.230,2
45302,"2024-01-11 20:02:00",28,9.423,2
45302,"2024-01-11 20:03:00",29,9.616,2
45302,"2024-01-11 20:04:00",30,9.809,2
45302,"2024-01-11 20:05:00",31,10.002,2
45302,"2024-01-11 20:06:00",32,10.200,2
45302,"2024-01-11 20:07:00",33,10.320,2
45302,"2024-01-11 20:08:00",34,10.440,2
45302,"2024-01-11 20:09:00",35,10.560,2
45302,"2024-01-11 20:10:00",36,10.680,2
45302,"2024-01-11 20:11:00",37,10.800,2
45302,"2024-01-11 20:12:00",38,10.920,2
45302,"2024-01-11 20:13:00",39,11.040,2
45302,"2024-01-11 20:14:00",40,11.160,2
45302,"2024-01-11 20:15:00",41,11.280,2
45302,"2024-01-11 20:16:00",42,11.400,2
45302,"2024-01-11 20:17:00",43,11.520,2
45302,"2024-01-11 20:18:00",44,11.640,2
45302,"2024-01-11 20:19:00",45,11.760,2
45302,"2024-01-11 20:20:00",46,11.880,2
45302,"2024-01-11 20:21:00",47,12.000,2
45302,"2024-01-11 20:22:00",48,12.043,2
45302,"2024-01-11 20:23:00",49,12.086,2
45302,"2024-01-11 20:24:00",50,12.129,2
45302,"2024-01-11 20:25:00",51,12.172,2
45302,"2024-01-11 20:26:00",52,12.215,2
45302,"2024-01-11 20:27:00",53,12.258,2
45302,"2024-01-11 20:28:00",54,12.301,2
45302,"2024-01-11 20:29:00",55,12.344,2
45302,"2024-01-11 20:30:00",56,12.387,2
45302,"2024-01-11 20:31:00",57,12.430,2
45302,"2024-01-11 20:32:00",58,12.473,2
45302,"2024-01-11 20:33:00",59,12.516,2
45302,"2024-01-11 20:34:00",60,12.559,2
45302,"2024-01-11 20:35:00",61,12.600,2
45302,"2024-01-11 20:36:00",62,12.587,2
45302,"2024-01-11 20:37:00",63,12.574,2
45302,"2024-01-11 20:38:00",64,12.561,2
45302,"2024-01-11 20:39:00",65,12.548,2
45302,"2024-01-11 20:40:00",66,12.535,2
45302,"2024-01-11 20:41:00",67,12.522,2
45302,"2024-01-11 20:42:00",68,12.509,2
45302,"2024-01-11 20:43:00",69,12.496,2
45302,"2024-01-11 20:44:00",70,12.483,2
45302,"2024-01-11 20:45:00",71,12.470,2
45302,"2024-01-11 20:46:00",72,12.457,2
45302,"2024-01-11 20:47:00",73,12.444,2
45302,"2024-01-11 20:48:00",74,12.431,2
45302,"2024-01-11 20:49:00",75,12.418,2
45302,"2024-01-11 20:50:00",76,12.400,2
45302,"2024-01-11 20:51:00",77,12.387,2
45302,"2024-01-11 20:52:00",78,12.374,2
45302,"2024-01-11 20:53:00",79,12.361,2
45302,"2024-01-11 20:54:00",80,12.348,2
45302,"2024-01-11 20:55:00",81,12.335,2
45302,"2024-01-11 20:56:00",82,12.322,2
45302,"2024-01-11 20:57:00",83,12.309,2
45302,"2024-01-11 20:58:00",84,12.296,2
45302,"2024-01-11 20:59:00",85,12.283,2
45302,"2024-01-11 21:00:00",86,12.270,2
45302,"2024-01-11 21:01:00",87,12.257,2
45302,"2024-01-11 21:02:00",88,12.244,2
45302,"2024-01-11 21:03:00",89,12.231,2
45302,"2024-01-11 21:04:00",90,12.218,2
45302,"2024-01-11 21:05:00",91,12.200,2
45302,"2024-01-11 21:06:00",92,12.169,2
45302,"2024-01-11 21:07:00",93,12.138,2
45302,"2024-01-11 21:08:00",94,12.107,2
45302,"2024-01-11 21:09:00",95,12.076,2
45302,"2024-01-11 21:10:00",96,12.045,2
45302,"2024-01-11 21:11:00",97,12.014,2
45302,"2024-01-11 21:12:00",98,11.983,2
45302,"2024-01-11 21:13:00",99,11.952,2
45302,"2024-01-11 21:14:00",100,11.921,2
45302,"2024-01-11 21:15:00",101,11.890,2
45302,"2024-01-11 21:16:00",102,11.859,2
45302,"2024-01-11 21:17:00",103,11.828,2
45302,"2024-01-11 21:18:00",104,11.797,2
45302,"2024-01-11 21:19:00",105,11.766,2
45302,"2024-01-11 21:20:00",106,11.735,2
45302,"2024-01-11 21:21:00",107,11.700,2
45302,"2024-01-11 21:22:00",108,11.693,2
45302,"2024-01-11 21:23:00",109,11.686,2
45302,"2024-01-11 21:24:00",110,11.679,2
45302,"2024-01-11 21:25:00",111,11.672,2
45302,"2024-01-11 21:26:00",112,11.665,2
45302,"2024-01-11 21:27:00",113,11.658,2
45302,"2024-01-11 21:28:00",114,11.651,2
45302,"2024-01-11 21:29:00",115,11.644,2
45302,"2024-01-11 21:30:00",116,11.637,2
45302,"2024-01-11 21:31:00",117,11.630,2
45302,"2024-01-11 21:32:00",118,11.623,2
45302,"2024-01-11 21:33:00",119,11.616,2
45302,"2024-01-11 21:34:00",120,11.609,2
45302,"2024-01-11 21:35:00",121,11.602,2
45302,"2024-01-11 21:36:00",122,11.600,2
45302,"2024-01-11 21:37:00",123,11.633,2
45302,"2024-01-11 21:38:00",124,11.666,2
45302,"2024-01-11 21:39:00",125,11.699,2
45302,"2024-01-11 21:40:00",126,11.732,2
45302,"2024-01-11 21:41:00",127,11.765,2
45302,"2024-01-11 21:42:00",128,11.798,2
45302,"2024-01-11 21:43:00",129,11.831,2
45302,"2024-01-11 21:44:00",130,11.864,2
45302,"2024-01-11 21:45:00",131,11.897,2
45302,"2024-01-11 21:46:00",132,11.930,2
45302,"2024-01-11 21:47:00",133,11.963,2
45302,"2024-01-11 21:48:00",134,11.996,2
45302,"2024-01-11 21:49:00",135,12.029,2
45302,"2024-01-11 21:50:00",136,12.062,2
45302,"2024-01-11 21:51:00",137,12.100,2
45302,"2024-01-11 21:52:00",138,12.119,2
45302,"2024-01-11 21:53:00",139,12.138,2
45302,"2024-01-11 21:54:00",140,12.157,2
45302,"2024-01-11 21:55:00",141,12.176,2
45302,"2024-01-11 21:56:00",142,12.195,2
45302,"2024-01-11 21:57:00",143,12.214,2
45302,"2024-01-11 21:58:00",144,12.233,2
45302,"2024-01-11 21:59:00",145,12.252,2
45302,"2024-01-11 22:00:00",146,12.271,2
45302,"2024-01-11 22:01:00",147,12.290,2
45302,"2024-01-11 22:02:00",148,12.309,2
45302,"2024-01-11 22:03:00",149,12.328,2
45302,"2024-01-11 22:04:00",150,12.347,2
45302,"2024-01-11 22:05:00",151,12.366,2
45302,"2024-01-11 22:06:00",152,12.385,2
45302,"2024-01-11 22:07:00",153,12.400,2
45302,"2024-01-11 22:08:00",154,12.373,2
45302,"2024-01-11 22:09:00",155,12.346,2
45302,"2024-01-11 22:10:00",156,12.319,2
45302,"2024-01-11 22:11:00",157,12.292,2
45302,"2024-01-11 22:12:00",158,12.265,2
45302,"2024-01-11 22:13:00",159,12.238,2
45302,"2024-01-11 22:14:00",160,12.211,2
45302,"2024-01-11 22:15:00",161,12.184,2
45302,"2024-01-11 22:16:00",162,12.157,2
45302,"2024-01-11 22:17:00",163,12.130,2
45302,"2024-01-11 22:18:00",164,12.103,2
45302,"2024-01-11 22:19:00",165,12.076,2
45302,"2024-01-11 22:20:00",166,12.049,2
45302,"2024-01-11 22:21:00",167,12.022,2
45302,"2024-01-11 22:22:00",168,12.000,2
45302,"2024-01-11 22:23:00",169,12.000,2
45302,"2024-01-11 22:24:00",170,12.000,2
45302,"2024-01-11 22:25:00",171,12.000,2
45302,"2024-01-11 22:26:00",172,12.000,2
45302,"2024-01-11 22:27:00",173,12.000,2
45302,"2024-01-11 22:28:00",174,12.000,2
45302,"2024-01-11 22:29:00",175,12.000,2
45302,"2024-01-11 22:30:00",176,12.000,2
45302,"2024-01-11 22:31:00",177,12.000,2
45302,"2024-01-11 22:32:00",178,12.000,2
45302,"2024-01-11 22:33:00",179,12.000,2
45302,"2024-01-11 22:34:00",180,12.000,2
45302,"2024-01-11 22:35:00",181,12.000,2
45302,"2024-01-11 22:36:00",182,12.000,2
45302,"2024-01-11 22:37:00",183,12.000,2
45302,"2024-01-11 22:38:00",184,11.980,2
45302,"2024-01-11 22:39:00",185,11.960,2
45302,"2024-01-11 22:40:00",186,11.940,2
45302,"2024-01-11 22:41:00",187,11.920,2
45302,"2024-01-11 22:42:00",188,11.900,2
45302,"2024-01-11 22:43:00",189,11.880,2
45302,"2024-01-11 22:44:00",190,11.860,2
45302,"2024-01-11 22:45:00",191,11.840,2
45302,"2024-01-11 22:46:00",192,11.820,2
45302,"2024-01-11 22:47:00",193,11.800,2
45302,"2024-01-11 22:48:00",194,11.780,2
45302,"2024-01-11 22:49:00",195,11.760,2
45302,"2024-01-11 22:50:00",196,11.740,2
45302,"2024-01-11 22:51:00",197,11.720,2
45302,"2024-01-11 22:52:00",198,11.700,2
45302,"2024-01-11 22:53:00",199,11.607,2
45302,"2024-01-11 22:54:00",200,11.514,2
45302,"2024-01-11 22:55:00",201,11.421,2
45302,"2024-01-11 22:56:00",202,11.328,2
45302,"2024-01-11 22:57:00",203,11.235,2
45302,"2024-01-11 22:58:00",204,11.142,2
45302,"2024-01-11 22:59:00",205,11.049,2
45302,"2024-01-11 23:00:00",206,10.956,2
45302,"2024-01-11 23:01:00",207,10.863,2
45302,"2024-01-11 23:02:00",208,10.770,2
45302,"2024-01-11 23:03:00",209,10.677,2
45302,"2024-01-11 23:04:00",210,10.584,2
45302,"2024-01-11 23:05:00",211,10.491,2
45302,"2024-01-11 23:06:00",212,10.398,2
45302,"2024-01-11 23:07:00",213,10.300,2
45302,"2024-01-11 23:08:00",214,10.207,2
45302,"2024-01-11 23:09:00",215,10.114,2
45302,"2024-01-11 23:10:00",216,10.021,2
45302,"2024-01-11 23:11:00",217,9.928,2
45302,"2024-01-11 23:12:00",218,9.835,2
45302,"2024-01-11 23:13:00",219,9.742,2
45302,"2024-01-11 23:14:00",220,9.649,2
45302,"2024-01-11 23:15:00",221,9.556,2
45302,"2024-01-11 23:16:00",222,9.463,2
45302,"2024-01-11 23:17:00",223,9.370,2
45302,"2024-01-11 23:18:00",224,9.277,2
45302,"2024-01-11 23:19:00",225,9.184,2
45302,"2024-01-11 23:20:00",226,9.091,2
45302,"2024-01-11 23:21:00",227,8.998,2
45302,"2024-01-11 23:22:00",228,8.900,2
45302,"2024-01-11 23:23:00",229,8.833,2
45302,"2024-01-11 23:24:00",230,8.766,2
45302,"2024-01-11 23:25:00",231,8.699,2
45302,"2024-01-11 23:26:00",232,8.632,2
45302,"2024-01-11 23:27:00",233,8.565,2
45302,"2024-01-11 23:28:00",234,8.498,2
45302,"2024-01-11 23:29:00",235,8.431,2
45302,"2024-01-11 23:30:00",236,8.364,2
45302,"2024-01-11 23:31:00",237,8.297,2
45302,"2024-01-11 23:32:00",238,8.230,2
45302,"2024-01-11 23:33:00",239,8.163,2
45302,"2024-01-11 23:34:00",240,8.096,2
45302,"2024-01-11 23:35:00",241,8.029,2
45302,"2024-01-11 23:36:00",242,7.962,2
45302,"2024-01-11 23:37:00",243,7.900,2
45302,"2024-01-11 23:38:00",244,7.873,2
45302,"2024-01-11 23:39:00",245,7.846,2
45302,"2024-01-11 23:40:00",246,7.819,2
45302,"2024-01-11 23:41:00",247,7.792,2
45302,"2024-01-11 23:42:00",248,7.765,2
45302,"2024-01-11 23:43:00",249,7.738,2
45302,"2024-01-11 23:44:00",250,7.711,2
45302,"2024-01-11 23:45:00",251,7.684,2
45302,"2024-01-11 23:46:00",252,7.657,2
45302,"2024-01-11 23:47:00",253,7.630,2
45302,"2024-01-11 23:48:00",254,7.603,2
45302,"2024-01-11 23:49:00",255,7.576,2
45302,"2024-01-11 23:50:00",256,7.549,2
45302,"2024-01-11 23:51:00",257,7.522,2
45302,"2024-01-11 23:52:00",258,7.500,2
45302,"2024-01-11 23:53:00",259,7.480,2
45302,"2024-01-11 23:54:00",260,7.460,2
45302,"2024-01-11 23:55:00",261,7.440,2
45302,"2024-01-11 23:56:00",262,7.420,2
45302,"2024-01-11 23:57:00",263,7.400,2
45302,"2024-01-11 23:58:00",264,7.380,2
45302,"2024-01-11 23:59:00",265,7.360,2
45302,"2024-01-12 00:00:00",266,7.340,2
45302,"2024-01-12 00:01:00",267,7.320,2
45302,"2024-01-12 00:02:00",268,7.300,2
45302,"2024-01-12 00:03:00",269,7.280,2
45302,"2024-01-12 00:04:00",270,7.260,2
45302,"2024-01-12 00:05:00",271,7.240,2
45302,"2024-01-12 00:06:00",272,7.220,2
45302,"2024-01-12 00:07:00",273,7.200,2
45302,"2024-01-12 00:08:00",274,7.173,2
45302,"2024-01-12 00:09:00",275,7.146,2
45302,"2024-01-12 00:10:00",276,7.119,2
45302,"2024-01-12 00:11:00",277,7.092,2
45302,"2024-01-12 00:12:00",278,7.065,2
45302,"2024-01-12 00:13:00",279,7.038,2
45302,"2024-01-12 00:14:00",280,7.011,2
45302,"2024-01-12 00:15:00",281,6.984,2
45302,"2024-01-12 00:16:00",282,6.957,2
45302,"2024-01-12 00:17:00",283,6.930,2
45302,"2024-01-12 00:18:00",284,6.903,2
45302,"2024-01-12 00:19:00",285,6.876,2
45302,"2024-01-12 00:20:00",286,6.849,2
45302,"2024-01-12 00:21:00",287,6.822,2
45302,"2024-01-12 00:22:00",288,6.800,2
45302,"2024-01-12 00:23:00",289,6.767,2
45302,"2024-01-12 00:24:00",290,6.734,2
45302,"2024-01-12 00:25:00",291,6.701,2
45302,"2024-01-12 00:26:00",292,6.668,2
45302,"2024-01-12 00:27:00",293,6.635,2
45302,"2024-01-12 00:28:00",294,6.602,2
45302,"2024-01-12 00:29:00",295,6.569,2
45302,"2024-01-12 00:30:00",296,6.536,2
45302,"2024-01-12 00:31:00",297,6.503,2
45302,"2024-01-12 00:32:00",298,6.470,2
45302,"2024-01-12 00:33:00",299,6.437,2
45302,"2024-01-12 00:34:00",300,6.404,2
45302,"2024-01-12 00:35:00",301,6.371,2
45302,"2024-01-12 00:36:00",302,6.338,2
45302,"2024-01-12 00:37:00",303,6.300,2
45302,"2024-01-12 00:38:00",304,6.293,2
45302,"2024-01-12 00:39:00",305,6.286,2
45302,"2024-01-12 00:40:00",306,6.279,2
45302,"2024-01-12 00:41:00",307,6.272,2
45302,"2024-01-12 00:42:00",308,6.265,2
45302,"2024-01-12 00:43:00",309,6.258,2
45302,"2024-01-12 00:44:00",310,6.251,2
45302,"2024-01-12 00:45:00",311,6.244,2
45302,"2024-01-12 00:46:00",312,6.237,2
45302,"2024-01-12 00:47:00",313,6.230,2
45302,"2024-01-12 00:48:00",314,6.223,2
45302,"2024-01-12 00:49:00",315,6.216,2
45302,"2024-01-12 00:50:00",316,6.209,2
45302,"2024-01-12 00:51:00",317,6.202,2
45302,"2024-01-12 00:52:00",318,6.200,2
45302,"2024-01-12 00:53:00",319,6.153,2
45302,"2024-01-12 00:54:00",320,6.106,2
45302,"2024-01-12 00:55:00",321,6.059,2
45302,"2024-01-12 00:56:00",322,6.012,2
45302,"2024-01-12 00:57:00",323,5.965,2
45302,"2024-01-12 00:58:00",324,5.918,2
45302,"2024-01-12 00:59:00",325,5.871,2
45302,"2024-01-12 01:00:00",326,5.824,2
45302,"2024-01-12 01:01:00",327,5.777,2
45302,"2024-01-12 01:02:00",328,5.730,2
45302,"2024-01-12 01:03:00",329,5.683,2
45302,"2024-01-12 01:04:00",330,5.636,2
45302,"2024-01-12 01:05:00",331,5.589,2
45302,"2024-01-12 01:06:00",332,5.542,2
45302,"2024-01-12 01:07:00",333,5.500,2
45302,"2024-01-12 01:08:00",334,5.447,2
45302,"2024-01-12 01:09:00",335,5.394,2
45302,"2024-01-12 01:10:00",336,5.341,2
45302,"2024-01-12 01:11:00",337,5.288,2
45302,"2024-01-12 01:12:00",338,5.235,2
45302,"2024-01-12 01:13:00",339,5.182,2
45302,"2024-01-12 01:14:00",340,5.129,2
45302,"2024-01-12 01:15:00",341,5.076,2
45302,"2024-01-12 01:16:00",342,5.023,2
45302,"2024-01-12 01:17:00",343,4.970,2
45302,"2024-01-12 01:18:00",344,4.917,2
45302,"2024-01-12 01:19:00",345,4.864,2
45302,"2024-01-12 01:20:00",346,4.811,2
45302,"2024-01-12 01:21:00",347,4.758,2
45302,"2024-01-12 01:22:00",348,4.700,2
45302,"2024-01-12 01:23:00",349,4.740,2
45302,"2024-01-12 01:24:00",350,4.780,2
45302,"2024-01-12 01:25:00",351,4.820,2
45302,"2024-01-12 01:26:00",352,4.860,2
45302,"2024-01-12 01:27:00",353,4.900,2
45302,"2024-01-12 01:28:00",354,4.940,2
45302,"2024-01-12 01:29:00",355,4.980,2
45302,"2024-01-12 01:30:00",356,5.020,2
45302,"2024-01-12 01:31:00",357,5.060,2
45302,"2024-01-12 01:32:00",358,5.100,2
45302,"2024-01-12 01:33:00",359,5.140,2
45302,"2024-01-12 01:34:00",360,5.180,2
45302,"2024-01-12 01:35:00",361,5.220,2
45302,"2024-01-12 01:36:00",362,5.260,2
45302,"2024-01-12 01:37:00",363,5.300,2
45302,"2024-01-12 01:38:00",364,5.333,2
45302,"2024-01-12 01:39:00",365,5.366,2
45302,"2024-01-12 01:40:00",366,5.399,2
45302,"2024-01-12 01:41:00",367,5.432,2
45302,"2024-01-12 01:42:00",368,5.465,2
45302,"2024-01-12 01:43:00",369,5.498,2
45302,"2024-01-12 01:44:00",370,5.531,2
45302,"2024-01-12 01:45:00",371,5.564,2
45302,"2024-01-12 01:46:00",372,5.597,2
45302,"2024-01-12 01:47:00",373,5.630,2
45302,"2024-01-12 01:48:00",374,5.663,2
45302,"2024-01-12 01:49:00",375,5.696,2
45302,"2024-01-12 01:50:00",376,5.729,2
45302,"2024-01-12 01:51:00",377,5.762,2
45302,"2024-01-12 01:52:00",378,5.800,2
45302,"2024-01-12 01:53:00",379,5.820,2
45302,"2024-01-12 01:54:00",380,5.840,2
45302,"2024-01-12 01:55:00",381,5.860,2
45302,"2024-01-12 01:56:00",382,5.880,2
45302,"2024-01-12 01:57:00",383,5.900,2
45302,"2024-01-12 01:58:00",384,5.920,2
45302,"2024-01-12 01:59:00",385,5.940,2
45302,"2024-01-12 02:00:00",386,5.960,2
45302,"2024-01-12 02:01:00",387,5.980,2
45302,"2024-01-12 02:02:00",388,6.000,2
45302,"2024-01-12 02:03:00",389,6.020,2
45302,"2024-01-12 02:04:00",390,6.040,2
45302,"2024-01-12 02:05:00",391,6.060,2
45302,"2024-01-12 02:06:00",392,6.080,2
45302,"2024-01-12 02:07:00",393,6.100,2
45302,"2024-01-12 02:08:00",394,6.113,2
45302,"2024-01-12 02:09:00",395,6.126,2
45302,"2024-01-12 02:10:00",396,6.139,2
45302,"2024-01-12 02:11:00",397,6.152,2
45302,"2024-01-12 02:12:00",398,6.165,2
45302,"2024-01-12 02:13:00",399,6.178,2
45302,"2024-01-12 02:14:00",400,6.191,2
45302,"2024-01-12 02:15:00",401,6.204,2
45302,"2024-01-12 02:16:00",402,6.217,2
45302,"2024-01-12 02:17:00",403,6.230,2
45302,"2024-01-12 02:18:00",404,6.243,2
45302,"2024-01-12 02:19:00",405,6.256,2
45302,"2024-01-12 02:20:00",406,6.269,2
45302,"2024-01-12 02:21:00",407,6.282,2
45302,"2024-01-12 02:22:00",408,6.300,2
45302,"2024-01-12 02:23:00",409,6.313,2
45302,"2024-01-12 02:24:00",410,6.326,2
45302,"2024-01-12 02:25:00",411,6.339,2
45302,"2024-01-12 02:26:00",412,6.352,2
45302,"2024-01-12 02:27:00",413,6.365,2
45302,"2024-01-12 02:28:00",414,6.378,2
45302,"2024-01-12 02:29:00",415,6.391,2
45302,"2024-01-12 02:30:00",416,6.404,2
45302,"2024-01-12 02:31:00",417,6.417,2
45302,"2024-01-12 02:32:00",418,6.430,2
45302,"2024-01-12 02:33:00",419,6.443,2
45302,"2024-01-12 02:34:00",420,6.456,2
45302,"2024-01-12 02:35:00",421,6.469,2
45302,"2024-01-12 02:36:00",422,6.482,2
45302,"2024-01-12 02:37:00",423,6.500,2
45302,"2024-01-12 02:38:00",424,6.507,2
45302,"2024-01-12 02:39:00",425,6.514,2
45302,"2024-01-12 02:40:00",426,6.521,2
45302,"2024-01-12 02:41:00",427,6.528,2
45302,"2024-01-12 02:42:00",428,6.535,2
45302,"2024-01-12 02:43:00",429,6.542,2
45302,"2024-01-12 02:44:00",430,6.549,2
45302,"2024-01-12 02:45:00",431,6.556,2
45302,"2024-01-12 02:46:00",432,6.563,2
45302,"2024-01-12 02:47:00",433,6.570,2
45302,"2024-01-12 02:48:00",434,6.577,2
45302,"2024-01-12 02:49:00",435,6.584,2
45302,"2024-01-12 02:50:00",436,6.591,2
45302,"2024-01-12 02:51:00",437,6.598,2
45302,"2024-01-12 02:52:00",438,6.600,2
45302,"2024-01-12 02:53:00",439,6.607,2
45302,"2024-01-12 02:54:00",440,6.614,2
45302,"2024-01-12 02:55:00",441,6.621,2
45302,"2024-01-12 02:56:00",442,6.628,2
45302,"2024-01-12 02:57:00",443,6.635,2
45302,"2024-01-12 02:58:00",444,6.642,2
45302,"2024-01-12 02:59:00",445,6.649,2
45302,"2024-01-12 03:00:00",446,6.656,2
45302,"2024-01-12 03:01:00",447,6.663,2
45302,"2024-01-12 03:02:00",448,6.670,2
45302,"2024-01-12 03:03:00",449,6.677,2
45302,"2024-01-12 03:04:00",450,6.684,2
45302,"2024-01-12 03:05:00",451,6.691,2
45302,"2024-01-12 03:06:00",452,6.698,2
45302,"2024-01-12 03:07:00",453,6.700,2
45302,"2024-01-12 03:08:00",454,6.707,2
45302,"2024-01-12 03:09:00",455,6.714,2
45302,"2024-01-12 03:10:00",456,6.721,2
45302,"2024-01-12 03:11:00",457,6.728,2
45302,"2024-01-12 03:12:00",458,6.735,2
45302,"2024-01-12 03:13:00",459,6.742,2
45302,"2024-01-12 03:14:00",460,6.749,2
45302,"2024-01-12 03:15:00",461,6.756,2
45302,"2024-01-12 03:16:00",462,6.763,2
45302,"2024-01-12 03:17:00",463,6.770,2
45302,"2024-01-12 03:18:00",464,6.777,2
45302,"2024-01-12 03:19:00",465,6.784,2
45302,"2024-01-12 03:20:00",466,6.791,2
45302,"2024-01-12 03:21:00",467,6.798,2
45302,"2024-01-12 03:22:00",468,6.800,2
45302,"2024-01-12 03:23:00",469,6.827,2
45302,"2024-01-12 03:24:00",470,6.854,2
45302,"2024-01-12 03:25:00",471,6.881,2
45302,"2024-01-12 03:26:00",472,6.908,2
45302,"2024-01-12 03:27:00",473,6.935,2
45302,"2024-01-12 03:28:00",474,6.962,2
45302,"2024-01-12 03:29:00",475,6.989,2
45302,"2024-01-12 03:30:00",476,7.016,2
45302,"2024-01-12 03:31:00",477,7.043,2
45302,"2024-01-12 03:32:00",478,7.070,2
45302,"2024-01-12 03:33:00",479,7.097,2
45325,"2024-02-03 20:32:00",0,8.869,2
45325,"2024-02-03 20:33:00",1,8.836,2
45325,"2024-02-03 20:34:00",2,8.803,2
45325,"2024-02-03 20:35:00",3,8.770,2
45325,"2024-02-03 20:36:00",4,8.737,2
45325,"2024-02-03 20:37:00",5,8.704,2
45325,"2024-02-03 20:38:00",6,8.671,2
45325,"2024-02-03 20:39:00",7,8.638,2
45325,"2024-02-03 20:40:00",8,8.600,2
45325,"2024-02-03 20:41:00",9,8.587,2
45325,"2024-02-03 20:42:00",10,8.574,2
45325,"2024-02-03 20:43:00",11,8.561,2
45325,"2024-02-03 20:44:00",12,8.548,2
45325,"2024-02-03 20:45:00",13,8.535,2
45325,"2024-02-03 20:46:00",14,8.522,2
45325,"2024-02-03 20:47:00",15,8.509,2
45325,"2024-02-03 20:48:00",16,8.496,2
45325,"2024-02-03 20:49:00",17,8.483,2
45325,"2024-02-03 20:50:00",18,8.470,2
45325,"2024-02-03 20:51:00",19,8.457,2
45325,"2024-02-03 20:52:00",20,8.444,2
45325,"2024-02-03 20:53:00",21,8.431,2
45325,"2024-02-03 20:54:00",22,8.418,2
45325,"2024-02-03 20:55:00",23,8.400,2
45325,"2024-02-03 20:56:00",24,8.493,2
45325,"2024-02-03 20:57:00",25,8.586,2
45325,"2024-02-03 20:58:00",26,8.679,2
45325,"2024-02-03 20:59:00",27,8.772,2
45325,"2024-02-03 21:00:00",28,8.865,2
45325,"2024-02-03 21:01:00",29,8.958,2
45325,"2024-02-03 21:02:00",30,9.051,2
45325,"2024-02-03 21:03:00",31,9.144,2
45325,"2024-02-03 21:04:00",32,9.237,2
45325,"2024-02-03 21:05:00",33,9.330,2
45325,"2024-02-03 21:06:00",34,9.423,2
45325,"2024-02-03 21:07:00",35,9.516,2
45325,"2024-02-03 21:08:00",36,9.609,2
45325,"2024-02-03 21:09:00",37,9.702,2
45325,"2024-02-03 21:10:00",38,9.800,2
45325,"2024-02-03 21:11:00",39,10.020,2
45325,"2024-02-03 21:12:00",40,10.240,2
45325,"2024-02-03 21:13:00",41,10.460,2
45325,"2024-02-03 21:14:00",42,10.680,2
45325,"2024-02-03 21:15:00",43,10.900,2
45325,"2024-02-03 21:16:00",44,11.120,2
45325,"2024-02-03 21:17:00",45,11.340,2
45325,"2024-02-03 21:18:00",46,11.560,2
45325,"2024-02-03 21:19:00",47,11.780,2
45325,"2024-02-03 21:20:00",48,12.000,2
45325,"2024-02-03 21:21:00",49,12.220,2
45325,"2024-02-03 21:22:00",50,12.440,2
45325,"2024-02-03 21:23:00",51,12.660,2
45325,"2024-02-03 21:24:00",52,12.880,2
45325,"2024-02-03 21:25:00",53,13.100,2
45325,"2024-02-03 21:26:00",54,13.200,2
45325,"2024-02-03 21:27:00",55,13.300,2
45325,"2024-02-03 21:28:00",56,13.400,2
45325,"2024-02-03 21:29:00",57,13.500,2
45325,"2024-02-03 21:30:00",58,13.600,2
45325,"2024-02-03 21:31:00",59,13.700,2
45325,"2024-02-03 21:32:00",60,13.800,2
45325,"2024-02-03 21:33:00",61,13.900,2
45325,"2024-02-03 21:34:00",62,14.000,2
45325,"2024-02-03 21:35:00",63,14.100,2
45325,"2024-02-03 21:36:00",64,14.200,2
45325,"2024-02-03 21:37:00",65,14.300,2
45325,"2024-02-03 21:38:00",66,14.400,2
45325,"2024-02-03 21:39:00",67,14.500,2
45325,"2024-02-03 21:40:00",68,14.600,2
45325,"2024-02-03 21:41:00",69,14.553,2
45325,"2024-02-03 21:42:00",70,14.506,2
45325,"2024-02-03 21:43:00",71,14.459,2
45325,"2024-02-03 21:44:00",72,14.412,2
45325,"2024-02-03 21:45:00",73,14.365,2
45325,"2024-02-03 21:46:00",74,14.318,2
45325,"2024-02-03 21:47:00",75,14.271,2
45325,"2024-02-03 21:48:00",76,14.224,2
45325,"2024-02-03 21:49:00",77,14.177,2
45325,"2024-02-03 21:50:00",78,14.130,2
45325,"2024-02-03 21:51:00",79,14.083,2
45325,"2024-02-03 21:52:00",80,14.036,2
45325,"2024-02-03 21:53:00",81,13.989,2
45325,"2024-02-03 21:54:00",82,13.942,2
45325,"2024-02-03 21:55:00",83,13.900,2
45325,"2024-02-03 21:56:00",84,13.893,2
45325,"2024-02-03 21:57:00",85,13.886,2
45325,"2024-02-03 21:58:00",86,13.879,2
45325,"2024-02-03 21:59:00",87,13.872,2
45325,"2024-02-03 22:00:00",88,13.865,2
45325,"2024-02-03 22:01:00",89,13.858,2
45325,"2024-02-03 22:02:00",90,13.851,2
45325,"2024-02-03 22:03:00",91,13.844,2
45325,"2024-02-03 22:04:00",92,13.837,2
45325,"2024-02-03 22:05:00",93,13.830,2
45325,"2024-02-03 22:06:00",94,13.823,2
45325,"2024-02-03 22:07:00",95,13.816,2
45325,"2024-02-03 22:08:00",96,13.809,2
45325,"2024-02-03 22:09:00",97,13.802,2
45325,"2024-02-03 22:10:00",98,13.800,2
45325,"2024-02-03 22:11:00",99,13.860,2
45325,"2024-02-03 22:12:00",100,13.920,2
45325,"2024-02-03 22:13:00",101,13.980,2
45325,"2024-02-03 22:14:00",102,14.040,2
45325,"2024-02-03 22:15:00",103,14.100,2
45325,"2024-02-03 22:16:00",104,14.160,2
45325,"2024-02-03 22:17:00",105,14.220,2
45325,"2024-02-03 22:18:00",106,14.280,2
45325,"2024-02-03 22:19:00",107,14.340,2
45325,"2024-02-03 22:20:00",108,14.400,2
45325,"2024-02-03 22:21:00",109,14.460,2
45325,"2024-02-03 22:22:00",110,14.520,2
45325,"2024-02-03 22:23:00",111,14.580,2
45325,"2024-02-03 22:24:00",112,14.640,2
45325,"2024-02-03 22:25:00",113,14.700,2
45325,"2024-02-03 22:26:00",114,14.661,2
45325,"2024-02-03 22:27:00",115,14.622,2
45325,"2024-02-03 22:28:00",116,14.583,2
45325,"2024-02-03 22:29:00",117,14.544,2
45325,"2024-02-03 22:30:00",118,14.505,2
45325,"2024-02-03 22:31:00",119,14.466,2
45325,"2024-02-03 22:32:00",120,14.427,2
45325,"2024-02-03 22:33:00",121,14.388,2
45325,"2024-02-03 22:34:00",122,14.349,2
45325,"2024-02-03 22:35:00",123,14.310,2
45325,"2024-02-03 22:36:00",124,14.271,2
45325,"2024-02-03 22:37:00",125,14.232,2
45325,"2024-02-03 22:38:00",126,14.193,2
45325,"2024-02-03 22:39:00",127,14.154,2
45325,"2024-02-03 22:40:00",128,14.115,2
45325,"2024-02-03 22:41:00",129,14.076,2
45325,"2024-02-03 22:42:00",130,14.037,2
45325,"2024-02-03 22:43:00",131,13.998,2
45325,"2024-02-03 22:44:00",132,13.959,2
45325,"2024-02-03 22:45:00",133,13.920,2
45325,"2024-02-03 22:46:00",134,13.881,2
45325,"2024-02-03 22:47:00",135,13.842,2
45325,"2024-02-03 22:48:00",136,13.803,2
45325,"2024-02-03 22:49:00",137,13.764,2
45325,"2024-02-03 22:50:00",138,13.725,2
45325,"2024-02-03 22:51:00",139,13.686,2
45325,"2024-02-03 22:52:00",140,13.647,2
45325,"2024-02-03 22:53:00",141,13.608,2
45325,"2024-02-03 22:54:00",142,13.569,2
45325,"2024-02-03 22:55:00",143,13.530,2
45325,"2024-02-03 22:56:00",144,13.491,2
45325,"2024-02-03 22:57:00",145,13.452,2
45325,"2024-02-03 22:58:00",146,13.413,2
45325,"2024-02-03 22:59:00",147,13.374,2
45325,"2024-02-03 23:00:00",148,13.335,2
45325,"2024-02-03 23:01:00",149,13.296,2
45325,"2024-02-03 23:02:00",150,13.257,2
45325,"2024-02-03 23:03:00",151,13.218,2
45325,"2024-02-03 23:04:00",152,13.179,2
45325,"2024-02-03 23:05:00",153,13.140,2
45325,"2024-02-03 23:06:00",154,13.101,2
45325,"2024-02-03 23:07:00",155,13.062,2
45325,"2024-02-03 23:08:00",156,13.023,2
45325,"2024-02-03 23:09:00",157,12.984,2
45325,"2024-02-03 23:10:00",158,12.945,2
45325,"2024-02-03 23:11:00",159,12.906,2
45325,"2024-02-03 23:12:00",160,12.867,2
45325,"2024-02-03 23:13:00",161,12.828,2
45325,"2024-02-03 23:14:00",162,12.789,2
45325,"2024-02-03 23:15:00",163,12.750,2
45325,"2024-02-03 23:16:00",164,12.711,2
45325,"2024-02-03 23:17:00",165,12.672,2
45325,"2024-02-03 23:18:00",166,12.633,2
45325,"2024-02-03 23:19:00",167,12.594,2
45325,"2024-02-03 23:20:00",168,12.555,2
45325,"2024-02-03 23:21:00",169,12.516,2
45325,"2024-02-03 23:22:00",170,12.477,2
45325,"2024-02-03 23:23:00",171,12.438,2
45325,"2024-02-03 23:24:00",172,12.399,2
45325,"2024-02-03 23:25:00",173,12.360,2
45325,"2024-02-03 23:26:00",174,12.321,2
45325,"2024-02-03 23:27:00",175,12.282,2
45325,"2024-02-03 23:28:00",176,12.243,2
45325,"2024-02-03 23:29:00",177,12.204,2
45325,"2024-02-03 23:30:00",178,12.165,2
45325,"2024-02-03 23:31:00",179,12.126,2
45325,"2024-02-03 23:32:00",180,12.087,2
45325,"2024-02-03 23:33:00",181,12.048,2
45325,"2024-02-03 23:34:00",182,12.009,2
45325,"2024-02-03 23:35:00",183,11.970,2
45325,"2024-02-03 23:36:00",184,11.931,2
45325,"2024-02-03 23:37:00",185,11.892,2
45325,"2024-02-03 23:38:00",186,11.853,2
45325,"2024-02-03 23:39:00",187,11.814,2
45325,"2024-02-03 23:40:00",188,11.775,2
45325,"2024-02-03 23:41:00",189,11.736,2
45325,"2024-02-03 23:42:00",190,11.697,2
45325,"2024-02-03 23:43:00",191,11.658,2
45325,"2024-02-03 23:44:00",192,11.619,2
45325,"2024-02-03 23:45:00",193,11.580,2
45325,"2024-02-03 23:46:00",194,11.541,2
45325,"2024-02-03 23:47:00",195,11.502,2
45325,"2024-02-03 23:48:00",196,11.463,2
45325,"2024-02-03 23:49:00",197,11.424,2
45325,"2024-02-03 23:50:00",198,11.385,2
45325,"2024-02-03 23:51:00",199,11.346,2
45325,"2024-02-03 23:52:00",200,11.307,2
45325,"2024-02-03 23:53:00",201,11.268,2
45325,"2024-02-03 23:54:00",202,11.200,2
45325,"2024-02-03 23:55:00",203,11.060,2
45325,"2024-02-03 23:56:00",204,10.920,2
45325,"2024-02-03 23:57:00",205,10.780,2
45325,"2024-02-03 23:58:00",206,10.640,2
45325,"2024-02-03 23:59:00",207,10.500,2
45325,"2024-02-04 00:00:00",208,10.360,2
45325,"2024-02-04 00:01:00",209,10.220,2
45325,"2024-02-04 00:02:00",210,10.080,2
45325,"2024-02-04 00:03:00",211,9.940,2
45325,"2024-02-04 00:04:00",212,9.800,2
45325,"2024-02-04 00:05:00",213,9.660,2
45325,"2024-02-04 00:06:00",214,9.520,2
45325,"2024-02-04 00:07:00",215,9.380,2
45325,"2024-02-04 00:08:00",216,9.240,2
45325,"2024-02-04 00:09:00",217,9.100,2
45325,"2024-02-04 00:10:00",218,9.033,2
45325,"2024-02-04 00:11:00",219,8.966,2
45325,"2024-02-04 00:12:00",220,8.899,2
45325,"2024-02-04 00:13:00",221,8.832,2
45325,"2024-02-04 00:14:00",222,8.765,2
45325,"2024-02-04 00:15:00",223,8.698,2
45325,"2024-02-04 00:16:00",224,8.631,2
45325,"2024-02-04 00:17:00",225,8.564,2
45325,"2024-02-04 00:18:00",226,8.497,2
45325,"2024-02-04 00:19:00",227,8.430,2
45325,"2024-02-04 00:20:00",228,8.363,2
45325,"2024-02-04 00:21:00",229,8.296,2
45325,"2024-02-04 00:22:00",230,8.229,2
45325,"2024-02-04 00:23:00",231,8.162,2
45325,"2024-02-04 00:24:00",232,8.100,2
45325,"2024-02-04 00:25:00",233,8.087,2
45325,"2024-02-04 00:26:00",234,8.074,2
45325,"2024-02-04 00:27:00",235,8.061,2
45325,"2024-02-04 00:28:00",236,8.048,2
45325,"2024-02-04 00:29:00",237,8.035,2
45325,"2024-02-04 00:30:00",238,8.022,2
45325,"2024-02-04 00:31:00",239,8.009,2
45325,"2024-02-04 00:32:00",240,7.996,2
45325,"2024-02-04 00:33:00",241,7.983,2
45325,"2024-02-04 00:34:00",242,7.970,2
45325,"2024-02-04 00:35:00",243,7.957,2
45325,"2024-02-04 00:36:00",244,7.944,2
45325,"2024-02-04 00:37:00",245,7.931,2
45325,"2024-02-04 00:38:00",246,7.918,2
45325,"2024-02-04 00:39:00",247,7.900,2
45325,"2024-02-04 00:40:00",248,7.995,2
45325,"2024-02-04 00:41:00",249,8.090,2
45325,"2024-02-04 00:42:00",250,8.185,2
45325,"2024-02-04 00:43:00",251,8.280,2
45325,"2024-02-04 00:44:00",252,8.375,2
45325,"2024-02-04 00:45:00",253,8.470,2
45325,"2024-02-04 00:46:00",254,8.565,2
45325,"2024-02-04 00:47:00",255,8.660,2
45325,"2024-02-04 00:48:00",256,8.755,2
45325,"2024-02-04 00:49:00",257,8.850,2
45325,"2024-02-04 00:50:00",258,8.945,2
45325,"2024-02-04 00:51:00",259,9.040,2
45325,"2024-02-04 00:52:00",260,9.135,2
45325,"2024-02-04 00:53:00",261,9.230,2
45325,"2024-02-04 00:54:00",262,9.325,2
45325,"2024-02-04 00:55:00",263,9.420,2
45325,"2024-02-04 00:56:00",264,9.515,2
45325,"2024-02-04 00:57:00",265,9.610,2
45325,"2024-02-04 00:58:00",266,9.705,2
45325,"2024-02-04 00:59:00",267,9.800,2
45325,"2024-02-04 01:00:00",268,9.895,2
45325,"2024-02-04 01:01:00",269,9.990,2
45325,"2024-02-04 01:02:00",270,10.085,2
45325,"2024-02-04 01:03:00",271,10.180,2
45325,"2024-02-04 01:04:00",272,10.275,2
45325,"2024-02-04 01:05:00",273,10.370,2
45325,"2024-02-04 01:06:00",274,10.465,2
45325,"2024-02-04 01:07:00",275,10.560,2
45325,"2024-02-04 01:08:00",276,10.655,2
45325,"2024-02-04 01:09:00",277,10.750,2
45325,"2024-02-04 01:10:00",278,10.845,2
45325,"2024-02-04 01:11:00",279,10.940,2
45325,"2024-02-04 01:12:00",280,11.035,2
45325,"2024-02-04 01:13:00",281,11.130,2
45325,"2024-02-04 01:14:00",282,11.225,2
45325,"2024-02-04 01:15:00",283,11.320,2
45325,"2024-02-04 01:16:00",284,11.415,2
45325,"2024-02-04 01:17:00",285,11.510,2
45325,"2024-02-04 01:18:00",286,11.605,2
45325,"2024-02-04 01:19:00",287,11.700,2
45325,"2024-02-04 01:20:00",288,11.795,2
45325,"2024-02-04 01:21:00",289,11.890,2
45325,"2024-02-04 01:22:00",290,11.985,2
45325,"2024-02-04 01:23:00",291,12.080,2
45325,"2024-02-04 01:24:00",292,12.175,2
45325,"2024-02-04 01:25:00",293,12.270,2
45325,"2024-02-04 01:26:00",294,12.365,2
45325,"2024-02-04 01:27:00",295,12.460,2
45325,"2024-02-04 01:28:00",296,12.555,2
45325,"2024-02-04 01:29:00",297,12.650,2
45325,"2024-02-04 01:30:00",298,12.745,2
45325,"2024-02-04 01:31:00",299,12.840,2
45325,"2024-02-04 01:32:00",300,12.935,2
45325,"2024-02-04 01:33:00",301,13.030,2
45325,"2024-02-04 01:34:00",302,13.125,2
45325,"2024-02-04 01:35:00",303,13.220,2
45325,"2024-02-04 01:36:00",304,13.315,2
45325,"2024-02-04 01:37:00",305,13.410,2
45325,"2024-02-04 01:38:00",306,13.505,2
45325,"2024-02-04 01:39:00",307,13.600,2
45325,"2024-02-04 01:40:00",308,13.695,2
45325,"2024-02-04 01:41:00",309,13.790,2
45325,"2024-02-04 01:42:00",310,13.885,2
45325,"2024-02-04 01:43:00",311,13.980,2
45325,"2024-02-04 01:44:00",312,14.075,2
45325,"2024-02-04 01:45:00",313,14.170,2
45325,"2024-02-04 01:46:00",314,14.265,2
45325,"2024-02-04 01:47:00",315,14.360,2
45325,"2024-02-04 01:48:00",316,14.455,2
45325,"2024-02-04 01:49:00",317,14.550,2
45325,"2024-02-04 01:50:00",318,14.645,2
45325,"2024-02-04 01:51:00",319,14.740,2
45325,"2024-02-04 01:52:00",320,14.835,2
45325,"2024-02-04 01:53:00",321,14.930,2
45325,"2024-02-04 01:54:00",322,15.000,2
45325,"2024-02-04 01:55:00",323,14.967,2
45325,"2024-02-04 01:56:00",324,14.934,2
45325,"2024-02-04 01:57:00",325,14.901,2
45325,"2024-02-04 01:58:00",326,14.868,2
45325,"2024-02-04 01:59:00",327,14.835,2
45325,"2024-02-04 02:00:00",328,14.802,2
45325,"2024-02-04 02:01:00",329,14.769,2
45325,"2024-02-04 02:02:00",330,14.736,2
45325,"2024-02-04 02:03:00",331,14.703,2
45325,"2024-02-04 02:04:00",332,14.670,2
45325,"2024-02-04 02:05:00",333,14.637,2
45325,"2024-02-04 02:06:00",334,14.604,2
45325,"2024-02-04 02:07:00",335,14.571,2
45325,"2024-02-04 02:08:00",336,14.538,2
45325,"2024-02-04 02:09:00",337,14.500,2
45325,"2024-02-04 02:10:00",338,14.613,2
45325,"2024-02-04 02:11:00",339,14.726,2
45325,"2024-02-04 02:12:00",340,14.839,2
45325,"2024-02-04 02:13:00",341,14.952,2
45325,"2024-02-04 02:14:00",342,15.065,2
45325,"2024-02-04 02:15:00",343,15.178,2
45325,"2024-02-04 02:16:00",344,15.291,2
45325,"2024-02-04 02:17:00",345,15.404,2
45325,"2024-02-04 02:18:00",346,15.517,2
45325,"2024-02-04 02:19:00",347,15.630,2
45325,"2024-02-04 02:20:00",348,15.743,2
45325,"2024-02-04 02:21:00",349,15.856,2
45325,"2024-02-04 02:22:00",350,15.969,2
45325,"2024-02-04 02:23:00",351,16.082,2
45325,"2024-02-04 02:24:00",352,16.200,2
45325,"2024-02-04 02:25:00",353,16.333,2
45325,"2024-02-04 02:26:00",354,16.466,2
45325,"2024-02-04 02:27:00",355,16.599,2
45325,"2024-02-04 02:28:00",356,16.732,2
45325,"2024-02-04 02:29:00",357,16.865,2
45325,"2024-02-04 02:30:00",358,16.998,2
45325,"2024-02-04 02:31:00",359,17.131,2
45325,"2024-02-04 02:32:00",360,17.264,2
45325,"2024-02-04 02:33:00",361,17.397,2
45325,"2024-02-04 02:34:00",362,17.530,2
45325,"2024-02-04 02:35:00",363,17.663,2
45325,"2024-02-04 02:36:00",364,17.796,2
45325,"2024-02-04 02:37:00",365,17.929,2
45325,"2024-02-04 02:38:00",366,18.062,2
45325,"2024-02-04 02:39:00",367,18.200,2
45325,"2024-02-04 02:40:00",368,18.200,2
45325,"2024-02-04 02:41:00",369,18.200,2
45325,"2024-02-04 02:42:00",370,18.200,2
45325,"2024-02-04 02:43:00",371,18.200,2
45325,"2024-02-04 02:44:00",372,18.200,2
45325,"2024-02-04 02:45:00",373,18.200,2
45325,"2024-02-04 02:46:00",374,18.200,2
45325,"2024-02-04 02:47:00",375,18.200,2
45325,"2024-02-04 02:48:00",376,18.200,2
45325,"2024-02-04 02:49:00",377,18.200,2
45325,"2024-02-04 02:50:00",378,18.200,2
45325,"2024-02-04 02:51:00",379,18.200,2
45325,"2024-02-04 02:52:00",380,18.200,2
45325,"2024-02-04 02:53:00",381,18.200,2
45325,"2024-02-04 02:54:00",382,18.200,2
45325,"2024-02-04 02:55:00",383,18.167,2
45325,"2024-02-04 02:56:00",384,18.134,2
45325,"2024-02-04 02:57:00",385,18.101,2
45325,"2024-02-04 02:58:00",386,18.068,2
45325,"2024-02-04 02:59:00",387,18.035,2
45325,"2024-02-04 03:00:00",388,18.002,2
45325,"2024-02-04 03:01:00",389,17.969,2
45325,"2024-02-04 03:02:00",390,17.936,2
45325,"2024-02-04 03:03:00",391,17.903,2
45325,"2024-02-04 03:04:00",392,17.870,2
45325,"2024-02-04 03:05:00",393,17.837,2
45325,"2024-02-04 03:06:00",394,17.804,2
45325,"2024-02-04 03:07:00",395,17.771,2
45325,"2024-02-04 03:08:00",396,17.738,2
45325,"2024-02-04 03:09:00",397,17.700,2
45325,"2024-02-04 03:10:00",398,17.653,2
45325,"2024-02-04 03:11:00",399,17.606,2
45325,"2024-02-04 03:12:00",400,17.559,2
45325,"2024-02-04 03:13:00",401,17.512,2
45325,"2024-02-04 03:14:00",402,17.465,2
45325,"2024-02-04 03:15:00",403,17.418,2
45325,"2024-02-04 03:16:00",404,17.371,2
45325,"2024-02-04 03:17:00",405,17.324,2
45325,"2024-02-04 03:18:00",406,17.277,2
45325,"2024-02-04 03:19:00",407,17.230,2
45325,"2024-02-04 03:20:00",408,17.183,2
45325,"2024-02-04 03:21:00",409,17.136,2
45325,"2024-02-04 03:22:00",410,17.089,2
45325,"2024-02-04 03:23:00",411,17.042,2
45325,"2024-02-04 03:24:00",412,17.000,2
45325,"2024-02-04 03:25:00",413,16.947,2
45325,"2024-02-04 03:26:00",414,16.894,2
45325,"2024-02-04 03:27:00",415,16.841,2
45325,"2024-02-04 03:28:00",416,16.788,2
45325,"2024-02-04 03:29:00",417,16.735,2
45325,"2024-02-04 03:30:00",418,16.682,2
45325,"2024-02-04 03:31:00",419,16.629,2
45325,"2024-02-04 03:32:00",420,16.576,2
45325,"2024-02-04 03:33:00",421,16.523,2
45325,"2024-02-04 03:34:00",422,16.470,2
45325,"2024-02-04 03:35:00",423,16.417,2
45325,"2024-02-04 03:36:00",424,16.364,2
45325,"2024-02-04 03:37:00",425,16.311,2
45325,"2024-02-04 03:38:00",426,16.258,2
45325,"2024-02-04 03:39:00",427,16.200,2
45325,"2024-02-04 03:40:00",428,16.220,2
45325,"2024-02-04 03:41:00",429,16.240,2
45325,"2024-02-04 03:42:00",430,16.260,2
45325,"2024-02-04 03:43:00",431,16.280,2
45325,"2024-02-04 03:44:00",432,16.300,2
45325,"2024-02-04 03:45:00",433,16.320,2
45325,"2024-02-04 03:46:00",434,16.340,2
45325,"2024-02-04 03:47:00",435,16.360,2
45325,"2024-02-04 03:48:00",436,16.380,2
45325,"2024-02-04 03:49:00",437,16.400,2
45325,"2024-02-04 03:50:00",438,16.420,2
45325,"2024-02-04 03:51:00",439,16.440,2
45325,"2024-02-04 03:52:00",440,16.460,2
45325,"2024-02-04 03:53:00",441,16.480,2
45325,"2024-02-04 03:54:00",442,16.500,2
45325,"2024-02-04 03:55:00",443,16.507,2
45325,"2024-02-04 03:56:00",444,16.514,2
45325,"2024-02-04 03:57:00",445,16.521,2
45325,"2024-02-04 03:58:00",446,16.528,2
45325,"2024-02-04 03:59:00",447,16.535,2
45325,"2024-02-04 04:00:00",448,16.542,2
45325,"2024-02-04 04:01:00",449,16.549,2
45325,"2024-02-04 04:02:00",450,16.556,2
45325,"2024-02-04 04:03:00",451,16.563,2
45325,"2024-02-04 04:04:00",452,16.570,2
45325,"2024-02-04 04:05:00",453,16.577,2
45325,"2024-02-04 04:06:00",454,16.584,2
45325,"2024-02-04 04:07:00",455,16.591,2
45325,"2024-02-04 04:08:00",456,16.598,2
45325,"2024-02-04 04:09:00",457,16.600,2
45325,"2024-02-04 04:10:00",458,16.540,2
45325,"2024-02-04 04:11:00",459,16.480,2
45325,"2024-02-04 04:12:00",460,16.420,2
45325,"2024-02-04 04:13:00",461,16.360,2
45325,"2024-02-04 04:14:00",462,16.300,2
45325,"2024-02-04 04:15:00",463,16.240,2
45325,"2024-02-04 04:16:00",464,16.180,2
45325,"2024-02-04 04:17:00",465,16.120,2
45325,"2024-02-04 04:18:00",466,16.060,2
45325,"2024-02-04 04:19:00",467,16.000,2
45325,"2024-02-04 04:20:00",468,15.940,2
45325,"2024-02-04 04:21:00",469,15.880,2
45325,"2024-02-04 04:22:00",470,15.820,2
45325,"2024-02-04 04:23:00",471,15.760,2
45325,"2024-02-04 04:24:00",472,15.700,2
45325,"2024-02-04 04:25:00",473,15.680,2
45325,"2024-02-04 04:26:00",474,15.660,2
45325,"2024-02-04 04:27:00",475,15.640,2
45325,"2024-02-04 04:28:00",476,15.620,2
45325,"2024-02-04 04:29:00",477,15.600,2
45325,"2024-02-04 04:30:00",478,15.580,2
45325,"2024-02-04 04:31:00",479,15.560,2
45327,"2024-02-05 19:30:00",0,6.180,2
45327,"2024-02-05 19:31:00",1,6.220,2
45327,"2024-02-05 19:32:00",2,6.260,2
45327,"2024-02-05 19:33:00",3,6.300,2
45327,"2024-02-05 19:34:00",4,6.340,2
45327,"2024-02-05 19:35:00",5,6.380,2
45327,"2024-02-05 19:36:00",6,6.420,2
45327,"2024-02-05 19:37:00",7,6.460,2
45327,"2024-02-05 19:38:00",8,6.500,2
45327,"2024-02-05 19:39:00",9,6.680,2
45327,"2024-02-05 19:40:00",10,6.860,2
45327,"2024-02-05 19:41:00",11,7.040,2
45327,"2024-02-05 19:42:00",12,7.220,2
45327,"2024-02-05 19:43:00",13,7.400,2
45327,"2024-02-05 19:44:00",14,7.580,2
45327,"2024-02-05 19:45:00",15,7.760,2
45327,"2024-02-05 19:46:00",16,7.940,2
45327,"2024-02-05 19:47:00",17,8.120,2
45327,"2024-02-05 19:48:00",18,8.300,2
45327,"2024-02-05 19:49:00",19,8.480,2
45327,"2024-02-05 19:50:00",20,8.660,2
45327,"2024-02-05 19:51:00",21,8.840,2
45327,"2024-02-05 19:52:00",22,9.020,2
45327,"2024-02-05 19:53:00",23,9.200,2
45327,"2024-02-05 19:54:00",24,9.413,2
45327,"2024-02-05 19:55:00",25,9.626,2
45327,"2024-02-05 19:56:00",26,9.839,2
45327,"2024-02-05 19:57:00",27,10.052,2
45327,"2024-02-05 19:58:00",28,10.265,2
45327,"2024-02-05 19:59:00",29,10.478,2
45327,"2024-02-05 20:00:00",30,10.691,2
45327,"2024-02-05 20:01:00",31,10.904,2
45327,"2024-02-05 20:02:00",32,11.117,2
45327,"2024-02-05 20:03:00",33,11.330,2
45327,"2024-02-05 20:04:00",34,11.543,2
45327,"2024-02-05 20:05:00",35,11.756,2
45327,"2024-02-05 20:06:00",36,11.969,2
45327,"2024-02-05 20:07:00",37,12.182,2
45327,"2024-02-05 20:08:00",38,12.400,2
45327,"2024-02-05 20:09:00",39,12.547,2
45327,"2024-02-05 20:10:00",40,12.694,2
45327,"2024-02-05 20:11:00",41,12.841,2
45327,"2024-02-05 20:12:00",42,12.988,2
45327,"2024-02-05 20:13:00",43,13.135,2
45327,"2024-02-05 20:14:00",44,13.282,2
45327,"2024-02-05 20:15:00",45,13.429,2
45327,"2024-02-05 20:16:00",46,13.576,2
45327,"2024-02-05 20:17:00",47,13.723,2
45327,"2024-02-05 20:18:00",48,13.870,2
45327,"2024-02-05 20:19:00",49,14.017,2
45327,"2024-02-05 20:20:00",50,14.164,2
45327,"2024-02-05 20:21:00",51,14.311,2
45327,"2024-02-05 20:22:00",52,14.458,2
45327,"2024-02-05 20:23:00",53,14.600,2
45327,"2024-02-05 20:24:00",54,14.667,2
45327,"2024-02-05 20:25:00",55,14.734,2
45327,"2024-02-05 20:26:00",56,14.801,2
45327,"2024-02-05 20:27:00",57,14.868,2
45327,"2024-02-05 20:28:00",58,14.935,2
45327,"2024-02-05 20:29:00",59,15.002,2
45327,"2024-02-05 20:30:00",60,15.069,2
45327,"2024-02-05 20:31:00",61,15.136,2
45327,"2024-02-05 20:32:00",62,15.203,2
45327,"2024-02-05 20:33:00",63,15.270,2
45327,"2024-02-05 20:34:00",64,15.337,2
45327,"2024-02-05 20:35:00",65,15.404,2
45327,"2024-02-05 20:36:00",66,15.471,2
45327,"2024-02-05 20:37:00",67,15.538,2
45327,"2024-02-05 20:38:00",68,15.600,2
45327,"2024-02-05 20:39:00",69,15.653,2
45327,"2024-02-05 20:40:00",70,15.706,2
45327,"2024-02-05 20:41:00",71,15.759,2
45327,"2024-02-05 20:42:00",72,15.812,2
45327,"2024-02-05 20:43:00",73,15.865,2
45327,"2024-02-05 20:44:00",74,15.918,2
45327,"2024-02-05 20:45:00",75,15.971,2
45327,"2024-02-05 20:46:00",76,16.024,2
45327,"2024-02-05 20:47:00",77,16.077,2
45327,"2024-02-05 20:48:00",78,16.130,2
45327,"2024-02-05 20:49:00",79,16.183,2
45327,"2024-02-05 20:50:00",80,16.236,2
45327,"2024-02-05 20:51:00",81,16.289,2
45327,"2024-02-05 20:52:00",82,16.342,2
45327,"2024-02-05 20:53:00",83,16.400,2
45327,"2024-02-05 20:54:00",84,16.456,2
45327,"2024-02-05 20:55:00",85,16.512,2
45327,"2024-02-05 20:56:00",86,16.568,2
45327,"2024-02-05 20:57:00",87,16.624,2
45327,"2024-02-05 20:58:00",88,16.680,2
45327,"2024-02-05 20:59:00",89,16.736,2
45327,"2024-02-05 21:00:00",90,16.792,2
45327,"2024-02-05 21:01:00",91,16.848,2
45327,"2024-02-05 21:02:00",92,16.904,2
45327,"2024-02-05 21:03:00",93,16.960,2
45327,"2024-02-05 21:04:00",94,17.016,2
45327,"2024-02-05 21:05:00",95,17.072,2
45327,"2024-02-05 21:06:00",96,17.128,2
45327,"2024-02-05 21:07:00",97,17.184,2
45327,"2024-02-05 21:08:00",98,17.240,2
45327,"2024-02-05 21:09:00",99,17.300,2
45327,"2024-02-05 21:10:00",100,17.327,2
45327,"2024-02-05 21:11:00",101,17.354,2
45327,"2024-02-05 21:12:00",102,17.381,2
45327,"2024-02-05 21:13:00",103,17.408,2
45327,"2024-02-05 21:14:00",104,17.435,2
45327,"2024-02-05 21:15:00",105,17.462,2
45327,"2024-02-05 21:16:00",106,17.489,2
45327,"2024-02-05 21:17:00",107,17.516,2
45327,"2024-02-05 21:18:00",108,17.543,2
45327,"2024-02-05 21:19:00",109,17.570,2
45327,"2024-02-05 21:20:00",110,17.597,2
45327,"2024-02-05 21:21:00",111,17.624,2
45327,"2024-02-05 21:22:00",112,17.651,2
45327,"2024-02-05 21:23:00",113,17.678,2
45327,"2024-02-05 21:24:00",114,17.700,2
45327,"2024-02-05 21:25:00",115,17.727,2
45327,"2024-02-05 21:26:00",116,17.754,2
45327,"2024-02-05 21:27:00",117,17.781,2
45327,"2024-02-05 21:28:00",118,17.808,2
45327,"2024-02-05 21:29:00",119,17.835,2
45327,"2024-02-05 21:30:00",120,17.862,2
45327,"2024-02-05 21:31:00",121,17.889,2
45327,"2024-02-05 21:32:00",122,17.916,2
45327,"2024-02-05 21:33:00",123,17.943,2
45327,"2024-02-05 21:34:00",124,17.970,2
45327,"2024-02-05 21:35:00",125,17.997,2
45327,"2024-02-05 21:36:00",126,18.024,2
45327,"2024-02-05 21:37:00",127,18.051,2
45327,"2024-02-05 21:38:00",128,18.078,2
45327,"2024-02-05 21:39:00",129,18.100,2
45327,"2024-02-05 21:40:00",130,18.147,2
45327,"2024-02-05 21:41:00",131,18.194,2
45327,"2024-02-05 21:42:00",132,18.241,2
45327,"2024-02-05 21:43:00",133,18.288,2
45327,"2024-02-05 21:44:00",134,18.335,2
45327,"2024-02-05 21:45:00",135,18.382,2
45327,"2024-02-05 21:46:00",136,18.429,2
45327,"2024-02-05 21:47:00",137,18.476,2
45327,"2024-02-05 21:48:00",138,18.523,2
45327,"2024-02-05 21:49:00",139,18.570,2
45327,"2024-02-05 21:50:00",140,18.617,2
45327,"2024-02-05 21:51:00",141,18.664,2
45327,"2024-02-05 21:52:00",142,18.711,2
45327,"2024-02-05 21:53:00",143,18.758,2
45327,"2024-02-05 21:54:00",144,18.800,2
45327,"2024-02-05 21:55:00",145,18.807,2
45327,"2024-02-05 21:56:00",146,18.814,2
45327,"2024-02-05 21:57:00",147,18.821,2
45327,"2024-02-05 21:58:00",148,18.828,2
45327,"2024-02-05 21:59:00",149,18.835,2
45327,"2024-02-05 22:00:00",150,18.842,2
45327,"2024-02-05 22:01:00",151,18.849,2
45327,"2024-02-05 22:02:00",152,18.856,2
45327,"2024-02-05 22:03:00",153,18.863,2
45327,"2024-02-05 22:04:00",154,18.870,2
45327,"2024-02-05 22:05:00",155,18.877,2
45327,"2024-02-05 22:06:00",156,18.884,2
45327,"2024-02-05 22:07:00",157,18.891,2
45327,"2024-02-05 22:08:00",158,18.898,2
45327,"2024-02-05 22:09:00",159,18.900,2
45327,"2024-02-05 22:10:00",160,18.700,2
45327,"2024-02-05 22:11:00",161,18.500,2
45327,"2024-02-05 22:12:00",162,18.300,2
45327,"2024-02-05 22:13:00",163,18.100,2
45327,"2024-02-05 22:14:00",164,17.900,2
45327,"2024-02-05 22:15:00",165,17.700,2
45327,"2024-02-05 22:16:00",166,17.500,2
45327,"2024-02-05 22:17:00",167,17.300,2
45327,"2024-02-05 22:18:00",168,17.100,2
45327,"2024-02-05 22:19:00",169,16.900,2
45327,"2024-02-05 22:20:00",170,16.700,2
45327,"2024-02-05 22:21:00",171,16.500,2
45327,"2024-02-05 22:22:00",172,16.300,2
45327,"2024-02-05 22:23:00",173,16.100,2
45327,"2024-02-05 22:24:00",174,15.900,2
45327,"2024-02-05 22:25:00",175,15.867,2
45327,"2024-02-05 22:26:00",176,15.834,2
45327,"2024-02-05 22:27:00",177,15.801,2
45327,"2024-02-05 22:28:00",178,15.768,2
45327,"2024-02-05 22:29:00",179,15.735,2
45327,"2024-02-05 22:30:00",180,15.702,2
45327,"2024-02-05 22:31:00",181,15.669,2
45327,"2024-02-05 22:32:00",182,15.636,2
45327,"2024-02-05 22:33:00",183,15.603,2
45327,"2024-02-05 22:34:00",184,15.570,2
45327,"2024-02-05 22:35:00",185,15.537,2
45327,"2024-02-05 22:36:00",186,15.504,2
45327,"2024-02-05 22:37:00",187,15.471,2
45327,"2024-02-05 22:38:00",188,15.438,2
45327,"2024-02-05 22:39:00",189,15.405,2
45327,"2024-02-05 22:40:00",190,15.372,2
45327,"2024-02-05 22:41:00",191,15.339,2
45327,"2024-02-05 22:42:00",192,15.306,2
45327,"2024-02-05 22:43:00",193,15.273,2
45327,"2024-02-05 22:44:00",194,15.240,2
45327,"2024-02-05 22:45:00",195,15.207,2
45327,"2024-02-05 22:46:00",196,15.174,2
45327,"2024-02-05 22:47:00",197,15.141,2
45327,"2024-02-05 22:48:00",198,15.108,2
45327,"2024-02-05 22:49:00",199,15.075,2
45327,"2024-02-05 22:50:00",200,15.042,2
45327,"2024-02-05 22:51:00",201,15.009,2
45327,"2024-02-05 22:52:00",202,14.976,2
45327,"2024-02-05 22:53:00",203,14.943,2
45327,"2024-02-05 22:54:00",204,14.900,2
45327,"2024-02-05 22:55:00",205,14.913,2
45327,"2024-02-05 22:56:00",206,14.926,2
45327,"2024-02-05 22:57:00",207,14.939,2
45327,"2024-02-05 22:58:00",208,14.952,2
45327,"2024-02-05 22:59:00",209,14.965,2
45327,"2024-02-05 23:00:00",210,14.978,2
45327,"2024-02-05 23:01:00",211,14.991,2
45327,"2024-02-05 23:02:00",212,15.004,2
45327,"2024-02-05 23:03:00",213,15.017,2
45327,"2024-02-05 23:04:00",214,15.030,2
45327,"2024-02-05 23:05:00",215,15.043,2
45327,"2024-02-05 23:06:00",216,15.056,2
45327,"2024-02-05 23:07:00",217,15.069,2
45327,"2024-02-05 23:08:00",218,15.082,2
45327,"2024-02-05 23:09:00",219,15.100,2
45327,"2024-02-05 23:10:00",220,14.987,2
45327,"2024-02-05 23:11:00",221,14.874,2
45327,"2024-02-05 23:12:00",222,14.761,2
45327,"2024-02-05 23:13:00",223,14.648,2
45327,"2024-02-05 23:14:00",224,14.535,2
45327,"2024-02-05 23:15:00",225,14.422,2
45327,"2024-02-05 23:16:00",226,14.309,2
45327,"2024-02-05 23:17:00",227,14.196,2
45327,"2024-02-05 23:18:00",228,14.083,2
45327,"2024-02-05 23:19:00",229,13.970,2
45327,"2024-02-05 23:20:00",230,13.857,2
45327,"2024-02-05 23:21:00",231,13.744,2
45327,"2024-02-05 23:22:00",232,13.631,2
45327,"2024-02-05 23:23:00",233,13.518,2
45327,"2024-02-05 23:24:00",234,13.400,2
45327,"2024-02-05 23:25:00",235,13.347,2
45327,"2024-02-05 23:26:00",236,13.294,2
45327,"2024-02-05 23:27:00",237,13.241,2
45327,"2024-02-05 23:28:00",238,13.188,2
45327,"2024-02-05 23:29:00",239,13.135,2
45327,"2024-02-05 23:30:00",240,13.082,2
45327,"2024-02-05 23:31:00",241,13.029,2
45327,"2024-02-05 23:32:00",242,12.976,2
45327,"2024-02-05 23:33:00",243,12.923,2
45327,"2024-02-05 23:34:00",244,12.870,2
45327,"2024-02-05 23:35:00",245,12.817,2
45327,"2024-02-05 23:36:00",246,12.764,2
45327,"2024-02-05 23:37:00",247,12.711,2
45327,"2024-02-05 23:38:00",248,12.658,2
45327,"2024-02-05 23:39:00",249,12.600,2
45327,"2024-02-05 23:40:00",250,12.540,2
45327,"2024-02-05 23:41:00",251,12.480,2
45327,"2024-02-05 23:42:00",252,12.420,2
45327,"2024-02-05 23:43:00",253,12.360,2
45327,"2024-02-05 23:44:00",254,12.300,2
45327,"2024-02-05 23:45:00",255,12.240,2
45327,"2024-02-05 23:46:00",256,12.180,2
45327,"2024-02-05 23:47:00",257,12.120,2
45327,"2024-02-05 23:48:00",258,12.060,2
45327,"2024-02-05 23:49:00",259,12.000,2
45327,"2024-02-05 23:50:00",260,11.940,2
45327,"2024-02-05 23:51:00",261,11.880,2
45327,"2024-02-05 23:52:00",262,11.820,2
45327,"2024-02-05 23:53:00",263,11.760,2
45327,"2024-02-05 23:54:00",264,11.700,2
45327,"2024-02-05 23:55:00",265,11.627,2
45327,"2024-02-05 23:56:00",266,11.554,2
45327,"2024-02-05 23:57:00",267,11.481,2
45327,"2024-02-05 23:58:00",268,11.408,2
45327,"2024-02-05 23:59:00",269,11.335,2
45327,"2024-02-06 00:00:00",270,11.262,2
45327,"2024-02-06 00:01:00",271,11.189,2
45327,"2024-02-06 00:02:00",272,11.116,2
45327,"2024-02-06 00:03:00",273,11.043,2
45327,"2024-02-06 00:04:00",274,10.970,2
45327,"2024-02-06 00:05:00",275,10.897,2
45327,"2024-02-06 00:06:00",276,10.824,2
45327,"2024-02-06 00:07:00",277,10.751,2
45327,"2024-02-06 00:08:00",278,10.678,2
45327,"2024-02-06 00:09:00",279,10.600,2
45327,"2024-02-06 00:10:00",280,10.533,2
45327,"2024-02-06 00:11:00",281,10.466,2
45327,"2024-02-06 00:12:00",282,10.399,2
45327,"2024-02-06 00:13:00",283,10.332,2
45327,"2024-02-06 00:14:00",284,10.265,2
45327,"2024-02-06 00:15:00",285,10.198,2
45327,"2024-02-06 00:16:00",286,10.131,2
45327,"2024-02-06 00:17:00",287,10.064,2
45327,"2024-02-06 00:18:00",288,9.997,2
45327,"2024-02-06 00:19:00",289,9.930,2
45327,"2024-02-06 00:20:00",290,9.863,2
45327,"2024-02-06 00:21:00",291,9.796,2
45327,"2024-02-06 00:22:00",292,9.729,2
45327,"2024-02-06 00:23:00",293,9.662,2
45327,"2024-02-06 00:24:00",294,9.600,2
45327,"2024-02-06 00:25:00",295,9.553,2
45327,"2024-02-06 00:26:00",296,9.506,2
45327,"2024-02-06 00:27:00",297,9.459,2
45327,"2024-02-06 00:28:00",298,9.412,2
45327,"2024-02-06 00:29:00",299,9.365,2
45327,"2024-02-06 00:30:00",300,9.318,2
45327,"2024-02-06 00:31:00",301,9.271,2
45327,"2024-02-06 00:32:00",302,9.224,2
45327,"2024-02-06 00:33:00",303,9.177,2
45327,"2024-02-06 00:34:00",304,9.130,2
45327,"2024-02-06 00:35:00",305,9.083,2
45327,"2024-02-06 00:36:00",306,9.036,2
45327,"2024-02-06 00:37:00",307,8.989,2
45327,"2024-02-06 00:38:00",308,8.942,2
45327,"2024-02-06 00:39:00",309,8.900,2
45327,"2024-02-06 00:40:00",310,8.893,2
45327,"2024-02-06 00:41:00",311,8.886,2
45327,"2024-02-06 00:42:00",312,8.879,2
45327,"2024-02-06 00:43:00",313,8.872,2
45327,"2024-02-06 00:44:00",314,8.865,2
45327,"2024-02-06 00:45:00",315,8.858,2
45327,"2024-02-06 00:46:00",316,8.851,2
45327,"2024-02-06 00:47:00",317,8.844,2
45327,"2024-02-06 00:48:00",318,8.837,2
45327,"2024-02-06 00:49:00",319,8.830,2
45327,"2024-02-06 00:50:00",320,8.823,2
45327,"2024-02-06 00:51:00",321,8.816,2
45327,"2024-02-06 00:52:00",322,8.809,2
45327,"2024-02-06 00:53:00",323,8.802,2
45327,"2024-02-06 00:54:00",324,8.800,2
45327,"2024-02-06 00:55:00",325,8.813,2
45327,"2024-02-06 00:56:00",326,8.826,2
45327,"2024-02-06 00:57:00",327,8.839,2
45327,"2024-02-06 00:58:00",328,8.852,2
45327,"2024-02-06 00:59:00",329,8.865,2
45327,"2024-02-06 01:00:00",330,8.878,2
45327,"2024-02-06 01:01:00",331,8.891,2
45327,"2024-02-06 01:02:00",332,8.904,2
45327,"2024-02-06 01:03:00",333,8.917,2
45327,"2024-02-06 01:04:00",334,8.930,2
45327,"2024-02-06 01:05:00",335,8.943,2
45327,"2024-02-06 01:06:00",336,8.956,2
45327,"2024-02-06 01:07:00",337,8.969,2
45327,"2024-02-06 01:08:00",338,8.982,2
45327,"2024-02-06 01:09:00",339,9.000,2
45327,"2024-02-06 01:10:00",340,8.987,2
45327,"2024-02-06 01:11:00",341,8.974,2
45327,"2024-02-06 01:12:00",342,8.961,2
45327,"2024-02-06 01:13:00",343,8.948,2
45327,"2024-02-06 01:14:00",344,8.935,2
45327,"2024-02-06 01:15:00",345,8.922,2
45327,"2024-02-06 01:16:00",346,8.909,2
45327,"2024-02-06 01:17:00",347,8.896,2
45327,"2024-02-06 01:18:00",348,8.883,2
45327,"2024-02-06 01:19:00",349,8.870,2
45327,"2024-02-06 01:20:00",350,8.857,2
45327,"2024-02-06 01:21:00",351,8.844,2
45327,"2024-02-06 01:22:00",352,8.831,2
45327,"2024-02-06 01:23:00",353,8.818,2
45327,"2024-02-06 01:24:00",354,8.800,2
45327,"2024-02-06 01:25:00",355,8.773,2
45327,"2024-02-06 01:26:00",356,8.746,2
45327,"2024-02-06 01:27:00",357,8.719,2
45327,"2024-02-06 01:28:00",358,8.692,2
45327,"2024-02-06 01:29:00",359,8.665,2
45327,"2024-02-06 01:30:00",360,8.638,2
45327,"2024-02-06 01:31:00",361,8.611,2
45327,"2024-02-06 01:32:00",362,8.584,2
45327,"2024-02-06 01:33:00",363,8.557,2
45327,"2024-02-06 01:34:00",364,8.530,2
45327,"2024-02-06 01:35:00",365,8.503,2
45327,"2024-02-06 01:36:00",366,8.476,2
45327,"2024-02-06 01:37:00",367,8.449,2
45327,"2024-02-06 01:38:00",368,8.422,2
45327,"2024-02-06 01:39:00",369,8.400,2
45327,"2024-02-06 01:40:00",370,8.373,2
45327,"2024-02-06 01:41:00",371,8.346,2
45327,"2024-02-06 01:42:00",372,8.319,2
45327,"2024-02-06 01:43:00",373,8.292,2
45327,"2024-02-06 01:44:00",374,8.265,2
45327,"2024-02-06 01:45:00",375,8.238,2
45327,"2024-02-06 01:46:00",376,8.211,2
45327,"2024-02-06 01:47:00",377,8.184,2
45327,"2024-02-06 01:48:00",378,8.157,2
45327,"2024-02-06 01:49:00",379,8.130,2
45327,"2024-02-06 01:50:00",380,8.103,2
45327,"2024-02-06 01:51:00",381,8.076,2
45327,"2024-02-06 01:52:00",382,8.049,2
45327,"2024-02-06 01:53:00",383,8.022,2
45327,"2024-02-06 01:54:00",384,8.000,2
45327,"2024-02-06 01:55:00",385,7.973,2
45327,"2024-02-06 01:56:00",386,7.946,2
45327,"2024-02-06 01:57:00",387,7.919,2
45327,"2024-02-06 01:58:00",388,7.892,2
45327,"2024-02-06 01:59:00",389,7.865,2
45327,"2024-02-06 02:00:00",390,7.838,2
45327,"2024-02-06 02:01:00",391,7.811,2
45327,"2024-02-06 02:02:00",392,7.784,2
45327,"2024-02-06 02:03:00",393,7.757,2
45327,"2024-02-06 02:04:00",394,7.730,2
45327,"2024-02-06 02:05:00",395,7.703,2
45327,"2024-02-06 02:06:00",396,7.676,2
45327,"2024-02-06 02:07:00",397,7.649,2
45327,"2024-02-06 02:08:00",398,7.622,2
45327,"2024-02-06 02:09:00",399,7.600,2
45327,"2024-02-06 02:10:00",400,7.580,2
45327,"2024-02-06 02:11:00",401,7.560,2
45327,"2024-02-06 02:12:00",402,7.540,2
45327,"2024-02-06 02:13:00",403,7.520,2
45327,"2024-02-06 02:14:00",404,7.500,2
45327,"2024-02-06 02:15:00",405,7.480,2
45327,"2024-02-06 02:16:00",406,7.460,2
45327,"2024-02-06 02:17:00",407,7.440,2
45327,"2024-02-06 02:18:00",408,7.420,2
45327,"2024-02-06 02:19:00",409,7.400,2
45327,"2024-02-06 02:20:00",410,7.380,2
45327,"2024-02-06 02:21:00",411,7.360,2
45327,"2024-02-06 02:22:00",412,7.340,2
45327,"2024-02-06 02:23:00",413,7.320,2
45327,"2024-02-06 02:24:00",414,7.300,2
45327,"2024-02-06 02:25:00",415,7.287,2
45327,"2024-02-06 02:26:00",416,7.274,2
45327,"2024-02-06 02:27:00",417,7.261,2
45327,"2024-02-06 02:28:00",418,7.248,2
45327,"2024-02-06 02:29:00",419,7.235,2
45327,"2024-02-06 02:30:00",420,7.222,2
45327,"2024-02-06 02:31:00",421,7.209,2
45327,"2024-02-06 02:32:00",422,7.196,2
45327,"2024-02-06 02:33:00",423,7.183,2
45327,"2024-02-06 02:34:00",424,7.170,2
45327,"2024-02-06 02:35:00",425,7.157,2
45327,"2024-02-06 02:36:00",426,7.144,2
45327,"2024-02-06 02:37:00",427,7.131,2
45327,"2024-02-06 02:38:00",428,7.118,2
45327,"2024-02-06 02:39:00",429,7.100,2
45327,"2024-02-06 02:40:00",430,7.080,2
45327,"2024-02-06 02:41:00",431,7.060,2
45327,"2024-02-06 02:42:00",432,7.040,2
45327,"2024-02-06 02:43:00",433,7.020,2
45327,"2024-02-06 02:44:00",434,7.000,2
45327,"2024-02-06 02:45:00",435,6.980,2
45327,"2024-02-06 02:46:00",436,6.960,2
45327,"2024-02-06 02:47:00",437,6.940,2
45327,"2024-02-06 02:48:00",438,6.920,2
45327,"2024-02-06 02:49:00",439,6.900,2
45327,"2024-02-06 02:50:00",440,6.880,2
45327,"2024-02-06 02:51:00",441,6.860,2
45327,"2024-02-06 02:52:00",442,6.840,2
45327,"2024-02-06 02:53:00",443,6.820,2
45327,"2024-02-06 02:54:00",444,6.800,2
45327,"2024-02-06 02:55:00",445,6.793,2
45327,"2024-02-06 02:56:00",446,6.786,2
45327,"2024-02-06 02:57:00",447,6.779,2
45327,"2024-02-06 02:58:00",448,6.772,2
45327,"2024-02-06 02:59:00",449,6.765,2
45327,"2024-02-06 03:00:00",450,6.758,2
45327,"2024-02-06 03:01:00",451,6.751,2
45327,"2024-02-06 03:02:00",452,6.744,2
45327,"2024-02-06 03:03:00",453,6.737,2
45327,"2024-02-06 03:04:00",454,6.730,2
45327,"2024-02-06 03:05:00",455,6.723,2
45327,"2024-02-06 03:06:00",456,6.716,2
45327,"2024-02-06 03:07:00",457,6.709,2
45327,"2024-02-06 03:08:00",458,6.702,2
45327,"2024-02-06 03:09:00",459,6.700,2
45327,"2024-02-06 03:10:00",460,6.700,2
45327,"2024-02-06 03:11:00",461,6.700,2
45327,"2024-02-06 03:12:00",462,6.700,2
45327,"2024-02-06 03:13:00",463,6.700,2
45327,"2024-02-06 03:14:00",464,6.700,2
45327,"2024-02-06 03:15:00",465,6.700,2
45327,"2024-02-06 03:16:00",466,6.700,2
45327,"2024-02-06 03:17:00",467,6.700,2
45327,"2024-02-06 03:18:00",468,6.700,2
45327,"2024-02-06 03:19:00",469,6.700,2
45327,"2024-02-06 03:20:00",470,6.700,2
45327,"2024-02-06 03:21:00",471,6.700,2
45327,"2024-02-06 03:22:00",472,6.700,2
45327,"2024-02-06 03:23:00",473,6.700,2
45327,"2024-02-06 03:24:00",474,6.700,2
45327,"2024-02-06 03:25:00",475,6.660,2
45327,"2024-02-06 03:26:00",476,6.620,2
45327,"2024-02-06 03:27:00",477,6.580,2
45327,"2024-02-06 03:28:00",478,6.540,2
45327,"2024-02-06 03:29:00",479,6.500,2
45331,"2024-02-09 19:49:00",0,4.609,2
45331,"2024-02-09 19:50:00",1,4.602,2
45331,"2024-02-09 19:51:00",2,4.600,2
45331,"2024-02-09 19:52:00",3,4.640,2
45331,"2024-02-09 19:53:00",4,4.680,2
45331,"2024-02-09 19:54:00",5,4.720,2
45331,"2024-02-09 19:55:00",6,4.760,2
45331,"2024-02-09 19:56:00",7,4.800,2
45331,"2024-02-09 19:57:00",8,4.840,2
45331,"2024-02-09 19:58:00",9,4.880,2
45331,"2024-02-09 19:59:00",10,4.920,2
45331,"2024-02-09 20:00:00",11,4.960,2
45331,"2024-02-09 20:01:00",12,5.000,2
45331,"2024-02-09 20:02:00",13,5.040,2
45331,"2024-02-09 20:03:00",14,5.080,2
45331,"2024-02-09 20:04:00",15,5.120,2
45331,"2024-02-09 20:05:00",16,5.160,2
45331,"2024-02-09 20:06:00",17,5.200,2
45331,"2024-02-09 20:07:00",18,5.367,2
45331,"2024-02-09 20:08:00",19,5.534,2
45331,"2024-02-09 20:09:00",20,5.701,2
45331,"2024-02-09 20:10:00",21,5.868,2
45331,"2024-02-09 20:11:00",22,6.035,2
45331,"2024-02-09 20:12:00",23,6.202,2
45331,"2024-02-09 20:13:00",24,6.369,2
45331,"2024-02-09 20:14:00",25,6.536,2
45331,"2024-02-09 20:15:00",26,6.703,2
45331,"2024-02-09 20:16:00",27,6.870,2
45331,"2024-02-09 20:17:00",28,7.037,2
45331,"2024-02-09 20:18:00",29,7.204,2
45331,"2024-02-09 20:19:00",30,7.371,2
45331,"2024-02-09 20:20:00",31,7.538,2
45331,"2024-02-09 20:21:00",32,7.700,2
45331,"2024-02-09 20:22:00",33,7.913,2
45331,"2024-02-09 20:23:00",34,8.126,2
45331,"2024-02-09 20:24:00",35,8.339,2
45331,"2024-02-09 20:25:00",36,8.552,2
45331,"2024-02-09 20:26:00",37,8.765,2
45331,"2024-02-09 20:27:00",38,8.978,2
45331,"2024-02-09 20:28:00",39,9.191,2
45331,"2024-02-09 20:29:00",40,9.404,2
45331,"2024-02-09 20:30:00",41,9.617,2
45331,"2024-02-09 20:31:00",42,9.830,2
45331,"2024-02-09 20:32:00",43,10.043,2
45331,"2024-02-09 20:33:00",44,10.256,2
45331,"2024-02-09 20:34:00",45,10.469,2
45331,"2024-02-09 20:35:00",46,10.682,2
45331,"2024-02-09 20:36:00",47,10.900,2
45331,"2024-02-09 20:37:00",48,10.907,2
45331,"2024-02-09 20:38:00",49,10.914,2
45331,"2024-02-09 20:39:00",50,10.921,2
45331,"2024-02-09 20:40:00",51,10.928,2
45331,"2024-02-09 20:41:00",52,10.935,2
45331,"2024-02-09 20:42:00",53,10.942,2
45331,"2024-02-09 20:43:00",54,10.949,2
45331,"2024-02-09 20:44:00",55,10.956,2
45331,"2024-02-09 20:45:00",56,10.963,2
45331,"2024-02-09 20:46:00",57,10.970,2
45331,"2024-02-09 20:47:00",58,10.977,2
45331,"2024-02-09 20:48:00",59,10.984,2
45331,"2024-02-09 20:49:00",60,10.991,2
45331,"2024-02-09 20:50:00",61,10.998,2
45331,"2024-02-09 20:51:00",62,11.005,2
45331,"2024-02-09 20:52:00",63,11.012,2
45331,"2024-02-09 20:53:00",64,11.019,2
45331,"2024-02-09 20:54:00",65,11.026,2
45331,"2024-02-09 20:55:00",66,11.033,2
45331,"2024-02-09 20:56:00",67,11.040,2
45331,"2024-02-09 20:57:00",68,11.047,2
45331,"2024-02-09 20:58:00",69,11.054,2
45331,"2024-02-09 20:59:00",70,11.061,2
45331,"2024-02-09 21:00:00",71,11.068,2
45331,"2024-02-09 21:01:00",72,11.075,2
45331,"2024-02-09 21:02:00",73,11.082,2
45331,"2024-02-09 21:03:00",74,11.089,2
45331,"2024-02-09 21:04:00",75,11.096,2
45331,"2024-02-09 21:05:00",76,11.103,2
45331,"2024-02-09 21:06:00",77,11.110,2
45331,"2024-02-09 21:07:00",78,11.117,2
45331,"2024-02-09 21:08:00",79,11.124,2
45331,"2024-02-09 21:09:00",80,11.131,2
45331,"2024-02-09 21:10:00",81,11.138,2
45331,"2024-02-09 21:11:00",82,11.145,2
45331,"2024-02-09 21:12:00",83,11.152,2
45331,"2024-02-09 21:13:00",84,11.159,2
45331,"2024-02-09 21:14:00",85,11.166,2
45331,"2024-02-09 21:15:00",86,11.173,2
45331,"2024-02-09 21:16:00",87,11.180,2
45331,"2024-02-09 21:17:00",88,11.187,2
45331,"2024-02-09 21:18:00",89,11.194,2
45331,"2024-02-09 21:19:00",90,11.201,2
45331,"2024-02-09 21:20:00",91,11.208,2
45331,"2024-02-09 21:21:00",92,11.215,2
45331,"2024-02-09 21:22:00",93,11.222,2
45331,"2024-02-09 21:23:00",94,11.229,2
45331,"2024-02-09 21:24:00",95,11.236,2
45331,"2024-02-09 21:25:00",96,11.243,2
45331,"2024-02-09 21:26:00",97,11.250,2
45331,"2024-02-09 21:27:00",98,11.257,2
45331,"2024-02-09 21:28:00",99,11.264,2
45331,"2024-02-09 21:29:00",100,11.271,2
45331,"2024-02-09 21:30:00",101,11.278,2
45331,"2024-02-09 21:31:00",102,11.285,2
45331,"2024-02-09 21:32:00",103,11.292,2
45331,"2024-02-09 21:33:00",104,11.299,2
45331,"2024-02-09 21:34:00",105,11.306,2
45331,"2024-02-09 21:35:00",106,11.313,2
45331,"2024-02-09 21:36:00",107,11.320,2
45331,"2024-02-09 21:37:00",108,11.327,2
45331,"2024-02-09 21:38:00",109,11.334,2
45331,"2024-02-09 21:39:00",110,11.341,2
45331,"2024-02-09 21:40:00",111,11.348,2
45331,"2024-02-09 21:41:00",112,11.355,2
45331,"2024-02-09 21:42:00",113,11.362,2
45331,"2024-02-09 21:43:00",114,11.369,2
45331,"2024-02-09 21:44:00",115,11.376,2
45331,"2024-02-09 21:45:00",116,11.383,2
45331,"2024-02-09 21:46:00",117,11.390,2
45331,"2024-02-09 21:47:00",118,11.397,2
45331,"2024-02-09 21:48:00",119,11.404,2
45331,"2024-02-09 21:49:00",120,11.411,2
45331,"2024-02-09 21:50:00",121,11.418,2
45331,"2024-02-09 21:51:00",122,11.425,2
45331,"2024-02-09 21:52:00",123,11.432,2
45331,"2024-02-09 21:53:00",124,11.439,2
45331,"2024-02-09 21:54:00",125,11.446,2
45331,"2024-02-09 21:55:00",126,11.453,2
45331,"2024-02-09 21:56:00",127,11.460,2
45331,"2024-02-09 21:57:00",128,11.467,2
45331,"2024-02-09 21:58:00",129,11.474,2
45331,"2024-02-09 21:59:00",130,11.481,2
45331,"2024-02-09 22:00:00",131,11.488,2
45331,"2024-02-09 22:01:00",132,11.495,2
45331,"2024-02-09 22:02:00",133,11.502,2
45331,"2024-02-09 22:03:00",134,11.509,2
45331,"2024-02-09 22:04:00",135,11.516,2
45331,"2024-02-09 22:05:00",136,11.523,2
45331,"2024-02-09 22:06:00",137,11.530,2
45331,"2024-02-09 22:07:00",138,11.537,2
45331,"2024-02-09 22:08:00",139,11.544,2
45331,"2024-02-09 22:09:00",140,11.551,2
45331,"2024-02-09 22:10:00",141,11.558,2
45331,"2024-02-09 22:11:00",142,11.565,2
45331,"2024-02-09 22:12:00",143,11.572,2
45331,"2024-02-09 22:13:00",144,11.579,2
45331,"2024-02-09 22:14:00",145,11.586,2
45331,"2024-02-09 22:15:00",146,11.593,2
45331,"2024-02-09 22:16:00",147,11.600,2
45331,"2024-02-09 22:17:00",148,11.607,2
45331,"2024-02-09 22:18:00",149,11.614,2
45331,"2024-02-09 22:19:00",150,11.621,2
45331,"2024-02-09 22:20:00",151,11.628,2
45331,"2024-02-09 22:21:00",152,11.635,2
45331,"2024-02-09 22:22:00",153,11.642,2
45331,"2024-02-09 22:23:00",154,11.649,2
45331,"2024-02-09 22:24:00",155,11.656,2
45331,"2024-02-09 22:25:00",156,11.663,2
45331,"2024-02-09 22:26:00",157,11.670,2
45331,"2024-02-09 22:27:00",158,11.677,2
45331,"2024-02-09 22:28:00",159,11.684,2
45331,"2024-02-09 22:29:00",160,11.691,2
45331,"2024-02-09 22:30:00",161,11.698,2
45331,"2024-02-09 22:31:00",162,11.705,2
45331,"2024-02-09 22:32:00",163,11.712,2
45331,"2024-02-09 22:33:00",164,11.719,2
45331,"2024-02-09 22:34:00",165,11.726,2
45331,"2024-02-09 22:35:00",166,11.733,2
45331,"2024-02-09 22:36:00",167,11.740,2
45331,"2024-02-09 22:37:00",168,11.747,2
45331,"2024-02-09 22:38:00",169,11.754,2
45331,"2024-02-09 22:39:00",170,11.761,2
45331,"2024-02-09 22:40:00",171,11.768,2
45331,"2024-02-09 22:41:00",172,11.775,2
45331,"2024-02-09 22:42:00",173,11.782,2
45331,"2024-02-09 22:43:00",174,11.789,2
45331,"2024-02-09 22:44:00",175,11.796,2
45331,"2024-02-09 22:45:00",176,11.803,2
45331,"2024-02-09 22:46:00",177,11.810,2
45331,"2024-02-09 22:47:00",178,11.817,2
45331,"2024-02-09 22:48:00",179,11.824,2
45331,"2024-02-09 22:49:00",180,11.831,2
45331,"2024-02-09 22:50:00",181,11.838,2
45331,"2024-02-09 22:51:00",182,11.845,2
45331,"2024-02-09 22:52:00",183,11.852,2
45331,"2024-02-09 22:53:00",184,11.859,2
45331,"2024-02-09 22:54:00",185,11.866,2
45331,"2024-02-09 22:55:00",186,11.873,2
45331,"2024-02-09 22:56:00",187,11.880,2
45331,"2024-02-09 22:57:00",188,11.887,2
45331,"2024-02-09 22:58:00",189,11.894,2
45331,"2024-02-09 22:59:00",190,11.901,2
45331,"2024-02-09 23:00:00",191,11.908,2
45331,"2024-02-09 23:01:00",192,11.915,2
45331,"2024-02-09 23:02:00",193,11.922,2
45331,"2024-02-09 23:03:00",194,11.929,2
45331,"2024-02-09 23:04:00",195,11.936,2
45331,"2024-02-09 23:05:00",196,11.943,2
45331,"2024-02-09 23:06:00",197,11.950,2
45331,"2024-02-09 23:07:00",198,11.957,2
45331,"2024-02-09 23:08:00",199,11.964,2
45331,"2024-02-09 23:09:00",200,11.971,2
45331,"2024-02-09 23:10:00",201,11.978,2
45331,"2024-02-09 23:11:00",202,11.985,2
45331,"2024-02-09 23:12:00",203,11.992,2
45331,"2024-02-09 23:13:00",204,11.999,2
45331,"2024-02-09 23:14:00",205,12.006,2
45331,"2024-02-09 23:15:00",206,12.013,2
45331,"2024-02-09 23:16:00",207,12.020,2
45331,"2024-02-09 23:17:00",208,12.027,2
45331,"2024-02-09 23:18:00",209,12.034,2
45331,"2024-02-09 23:19:00",210,12.041,2
45331,"2024-02-09 23:20:00",211,12.048,2
45331,"2024-02-09 23:21:00",212,12.055,2
45331,"2024-02-09 23:22:00",213,12.062,2
45331,"2024-02-09 23:23:00",214,12.069,2
45331,"2024-02-09 23:24:00",215,12.076,2
45331,"2024-02-09 23:25:00",216,12.083,2
45331,"2024-02-09 23:26:00",217,12.090,2
45331,"2024-02-09 23:27:00",218,12.097,2
45331,"2024-02-09 23:28:00",219,12.104,2
45331,"2024-02-09 23:29:00",220,12.111,2
45331,"2024-02-09 23:30:00",221,12.118,2
45331,"2024-02-09 23:31:00",222,12.125,2
45331,"2024-02-09 23:32:00",223,12.132,2
45331,"2024-02-09 23:33:00",224,12.139,2
45331,"2024-02-09 23:34:00",225,12.146,2
45331,"2024-02-09 23:35:00",226,12.153,2
45331,"2024-02-09 23:36:00",227,12.160,2
45331,"2024-02-09 23:37:00",228,12.167,2
45331,"2024-02-09 23:38:00",229,12.174,2
45331,"2024-02-09 23:39:00",230,12.181,2
45331,"2024-02-09 23:40:00",231,12.188,2
45331,"2024-02-09 23:41:00",232,12.195,2
45331,"2024-02-09 23:42:00",233,12.202,2
45331,"2024-02-09 23:43:00",234,12.209,2
45331,"2024-02-09 23:44:00",235,12.216,2
45331,"2024-02-09 23:45:00",236,12.223,2
45331,"2024-02-09 23:46:00",237,12.230,2
45331,"2024-02-09 23:47:00",238,12.237,2
45331,"2024-02-09 23:48:00",239,12.244,2
45331,"2024-02-09 23:49:00",240,12.251,2
45331,"2024-02-09 23:50:00",241,12.258,2
45331,"2024-02-09 23:51:00",242,12.300,2
45331,"2024-02-09 23:52:00",243,12.267,2
45331,"2024-02-09 23:53:00",244,12.234,2
45331,"2024-02-09 23:54:00",245,12.201,2
45331,"2024-02-09 23:55:00",246,12.168,2
45331,"2024-02-09 23:56:00",247,12.135,2
45331,"2024-02-09 23:57:00",248,12.102,2
45331,"2024-02-09 23:58:00",249,12.069,2
45331,"2024-02-09 23:59:00",250,12.036,2
45331,"2024-02-10 00:00:00",251,12.003,2
45331,"2024-02-10 00:01:00",252,11.970,2
45331,"2024-02-10 00:02:00",253,11.937,2
45331,"2024-02-10 00:03:00",254,11.904,2
45331,"2024-02-10 00:04:00",255,11.871,2
45331,"2024-02-10 00:05:00",256,11.838,2
45331,"2024-02-10 00:06:00",257,11.800,2
45331,"2024-02-10 00:07:00",258,11.780,2
45331,"2024-02-10 00:08:00",259,11.760,2
45331,"2024-02-10 00:09:00",260,11.740,2
45331,"2024-02-10 00:10:00",261,11.720,2
45331,"2024-02-10 00:11:00",262,11.700,2
45331,"2024-02-10 00:12:00",263,11.680,2
45331,"2024-02-10 00:13:00",264,11.660,2
45331,"2024-02-10 00:14:00",265,11.640,2
45331,"2024-02-10 00:15:00",266,11.620,2
45331,"2024-02-10 00:16:00",267,11.600,2
45331,"2024-02-10 00:17:00",268,11.580,2
45331,"2024-02-10 00:18:00",269,11.560,2
45331,"2024-02-10 00:19:00",270,11.540,2
45331,"2024-02-10 00:20:00",271,11.520,2
45331,"2024-02-10 00:21:00",272,11.500,2
45331,"2024-02-10 00:22:00",273,11.513,2
45331,"2024-02-10 00:23:00",274,11.526,2
45331,"2024-02-10 00:24:00",275,11.539,2
45331,"2024-02-10 00:25:00",276,11.552,2
45331,"2024-02-10 00:26:00",277,11.565,2
45331,"2024-02-10 00:27:00",278,11.578,2
45331,"2024-02-10 00:28:00",279,11.591,2
45331,"2024-02-10 00:29:00",280,11.604,2
45331,"2024-02-10 00:30:00",281,11.617,2
45331,"2024-02-10 00:31:00",282,11.630,2
45331,"2024-02-10 00:32:00",283,11.643,2
45331,"2024-02-10 00:33:00",284,11.656,2
45331,"2024-02-10 00:34:00",285,11.669,2
45331,"2024-02-10 00:35:00",286,11.682,2
45331,"2024-02-10 00:36:00",287,11.700,2
45331,"2024-02-10 00:37:00",288,11.720,2
45331,"2024-02-10 00:38:00",289,11.740,2
45331,"2024-02-10 00:39:00",290,11.760,2
45331,"2024-02-10 00:40:00",291,11.780,2
45331,"2024-02-10 00:41:00",292,11.800,2
45331,"2024-02-10 00:42:00",293,11.820,2
45331,"2024-02-10 00:43:00",294,11.840,2
45331,"2024-02-10 00:44:00",295,11.860,2
45331,"2024-02-10 00:45:00",296,11.880,2
45331,"2024-02-10 00:46:00",297,11.900,2
45331,"2024-02-10 00:47:00",298,11.920,2
45331,"2024-02-10 00:48:00",299,11.940,2
45331,"2024-02-10 00:49:00",300,11.960,2
45331,"2024-02-10 00:50:00",301,11.980,2
45331,"2024-02-10 00:51:00",302,12.000,2
45331,"2024-02-10 00:52:00",303,11.987,2
45331,"2024-02-10 00:53:00",304,11.974,2
45331,"2024-02-10 00:54:00",305,11.961,2
45331,"2024-02-10 00:55:00",306,11.948,2
45331,"2024-02-10 00:56:00",307,11.935,2
45331,"2024-02-10 00:57:00",308,11.922,2
45331,"2024-02-10 00:58:00",309,11.909,2
45331,"2024-02-10 00:59:00",310,11.896,2
45331,"2024-02-10 01:00:00",311,11.883,2
45331,"2024-02-10 01:01:00",312,11.870,2
45331,"2024-02-10 01:02:00",313,11.857,2
45331,"2024-02-10 01:03:00",314,11.844,2
45331,"2024-02-10 01:04:00",315,11.831,2
45331,"2024-02-10 01:05:00",316,11.818,2
45331,"2024-02-10 01:06:00",317,11.800,2
45331,"2024-02-10 01:07:00",318,11.800,2
45331,"2024-02-10 01:08:00",319,11.800,2
45331,"2024-02-10 01:09:00",320,11.800,2
45331,"2024-02-10 01:10:00",321,11.800,2
45331,"2024-02-10 01:11:00",322,11.800,2
45331,"2024-02-10 01:12:00",323,11.800,2
45331,"2024-02-10 01:13:00",324,11.800,2
45331,"2024-02-10 01:14:00",325,11.800,2
45331,"2024-02-10 01:15:00",326,11.800,2
45331,"2024-02-10 01:16:00",327,11.800,2
45331,"2024-02-10 01:17:00",328,11.800,2
45331,"2024-02-10 01:18:00",329,11.800,2
45331,"2024-02-10 01:19:00",330,11.800,2
45331,"2024-02-10 01:20:00",331,11.800,2
45331,"2024-02-10 01:21:00",332,11.800,2
45331,"2024-02-10 01:22:00",333,11.867,2
45331,"2024-02-10 01:23:00",334,11.934,2
45331,"2024-02-10 01:24:00",335,12.001,2
45331,"2024-02-10 01:25:00",336,12.068,2
45331,"2024-02-10 01:26:00",337,12.135,2
45331,"2024-02-10 01:27:00",338,12.202,2
45331,"2024-02-10 01:28:00",339,12.269,2
45331,"2024-02-10 01:29:00",340,12.336,2
45331,"2024-02-10 01:30:00",341,12.403,2
45331,"2024-02-10 01:31:00",342,12.470,2
45331,"2024-02-10 01:32:00",343,12.537,2
45331,"2024-02-10 01:33:00",344,12.604,2
45331,"2024-02-10 01:34:00",345,12.671,2
45331,"2024-02-10 01:35:00",346,12.738,2
45331,"2024-02-10 01:36:00",347,12.800,2
45331,"2024-02-10 01:37:00",348,12.840,2
45331,"2024-02-10 01:38:00",349,12.880,2
45331,"2024-02-10 01:39:00",350,12.920,2
45331,"2024-02-10 01:40:00",351,12.960,2
45331,"2024-02-10 01:41:00",352,13.000,2
45331,"2024-02-10 01:42:00",353,13.040,2
45331,"2024-02-10 01:43:00",354,13.080,2
45331,"2024-02-10 01:44:00",355,13.120,2
45331,"2024-02-10 01:45:00",356,13.160,2
45331,"2024-02-10 01:46:00",357,13.200,2
45331,"2024-02-10 01:47:00",358,13.240,2
45331,"2024-02-10 01:48:00",359,13.280,2
45331,"2024-02-10 01:49:00",360,13.320,2
45331,"2024-02-10 01:50:00",361,13.360,2
45331,"2024-02-10 01:51:00",362,13.400,2
45331,"2024-02-10 01:52:00",363,13.373,2
45331,"2024-02-10 01:53:00",364,13.346,2
45331,"2024-02-10 01:54:00",365,13.319,2
45331,"2024-02-10 01:55:00",366,13.292,2
45331,"2024-02-10 01:56:00",367,13.265,2
45331,"2024-02-10 01:57:00",368,13.238,2
45331,"2024-02-10 01:58:00",369,13.211,2
45331,"2024-02-10 01:59:00",370,13.184,2
45331,"2024-02-10 02:00:00",371,13.157,2
45331,"2024-02-10 02:01:00",372,13.130,2
45331,"2024-02-10 02:02:00",373,13.103,2
45331,"2024-02-10 02:03:00",374,13.076,2
45331,"2024-02-10 02:04:00",375,13.049,2
45331,"2024-02-10 02:05:00",376,13.022,2
45331,"2024-02-10 02:06:00",377,13.000,2
45331,"2024-02-10 02:07:00",378,12.980,2
45331,"2024-02-10 02:08:00",379,12.960,2
45331,"2024-02-10 02:09:00",380,12.940,2
45331,"2024-02-10 02:10:00",381,12.920,2
45331,"2024-02-10 02:11:00",382,12.900,2
45331,"2024-02-10 02:12:00",383,12.880,2
45331,"2024-02-10 02:13:00",384,12.860,2
45331,"2024-02-10 02:14:00",385,12.840,2
45331,"2024-02-10 02:15:00",386,12.820,2
45331,"2024-02-10 02:16:00",387,12.800,2
45331,"2024-02-10 02:17:00",388,12.780,2
45331,"2024-02-10 02:18:00",389,12.760,2
45331,"2024-02-10 02:19:00",390,12.740,2
45331,"2024-02-10 02:20:00",391,12.720,2
45331,"2024-02-10 02:21:00",392,12.700,2
45331,"2024-02-10 02:22:00",393,12.693,2
45331,"2024-02-10 02:23:00",394,12.686,2
45331,"2024-02-10 02:24:00",395,12.679,2
45331,"2024-02-10 02:25:00",396,12.672,2
45331,"2024-02-10 02:26:00",397,12.665,2
45331,"2024-02-10 02:27:00",398,12.658,2
45331,"2024-02-10 02:28:00",399,12.651,2
45331,"2024-02-10 02:29:00",400,12.644,2
45331,"2024-02-10 02:30:00",401,12.637,2
45331,"2024-02-10 02:31:00",402,12.630,2
45331,"2024-02-10 02:32:00",403,12.623,2
45331,"2024-02-10 02:33:00",404,12.616,2
45331,"2024-02-10 02:34:00",405,12.609,2
45331,"2024-02-10 02:35:00",406,12.602,2
45331,"2024-02-10 02:36:00",407,12.600,2
45331,"2024-02-10 02:37:00",408,12.593,2
45331,"2024-02-10 02:38:00",409,12.586,2
45331,"2024-02-10 02:39:00",410,12.579,2
45331,"2024-02-10 02:40:00",411,12.572,2
45331,"2024-02-10 02:41:00",412,12.565,2
45331,"2024-02-10 02:42:00",413,12.558,2
45331,"2024-02-10 02:43:00",414,12.551,2
45331,"2024-02-10 02:44:00",415,12.544,2
45331,"2024-02-10 02:45:00",416,12.537,2
45331,"2024-02-10 02:46:00",417,12.530,2
45331,"2024-02-10 02:47:00",418,12.523,2
45331,"2024-02-10 02:48:00",419,12.516,2
45331,"2024-02-10 02:49:00",420,12.509,2
45331,"2024-02-10 02:50:00",421,12.502,2
45331,"2024-02-10 02:51:00",422,12.500,2
45331,"2024-02-10 02:52:00",423,12.493,2
45331,"2024-02-10 02:53:00",424,12.486,2
45331,"2024-02-10 02:54:00",425,12.479,2
45331,"2024-02-10 02:55:00",426,12.472,2
45331,"2024-02-10 02:56:00",427,12.465,2
45331,"2024-02-10 02:57:00",428,12.458,2
45331,"2024-02-10 02:58:00",429,12.451,2
45331,"2024-02-10 02:59:00",430,12.444,2
45331,"2024-02-10 03:00:00",431,12.437,2
45331,"2024-02-10 03:01:00",432,12.430,2
45331,"2024-02-10 03:02:00",433,12.423,2
45331,"2024-02-10 03:03:00",434,12.416,2
45331,"2024-02-10 03:04:00",435,12.409,2
45331,"2024-02-10 03:05:00",436,12.402,2
45331,"2024-02-10 03:06:00",437,12.400,2
45331,"2024-02-10 03:07:00",438,12.387,2
45331,"2024-02-10 03:08:00",439,12.374,2
45331,"2024-02-10 03:09:00",440,12.361,2
45331,"2024-02-10 03:10:00",441,12.348,2
45331,"2024-02-10 03:11:00",442,12.335,2
45331,"2024-02-10 03:12:00",443,12.322,2
45331,"2024-02-10 03:13:00",444,12.309,2
45331,"2024-02-10 03:14:00",445,12.296,2
45331,"2024-02-10 03:15:00",446,12.283,2
45331,"2024-02-10 03:16:00",447,12.270,2
45331,"2024-02-10 03:17:00",448,12.257,2
45331,"2024-02-10 03:18:00",449,12.244,2
45331,"2024-02-10 03:19:00",450,12.231,2
45331,"2024-02-10 03:20:00",451,12.218,2
45331,"2024-02-10 03:21:00",452,12.200,2
45331,"2024-02-10 03:22:00",453,12.193,2
45331,"2024-02-10 03:23:00",454,12.186,2
45331,"2024-02-10 03:24:00",455,12.179,2
45331,"2024-02-10 03:25:00",456,12.172,2
45331,"2024-02-10 03:26:00",457,12.165,2
45331,"2024-02-10 03:27:00",458,12.158,2
45331,"2024-02-10 03:28:00",459,12.151,2
45331,"2024-02-10 03:29:00",460,12.144,2
45331,"2024-02-10 03:30:00",461,12.137,2
45331,"2024-02-10 03:31:00",462,12.130,2
45331,"2024-02-10 03:32:00",463,12.123,2
45331,"2024-02-10 03:33:00",464,12.116,2
45331,"2024-02-10 03:34:00",465,12.109,2
45331,"2024-02-10 03:35:00",466,12.102,2
45331,"2024-02-10 03:36:00",467,12.100,2
45331,"2024-02-10 03:37:00",468,12.133,2
45331,"2024-02-10 03:38:00",469,12.166,2
45331,"2024-02-10 03:39:00",470,12.199,2
45331,"2024-02-10 03:40:00",471,12.232,2
45331,"2024-02-10 03:41:00",472,12.265,2
45331,"2024-02-10 03:42:00",473,12.298,2
45331,"2024-02-10 03:43:00",474,12.331,2
45331,"2024-02-10 03:44:00",475,12.364,2
45331,"2024-02-10 03:45:00",476,12.397,2
45331,"2024-02-10 03:46:00",477,12.430,2
45331,"2024-02-10 03:47:00",478,12.463,2
45331,"2024-02-10 03:48:00",479,12.496,2
